# This file uses centimeters as units for non-parametric coordinates.

mtllib duck_mdl.mtl
g default
v -29.643601 68.296202 24.072295
v -33.000201 68.317004 24.319594
v -35.435101 68.254300 22.262295
v -30.663899 68.927302 22.419894
v -29.440999 68.818500 24.987195
v -30.977401 68.416401 25.687993
v -36.533099 68.591501 18.638995
v -36.172399 68.266304 18.259195
v -37.665001 66.735001 19.298195
v -30.439201 66.458203 25.769995
v -39.748001 68.302501 15.143994
v -39.503500 68.232102 16.995595
v -41.245699 66.504700 15.628695
v -44.648001 68.278701 7.623595
v -43.561801 67.632199 11.868895
v -43.937299 68.539102 11.597495
v -42.659700 69.472302 12.038195
v -43.213299 66.948200 12.282995
v -42.708099 67.598803 13.095795
v -49.097601 65.494800 2.339695
v -46.652400 64.610399 10.264395
v -37.272799 72.952301 14.237695
v -38.150799 75.167603 11.465894
v -46.570900 73.922598 -8.155906
v -46.546301 70.225101 -6.279305
v -44.628200 67.951799 11.812995
v -44.262600 67.686100 12.834295
v -46.229100 68.297399 14.375795
v -46.273699 69.147701 13.644695
v -44.297200 69.947202 14.289895
v -24.114600 51.653805 36.373096
v -26.869300 43.681604 38.511696
v -25.935200 43.195802 39.058408
v -23.547401 46.001604 38.835623
v -32.723701 55.229201 31.972696
v -34.156501 46.055603 34.222698
v -15.315400 47.355604 39.403396
v -12.820500 57.682803 36.617495
v -23.454501 44.429103 39.066431
v -20.607799 44.085202 39.409187
v -20.375100 40.403804 40.272283
v -13.218699 38.721502 41.636896
v -23.697400 42.313403 39.531478
v -25.383800 39.506903 39.275154
v -25.916100 35.899502 39.017797
v -23.282400 38.700604 39.827806
v -20.477200 33.669704 40.830496
v -32.988200 34.922504 36.064196
v -29.684001 23.582703 36.949299
v -24.436300 25.817803 39.552597
v -19.982700 25.288302 41.035397
v -23.429000 63.536506 61.322398
v -14.181601 63.524704 67.127098
v -16.137800 62.221306 72.750695
v -29.143199 61.510604 65.865196
v -35.759100 62.728904 53.549398
v -26.037800 65.142105 50.602997
v -12.086800 66.923306 50.231195
v -12.036100 30.076802 43.151996
v -11.125500 24.152503 43.226699
v -47.673899 72.024999 -31.012305
v -46.525601 69.635896 -30.684706
v -49.838001 65.362196 -14.129305
v 23.724499 69.801303 25.414095
v 24.487300 69.087704 28.041295
v 18.664600 69.606902 30.034194
v 18.125600 70.029601 28.188095
v 18.682300 69.988700 27.673495
v 24.660400 69.417800 25.398196
v 27.548501 68.695404 26.846594
v 25.123399 69.265099 25.330696
v 20.067801 68.716105 28.133494
v 30.901799 68.586500 24.988795
v 29.420599 68.674000 24.233095
v -28.788000 17.318703 35.878699
v -26.797199 15.850703 37.391199
v -26.266199 18.241703 38.405697
v -32.262000 13.730603 32.106398
v -27.096999 13.884702 35.397499
v -36.005199 22.064602 32.888798
v 15.098500 43.473604 40.264597
v 21.662900 46.399403 39.129912
v 19.943000 54.934200 36.282297
v 12.568900 53.765002 37.901797
v 15.305801 34.680802 41.864497
v 21.703300 39.155203 39.790022
v 20.061900 42.994803 39.217216
v 22.542000 44.814703 38.991826
v -30.971500 63.296806 66.927094
v -32.647401 62.502807 69.087995
v -25.014901 63.029807 73.726697
v -26.548100 63.598602 69.656397
v -37.068301 63.701604 59.313197
v -39.786601 63.150607 59.732593
v -32.771000 64.322303 60.223795
v 25.023600 41.796604 38.134506
v 26.916799 46.299603 36.921796
v 26.196399 34.324604 38.860396
v 29.724601 40.802803 36.831596
v 27.038699 55.855104 33.880596
v -26.947200 2.723802 27.338001
v -29.568401 6.735102 29.314801
v -36.742100 3.917101 19.694699
v -35.238200 0.819801 17.696600
v -23.390600 6.287302 32.550901
v -25.842601 9.930703 33.786400
v -27.014101 -0.585898 23.871000
v -20.129500 -0.450898 28.053600
v -19.816799 1.694602 30.367100
v -34.613600 -1.232199 15.992799
v -18.755800 4.059603 32.830500
v 42.156500 69.734699 7.453494
v 43.338701 74.368602 0.947694
v 38.718301 72.863299 10.344995
v 38.546500 70.480103 14.900394
v 40.881401 70.413203 15.686994
v 40.535200 69.804902 14.840495
v 40.031701 67.869199 14.621496
v 43.525499 66.346998 12.019995
v 47.234401 67.944998 0.406895
v -26.155201 94.523399 -13.367907
v -22.241300 94.337499 -6.326507
v -15.054600 97.505199 -15.781708
v -23.034801 95.970796 -21.454507
v 35.724699 40.092203 34.161198
v 36.136201 48.079901 32.488396
v 32.281801 30.674502 36.285899
v 24.220200 62.458007 63.461096
v 28.129700 64.047502 53.931297
v 33.431000 63.120405 55.629797
v 26.642701 61.322605 66.751994
v 15.129501 62.759703 68.059398
v 14.130300 65.933202 51.879294
v 15.185501 61.764705 73.269494
v 21.108299 31.445602 40.707097
v -9.729600 2.386105 59.674501
v -13.439301 0.908105 60.952598
v -7.137800 -3.181895 66.227198
v -3.135700 -0.185295 63.341802
v 1.010300 6.957004 55.838602
v -11.108400 6.965804 54.633200
v -15.556200 6.190804 55.129700
v -0.330700 96.140599 -4.997107
v -0.030300 93.173498 4.162893
v 11.408500 94.017100 -0.954107
v 5.997400 97.390097 -10.824408
v -7.527600 97.113799 -9.740008
v -12.702399 93.244499 1.568393
v -1.632300 99.214296 -17.823607
v 26.531500 15.354803 36.378898
v 25.606701 14.319202 38.013600
v 24.621101 12.189903 36.508398
v 27.763399 11.460402 33.564999
v 27.957299 20.829303 37.115998
v 25.657800 16.900402 39.485298
v 32.108000 17.511002 33.762299
v -42.184499 -13.625800 2.780601
v -37.256700 -12.016499 12.581701
v -36.101601 -9.945399 12.841000
v -40.973201 -10.845600 3.281201
v -42.866200 -17.398500 5.653301
v -38.732901 -15.241699 12.673501
v -43.551001 -9.879201 -7.834199
v -44.218999 -11.199601 -8.059599
v -45.128500 -12.073000 -8.997899
v -44.097999 -15.258400 -1.011099
v -44.637701 -18.971100 2.456901
v -3.362800 -9.179196 57.207800
v -3.945500 -6.047596 53.084398
v 4.416500 -6.760296 54.266602
v 1.476300 -11.085895 59.705503
v -7.319100 -10.315596 59.456200
v -10.895400 -5.301496 54.671902
v -2.132500 -13.472195 62.983502
v 24.202900 67.658106 48.742095
v 24.228500 69.695404 38.083795
v 9.286000 71.006802 41.586996
v 14.132500 67.527006 56.293697
v 20.252900 64.780205 67.365695
v 32.078099 66.140906 54.214598
v 35.759300 69.262305 39.402995
v 36.361399 85.609197 -3.632306
v 34.986499 88.633197 -12.345207
v 28.720400 91.606998 -6.138607
v 33.605701 84.994102 3.055693
v -5.074800 98.717198 -38.298409
v 0.917400 99.294296 -36.388408
v 2.724200 95.453098 -47.247107
v -6.616200 95.309099 -47.006906
v -15.104499 95.078298 -43.710206
v -9.692900 98.967895 -34.743507
v -3.492100 99.846099 -29.598709
v 1.584200 -12.153894 74.830700
v -0.415400 -11.438395 74.723704
v -1.256900 -13.983394 75.574101
v 1.991000 -14.407394 75.343401
v 5.730800 -13.858694 73.951901
v 4.058800 -11.519094 73.836500
v 1.997300 -9.883494 73.173601
v -41.116899 -13.940203 -34.258698
v -45.037001 -12.476801 -23.073300
v -43.984300 -11.013402 -25.283199
v -37.931001 -11.582503 -37.831699
v -38.888201 -15.891503 -39.294799
v -45.282799 -18.255302 -29.586600
v -45.694700 -16.247002 -26.350399
v -45.951000 -13.420701 -20.938199
v 33.618200 5.960702 25.262099
v 23.500100 7.842803 33.465298
v 25.289699 4.074002 29.598999
v 38.773501 14.045702 26.746898
v 26.105300 0.368502 25.427699
v 33.621100 0.847601 19.426499
v -0.515400 -17.690795 70.793201
v 1.310500 -17.411295 69.511403
v 2.364700 -17.477094 72.026701
v -0.870600 -17.696394 72.974302
v -2.834600 -17.058695 69.251103
v -0.929700 -16.350296 67.269899
v -4.293200 -16.853294 71.638204
v -51.746798 -29.875800 0.892102
v -46.386299 -23.712700 3.020702
v -48.134100 -24.008199 1.420902
v -53.048199 -28.148299 0.850902
v -56.355101 -32.982200 -1.041298
v -56.267297 -36.089400 -2.437897
v -53.927499 -35.372099 -1.314597
v -56.547803 -30.698901 -0.765398
v -57.914501 -25.102201 -0.045498
v -56.319201 -23.553500 0.482302
v -59.861702 -21.263200 -0.744298
v -60.516202 -24.093300 -1.306698
v -57.288200 -27.134401 -0.145398
v -54.495001 -25.716001 0.918702
v -60.698497 -26.823801 -1.778298
v -76.883602 -8.799401 -16.861499
v -76.735801 -8.438302 -17.833699
v -78.131902 -8.309101 -17.964899
v -78.010100 -8.904401 -16.597600
v -75.825399 -9.679501 -15.881100
v -75.080401 -9.252701 -16.950599
v -77.022398 -10.252801 -15.066300
v -79.144597 -9.053502 -20.808799
v -78.382701 -9.392702 -21.220499
v -79.043102 -10.382202 -20.836600
v -79.772103 -9.648702 -20.291299
v -79.215097 -8.396001 -20.468099
v -77.998900 -8.463501 -20.816799
v -79.867101 -8.878802 -19.609500
v -79.045397 -7.899602 -19.885000
v -79.297000 -8.188201 -19.047899
v -78.005201 -7.968701 -18.912899
v -77.895898 -7.910901 -19.942699
v -73.213202 -19.729201 -9.473898
v -69.010103 -21.057600 -6.449498
v -69.100302 -17.901001 -5.620899
v -73.372298 -16.113501 -8.804399
v -76.324898 -13.287401 -12.341299
v -77.011901 -15.195701 -12.741499
v -77.077699 -16.224402 -13.916099
v -73.713201 -20.127200 -11.658399
v -73.168498 -22.213400 -7.241498
v -69.770598 -23.904601 -5.152298
v -74.897403 -21.259000 -9.297798
v -76.761699 -16.857101 -15.153599
v -73.523098 -19.779200 -13.380298
v -74.648201 -20.699301 -12.364799
v -75.881100 -20.955501 -10.716298
v -73.379499 -21.234901 -13.701399
v -68.587399 -21.375002 -18.640299
v -68.630600 -24.672101 -16.918198
v -70.924503 -24.168901 -15.798299
v -70.666802 -21.717301 -15.977198
v -71.429902 -18.603201 -18.440299
v -70.330799 -16.792901 -20.166199
v -66.568100 -18.081902 -21.393898
v -72.263497 -19.509201 -16.712399
v -77.610499 -14.882301 -19.144799
v -77.435303 -14.060901 -20.264799
v -74.649000 -16.203001 -19.396998
v -75.521100 -16.921101 -18.144098
v -76.278597 -17.168201 -16.641398
v -78.668100 -14.331901 -18.468199
v -79.056901 -13.005202 -19.817599
v -71.496397 -29.380000 -9.984898
v -72.772902 -27.794901 -7.704098
v -75.479102 -25.717000 -8.826598
v -74.635297 -27.267201 -10.739198
v -73.414999 -27.711702 -12.944498
v -72.034901 -29.831801 -12.510898
v -71.381998 -31.691400 -9.504098
v -69.419402 -33.698300 -7.859897
v -69.150001 -31.372402 -7.429398
v -69.031698 -29.184101 -7.064997
v -71.427900 -32.748700 -11.770598
v -77.160901 -21.331001 -13.811698
v -75.813597 -20.814701 -13.314098
v -75.101203 -22.429201 -14.577898
v -77.174699 -22.621402 -14.002298
v -77.790499 -20.733301 -12.965998
v -76.941502 -20.774601 -11.991998
v -77.997899 -22.296202 -12.757699
v -77.695602 -21.834701 -11.427198
v -71.143597 -26.834701 -14.830498
v -68.116403 -27.498801 -15.593197
v -67.817301 -30.295901 -14.908398
v -70.097703 -29.835300 -13.770898
v -74.120700 -24.979701 -14.711397
v -73.250699 -23.569001 -15.129198
v -75.597203 -25.691600 -13.361798
v -69.034898 -35.412300 -9.717297
v -65.887398 -36.258901 -12.848898
v -67.716801 -36.025000 -11.496397
v -69.917500 -33.064301 -13.721897
v -67.442900 -33.666400 -14.926498
v -63.812500 -35.046501 -15.467297
v -62.785900 -37.223102 -12.614598
v -63.329399 -37.878901 -9.601897
v -75.582403 -23.809900 -14.555399
v -76.858902 -23.960401 -13.673298
v -72.108001 -21.794802 -14.629698
v -77.666402 -22.992502 -11.321598
v -77.591002 -23.583900 -12.334798
v -77.073199 -24.025700 -10.263998
v -76.870501 -22.289500 -9.857898
v -76.636702 -25.324500 -11.607198
v -15.445299 -12.332605 -61.390298
v -27.603200 -12.967404 -50.715398
v -26.309699 -11.554404 -50.563597
v -15.297000 -11.345605 -58.730899
v -18.917200 -14.603804 -62.761401
v -27.457300 -14.980304 -52.993201
v -9.880200 -10.996905 -67.483502
v -13.268900 -12.352105 -69.301199
v 41.317999 -12.332999 3.499201
v 40.178600 -9.472099 4.109601
v 35.011700 -8.998899 13.511001
v 36.254799 -11.189899 13.176101
v 43.403399 -10.131401 -7.255899
v 42.976800 -8.718201 -6.897799
v 43.149900 -14.394800 -0.162399
v 44.180200 -11.184601 -8.228799
v 37.943000 -14.635499 13.301400
v 42.086899 -16.510200 6.372601
v 44.034299 -18.455900 3.027001
v -44.119099 -54.738601 -30.236195
v -36.383301 -62.448504 -30.732997
v -39.342999 -63.424702 -21.911695
v -45.785701 -57.177402 -20.245595
v -34.131399 -52.853105 -45.704495
v -28.446499 -58.233306 -44.637795
v -51.055902 -48.234503 -16.308596
v -51.285601 -46.023803 -21.874697
v -16.605800 -69.654102 -11.078595
v -19.101800 -70.850904 -9.782395
v -19.005300 -72.439099 -10.987995
v -17.249399 -71.943999 -12.174894
v -15.350001 -69.176698 -4.296195
v -19.215800 -69.221098 -4.862595
v -16.011401 -71.164800 -15.720195
v -14.800100 -69.686903 -15.728595
v -0.513700 -2.599106 -79.776901
v -0.715100 -3.606606 -78.319800
v 1.199000 -3.555606 -78.494698
v 0.583700 -2.261906 -80.357200
v -1.536100 -2.237306 -80.510002
v -2.608600 -3.579706 -78.786200
v -0.378900 -1.480806 -81.516701
v 52.186000 -30.890000 0.677502
v 52.656299 -30.089599 0.667202
v 47.283301 -25.095200 2.079102
v 47.237101 -26.211300 2.755702
v 55.120403 -36.362401 -2.843497
v 55.798399 -33.760899 -1.219597
v 51.950598 -36.017001 -0.978897
v -21.985100 -69.519599 -22.525794
v -21.215600 -70.194204 -22.606795
v -25.397500 -69.498803 -18.568494
v -27.561700 -69.164200 -16.961595
v -13.553300 -69.719304 -20.662395
v -16.550100 -69.633903 -20.359694
v -16.463199 -69.140901 -28.098295
v -2.499800 -69.910403 -22.912995
v 23.321000 -13.783504 -55.851900
v 13.496600 -11.624304 -60.965001
v 14.976101 -10.964704 -57.990002
v 25.502899 -11.789204 -51.180100
v 27.187800 -17.156703 -55.611097
v 19.824000 -16.970605 -65.688096
v 17.229000 -14.101205 -64.275901
v 11.424900 -11.587805 -64.453601
v 59.036797 -27.626100 -1.171498
v 57.664102 -26.363501 -0.143998
v 56.461298 -28.245500 -0.166798
v 58.352399 -29.175300 -1.595498
v 61.804098 -26.577899 -2.226298
v 61.370599 -23.965800 -1.906098
v 61.579502 -29.040101 -3.489298
v 3.610800 -1.958306 -84.445500
v 4.471700 -2.757806 -83.924103
v 4.377200 -3.366106 -85.002398
v 3.191000 -2.126706 -85.288697
v 2.130400 -1.243606 -84.982800
v 2.959200 -1.398206 -83.914000
v 3.997400 -2.251206 -82.687098
v -0.238500 -69.876601 -16.549294
v -9.928700 -69.801004 -15.873095
v -8.832500 -67.649302 -38.172595
v 5.527400 -69.584700 -29.536194
v 15.006199 -69.543101 -24.821895
v 9.549500 -69.825204 -20.318294
v 8.756200 -69.805003 -15.524995
v 43.744501 -14.072002 -28.167598
v 45.328799 -11.162402 -17.038999
v 45.938700 -12.028701 -16.058499
v 46.021700 -15.443603 -23.721999
v 46.630901 -19.528401 -27.611499
v 43.850699 -18.074902 -31.750597
v 42.927799 -11.539102 -27.983799
v 44.860101 -9.850501 -17.233100
v -2.009300 -1.799406 -86.102998
v -2.985000 -2.298906 -85.838097
v -2.989300 -1.465606 -84.751499
v -1.657500 -1.090106 -85.590100
v -0.501400 -1.390006 -86.226898
v -1.339000 -2.242007 -86.622202
v -2.415700 -3.169307 -86.588198
v 47.628200 -32.123801 5.029702
v 48.987901 -40.240699 3.928903
v 51.272798 -41.766700 -3.094897
v 52.949297 -39.822400 -8.261397
v 54.848802 -38.444901 -7.966697
v 52.088797 -43.480600 -9.200597
v -26.175201 -89.363302 -16.658094
v -25.263801 -89.162900 -20.780694
v -24.945100 -92.608900 -20.912493
v -26.456299 -92.780901 -17.775093
v -27.207601 -93.275703 -14.977293
v -26.343900 -91.765899 -13.603493
v -24.767800 -90.233100 -12.010593
v -25.010699 -87.451703 -13.992893
v -0.403700 -9.177206 -86.453902
v -1.515400 -8.299906 -86.502998
v -0.311400 -6.956606 -86.866801
v 0.802000 -8.307007 -86.564397
v 1.277700 -11.562907 -85.814797
v -0.827300 -11.628406 -85.855000
v -2.831500 -11.345406 -85.623800
v 61.874098 -13.921002 -22.835799
v 58.029300 -15.618302 -22.753899
v 57.238299 -12.102202 -20.779399
v 62.210298 -10.888501 -21.493400
v 65.173101 -16.792202 -22.238898
v 60.985500 -18.591802 -24.138399
v -15.606201 -91.925503 -17.764593
v -16.033000 -90.623600 -14.882993
v -15.704501 -92.435301 -11.036893
v -14.475800 -93.463702 -13.027493
v -16.432500 -88.028903 -20.262893
v -16.153400 -87.374599 -17.328894
v -17.794800 -92.390104 -21.844593
v -18.789899 -88.531901 -22.935893
v -13.814899 -94.868798 -14.548993
v -15.453200 -94.466604 -18.457893
v -17.341900 -94.617100 -21.643994
v 67.973399 -13.744001 -21.343399
v 69.816399 -16.199401 -20.587099
v 67.682099 -11.413202 -20.538799
v 20.698600 -71.689302 -10.092094
v 21.770500 -73.539401 -11.600694
v 23.855899 -73.212803 -13.106995
v 23.731200 -71.486999 -11.914695
v 15.870801 -70.713903 -13.157094
v 16.946501 -72.972704 -12.795595
v 24.075800 -69.639898 -8.266395
v 20.923799 -69.380802 -5.379395
v 72.626400 -20.336700 -9.949499
v 73.529202 -17.703501 -8.888599
v 69.613200 -19.720001 -6.598298
v 69.980401 -22.440601 -6.563698
v 72.850400 -20.514301 -11.883599
v 76.092100 -17.564301 -14.604299
v 76.642501 -16.671600 -13.009098
v 70.560598 -25.307200 -5.528698
v 73.253202 -22.784600 -7.415198
v 74.470800 -21.434500 -9.154899
v 72.603899 -19.812901 -15.187599
v 75.105500 -17.750601 -16.817498
v 75.406498 -20.965701 -10.415898
v 73.863500 -20.590402 -12.036598
v 73.320901 -21.501602 -14.056599
v 76.034802 -20.914600 -12.513998
v 1.712800 -60.966305 -54.268296
v 1.389000 -45.000704 -70.389297
v 9.467900 -41.718605 -71.363398
v 15.050900 -54.368304 -58.643593
v -12.108800 -56.269006 -57.687195
v -6.745600 -43.392807 -70.881298
v 14.181800 -66.495904 -38.846994
v -20.184100 -63.225702 -42.896394
v 23.465200 -61.027006 -44.112696
v 20.560300 -69.483204 -23.421795
v 19.766299 -70.120903 -23.010295
v 16.736500 -69.637902 -22.073395
v 26.855600 -68.643202 -22.976794
v 23.569700 -69.494702 -21.864695
v 22.418000 -68.269201 -28.737895
v -17.585900 -95.154399 1.807207
v -17.092100 -94.544601 -0.351593
v -20.471101 -94.107598 0.348707
v -21.334600 -94.659698 1.905007
v -20.423600 -95.488298 3.844107
v -18.592601 -95.959001 4.359307
v -16.338900 -95.861798 2.652007
v -14.216299 -95.458901 0.201907
v -14.257801 -94.878698 -1.718993
v -14.142901 -95.886999 1.288307
v 76.949298 -8.666001 -16.895699
v 76.812297 -8.194601 -17.911200
v 74.926698 -9.288502 -16.892899
v 75.742900 -9.673501 -15.766100
v 78.025299 -8.805701 -16.777400
v 78.264099 -8.022601 -18.071000
v 76.960200 -10.173101 -14.872199
v 77.592999 -22.784902 -11.070798
v 76.908201 -23.784900 -10.206698
v 76.885003 -24.659001 -11.465398
v 77.724999 -23.094901 -12.124198
v 77.454400 -21.490500 -11.256298
v 76.541299 -22.317900 -9.680998
v 77.880502 -21.515701 -12.602898
v -20.497100 -98.648800 -20.839192
v -22.186700 -98.850699 -19.801493
v -23.094299 -98.066004 -20.869392
v -20.511800 -97.822799 -21.772292
v -19.133000 -98.983200 -19.484793
v -20.768400 -99.292202 -18.081893
v -18.016200 -98.018999 -20.603693
v 76.769698 -21.790401 -13.871299
v 74.428803 -22.877501 -14.857599
v 70.861900 -22.419402 -15.633999
v 71.049798 -19.201802 -18.235998
v 72.181898 -24.264002 -15.374298
v 67.558002 -19.895601 -20.035999
v 72.842199 -15.131101 -20.426199
v 73.953700 -16.925101 -18.934599
v 68.706799 -23.074302 -17.314099
v 79.208899 -8.017101 -19.173799
v 78.176200 -7.753502 -19.250799
v 79.459798 -8.401901 -18.170799
v 79.590398 -8.205301 -19.838300
v 78.196698 -8.062901 -20.289699
v 80.209398 -9.070001 -18.581600
v 77.206701 -23.444901 -13.506698
v 69.866300 -28.298102 -14.208598
v 71.625799 -28.705002 -12.758098
v 70.501500 -32.574500 -13.027497
v 69.111699 -31.601701 -14.384397
v 73.044997 -25.878901 -14.590998
v 73.972100 -26.660300 -13.394299
v 65.977597 -31.260501 -15.492598
v 65.563202 -28.495101 -16.478398
v 69.519401 -26.135100 -15.818198
v 75.703400 -25.247602 -13.609998
v 75.414300 -24.190302 -14.441298
v 76.555097 -24.912200 -12.691198
v 74.737900 -26.820401 -11.978498
v -19.149600 -97.256302 7.696007
v -20.609701 -96.893501 7.474808
v -21.759801 -97.408902 8.180208
v -20.567100 -97.707200 6.586407
v -18.508901 -97.365701 6.045707
v -19.044399 -96.653300 6.224007
v -19.349100 -97.807997 4.957807
v -22.353700 -96.751600 7.055607
v -22.770201 -97.765898 7.087108
v -21.575899 -97.956198 5.457007
v 77.959299 -12.767501 -20.848299
v 76.562202 -14.521001 -19.973798
v 75.522202 -13.292801 -20.899199
v 77.678102 -11.604902 -21.397000
v 79.236501 -12.618001 -20.130499
v 77.765399 -15.008601 -18.542900
v 79.211903 -10.932002 -21.010699
v 79.736501 -9.364302 -20.756700
v 79.762602 -8.631901 -20.445600
v 80.499399 -9.788501 -19.286699
v 80.177599 -10.413101 -20.163300
v 78.811502 -9.647101 -21.275199
v 78.389001 -8.679701 -21.106399
v -8.218700 -97.615301 1.480007
v -7.675800 -97.723401 -0.121093
v -8.303000 -96.610200 0.064907
v -9.005900 -96.979999 1.925907
v -9.374000 -97.939402 1.605507
v -9.162200 -98.207098 -0.250493
v -9.535600 -97.707200 2.958107
v 66.207802 -36.385701 -12.378697
v 66.010302 -34.599001 -14.973097
v -10.686400 -96.792501 2.277907
v -10.990700 -97.701800 2.998107
v -10.934000 -97.975302 1.567007
v 15.137500 -92.661001 -18.488794
v 15.484600 -90.780301 -14.705793
v 15.573400 -88.401402 -16.650694
v 15.754101 -89.473404 -19.858893
v 17.406800 -89.948704 -22.385093
v 17.098400 -93.196501 -22.092294
v 15.270799 -95.136501 -19.596893
v 13.386001 -95.061303 -15.505092
v 13.942100 -93.598403 -13.567792
v 15.250200 -92.426998 -10.867793
v 17.388099 -95.478101 -22.236392
v 25.795001 -90.916301 -16.903093
v 24.574099 -88.225103 -13.525293
v 24.121800 -90.551198 -11.345493
v 26.268899 -92.455102 -13.543994
v 27.014601 -94.443603 -15.031493
v 26.030600 -94.370903 -17.842692
v 24.937700 -94.090904 -20.133894
v 24.952599 -90.865399 -20.136694
v 25.191399 -94.419903 -1.542293
v 23.276800 -94.705099 0.731507
v 24.519500 -95.220899 1.589507
v 26.267901 -95.185798 0.175607
v 22.192299 -93.686903 -1.720393
v 21.206400 -94.159597 0.070307
v 26.139700 -93.441600 -5.065393
v 23.061900 -93.044198 -4.498093
v 28.739101 -95.374900 -1.021593
v 28.721699 -94.751501 -3.025093
v 41.452301 -55.935904 -32.938396
v 31.462300 -64.579805 -31.796096
v 31.220001 -54.617206 -46.324097
v 43.688700 -58.734901 -22.868796
v 35.201499 -65.585204 -23.818895
v 36.046901 -47.618405 -47.544997
v 45.757899 -46.223402 -35.448297
v 27.417600 -96.777600 2.606907
v 26.002100 -96.725303 3.423907
v 25.465000 -97.568297 2.889907
v 26.537299 -97.401398 2.470307
v 26.971400 -95.823997 1.462607
v 25.420201 -95.785099 2.549507
v 28.457099 -97.295397 2.509307
v 29.281801 -97.223300 2.174607
v 29.218900 -96.586799 2.003507
v 28.935400 -95.965499 0.667007
v 27.596200 -97.153097 2.558907
v 21.112999 -98.097100 -21.697992
v 20.980400 -97.081800 -22.454593
v 23.103200 -97.243704 -21.458593
v 22.172000 -98.471303 -20.790193
v 19.001600 -98.570503 -20.737992
v 18.057600 -97.320803 -21.804692
v 20.154500 -99.106099 -19.487992
v 23.438101 -97.173601 6.779107
v 22.023700 -97.543197 6.867307
v 22.767800 -97.614097 5.721107
v 23.706700 -97.202801 6.195708
v 22.883800 -96.446299 5.963307
v 22.177599 -96.710300 7.108107
v 27.250299 -97.800898 1.122407
v 28.383800 -97.696102 1.169207
v 30.629200 -97.318900 1.683607
v 29.451400 -97.580099 1.362807
v 29.371801 -97.993398 -0.208593
v 30.668300 -97.783798 0.215707
v 31.743899 -97.250402 1.287107
v 30.680001 -96.433598 0.558707
v 32.102901 -97.140300 -1.954693
v 30.838999 -95.951599 -1.677693
v 30.792999 -98.104900 -2.160993
v 5.670100 -97.372198 1.072707
v 6.823000 -97.066700 0.993907
v 6.939500 -96.570599 -1.056193
v 6.019800 -97.062403 -1.220393
v 6.841800 -97.745502 -1.270993
v 6.604000 -97.685701 0.778707
v 6.788800 -97.286397 1.826607
v 8.516500 -97.284502 2.604607
v 8.433500 -96.696901 1.027707
v 10.361200 -96.939599 2.598707
v 10.317900 -96.364200 1.206107
v 8.912900 -97.799498 1.939907
v 10.645100 -97.722101 2.220207
v -26.812500 69.067301 25.885493
v -19.358800 70.219501 28.353495
v -19.706400 69.786104 30.003495
v -27.539799 68.782701 27.512894
v -25.856400 68.909200 25.765795
v -19.353899 69.406804 28.166295
v -9.888800 70.218702 30.487395
v -9.786400 70.996901 30.371395
v -20.350200 68.197700 28.973395
v -10.105600 68.562504 31.470094
v -0.404400 69.082900 31.930495
v -0.352800 70.754405 30.857796
v -20.873600 66.378000 30.415995
v -10.401300 66.921803 32.494695
v -0.437100 67.476001 32.925094
v 9.228700 67.438402 32.217894
v 9.283500 68.981400 31.166194
v -10.841100 65.205004 33.465994
v -0.528700 65.814504 33.861894
v 9.347100 65.823903 33.199794
v 19.070600 65.562102 31.173194
v 19.166601 67.158099 29.882495
v -0.481900 64.030501 34.789396
v 9.618200 64.102104 34.113694
v 19.143900 63.867905 32.292296
v 27.960601 63.955601 29.053296
v 28.118500 65.732702 27.403695
v 10.250600 61.821904 35.135995
v 19.383501 61.669704 33.500896
v 27.926600 61.709305 30.634697
v 34.651500 61.824401 26.851795
v 34.461001 64.113500 24.924795
v 35.330200 56.671502 29.682695
v 41.489199 56.095703 25.193297
v 39.430299 61.806502 22.763695
v 43.014699 47.359102 27.843797
v 49.311301 44.830202 22.046896
v 47.358701 54.192300 19.628996
v 42.166701 37.807702 30.145198
v 48.415801 35.123001 24.226797
v 56.493801 31.392000 13.061397
v 56.765598 40.462399 11.875997
v 38.264000 27.426904 32.305397
v 44.669399 24.715803 26.049299
v 53.937000 21.953001 12.962298
v 60.652202 18.057799 -2.092001
v 62.875801 26.791400 -1.859502
v 49.412200 11.846101 11.492099
v 55.668497 9.350800 -2.635101
v 57.102299 8.377899 -17.069701
v 61.885399 16.073199 -17.285101
v 43.449399 3.269801 9.773399
v 49.256399 1.867500 -3.602200
v 50.581300 1.320799 -16.772300
v 48.668101 0.982698 -28.836799
v 54.987597 8.418598 -31.506900
v 46.488601 -0.989800 -4.819800
v 47.915101 -1.357901 -17.000399
v 46.146899 -1.666702 -27.706900
v 40.709901 -1.578003 -38.565799
v 42.806700 0.740997 -39.709500
v 46.526900 -2.926901 -17.192800
v 44.763401 -3.186702 -27.419400
v 39.198801 -3.209403 -38.090899
v 30.582801 -3.441804 -47.848099
v 32.158801 -1.802404 -48.389599
v 43.642101 -4.658502 -27.296400
v 37.985000 -4.739603 -37.854099
v 29.260501 -4.951804 -47.466001
v 18.291099 -4.763804 -54.654002
v 19.452500 -3.310704 -55.365002
v 37.110499 -6.291703 -37.888398
v 28.241801 -6.514603 -47.319599
v 17.340200 -6.411204 -54.227399
v 6.245800 -5.838904 -58.048397
v 6.681000 -4.268504 -58.759099
v 27.402899 -8.253804 -47.683298
v 16.559300 -8.195804 -54.592400
v 5.863100 -7.576904 -57.997500
v -4.070300 -7.269505 -58.344000
v -3.885100 -5.614304 -58.603602
v 15.924400 -9.809804 -55.863898
v 5.612400 -8.988804 -58.975398
v -4.198300 -8.626404 -59.079801
v -14.974700 -8.906504 -55.780798
v -14.884900 -7.287304 -55.384498
v 5.194600 -9.829105 -60.641902
v -4.280100 -9.523504 -60.548597
v -15.122201 -10.280404 -56.969898
v -25.921100 -10.032604 -49.724700
v -25.823301 -8.529804 -49.133699
v -4.265900 -10.038505 -62.366699
v 4.666000 -10.205305 -62.663602
v 3.996700 -10.244205 -64.943498
v -4.138200 -10.206805 -64.501601
v 3.415400 -9.796305 -67.431300
v -2.894800 -9.777905 -67.226600
v 2.874900 -8.503405 -70.775598
v -1.961400 -8.478105 -70.664900
v -6.681200 -8.860506 -71.695297
v -9.214300 -9.302205 -73.636698
v -1.200500 -5.936506 -75.024998
v -3.985700 -5.897206 -75.861299
v -6.087300 -5.996006 -77.214700
v -4.183900 -3.546806 -79.794103
v -5.450900 -3.769106 -81.147998
v -7.582200 -6.404906 -78.939098
v -10.836900 -10.226006 -75.722497
v -14.971399 -14.012905 -71.521502
v -8.296700 -7.171706 -80.763697
v -11.519500 -11.441106 -77.764200
v -15.590701 -16.024005 -73.478101
v -21.586500 -20.731405 -66.825096
v -20.535100 -17.209804 -64.998697
v -11.298800 -12.764806 -79.594099
v -15.285000 -18.080705 -75.152396
v -21.559601 -24.402805 -68.388699
v -30.633399 -30.254705 -58.574996
v -30.298501 -24.055904 -56.949399
v -14.197201 -20.185906 -76.551698
v -20.600399 -28.229006 -69.836400
v -29.672000 -36.030103 -59.982696
v -39.947701 -40.679703 -46.344197
v -40.571001 -34.031004 -45.740298
v -18.781599 -32.245805 -71.044198
v -27.615401 -41.373806 -60.847595
v -37.828600 -47.021303 -46.197897
v -47.519901 -45.838302 -33.009797
v -48.456201 -39.530801 -34.220096
v -24.351500 -46.360205 -60.857394
v -16.108701 -36.165407 -71.588800
v -12.414200 -39.832505 -71.507797
v -19.599301 -51.071905 -59.846594
v -10.077600 -24.116807 -78.818397
v -6.864100 -25.753105 -79.543297
v -3.141100 -26.869407 -79.909495
v -4.422500 -16.862207 -83.552401
v -1.728200 -17.308006 -83.938699
v 1.177800 -17.355207 -83.952896
v 1.195200 -27.024505 -80.012600
v 3.977900 -16.956106 -83.604001
v 5.432600 -26.214305 -79.679898
v 6.322900 -16.221907 -83.007698
v 8.912600 -24.588905 -79.139398
v 14.360300 -37.464004 -71.844897
v 22.087599 -48.386504 -60.775497
v 11.737600 -22.514506 -78.120099
v 17.644100 -33.072405 -71.538696
v 26.327500 -42.556204 -61.396196
v 19.894899 -28.541207 -70.422099
v 28.856999 -36.263706 -60.647699
v 38.601601 -40.226404 -47.837296
v 47.076899 -38.907203 -36.197197
v 29.927999 -29.619403 -59.118698
v 39.269999 -32.538504 -46.972397
v 46.685201 -32.226902 -36.082897
v 50.046200 -30.458903 -29.797799
v 51.041400 -35.501402 -28.966597
v 38.448700 -23.879603 -44.947599
v 45.306799 -24.890703 -34.622399
v 48.492301 -24.946303 -29.367099
v 50.151199 -24.847502 -26.674299
v 51.645303 -29.070403 -26.422796
v 48.379999 -20.361102 -25.390099
v 49.842301 -20.479101 -23.597598
v 51.624501 -24.491302 -24.830898
v 47.174799 -16.078402 -21.841899
v 48.396000 -16.217202 -20.304899
v 46.725199 -12.721301 -15.510499
v 47.723299 -12.951801 -15.097400
v 48.877999 -12.900301 -14.868799
v 49.671099 -15.629601 -19.221799
v 51.247102 -19.823201 -22.333598
v 52.962703 -18.978001 -22.094698
v 55.011898 -23.212801 -23.964698
v 53.157997 -23.983702 -23.939298
v 50.967902 -14.333402 -18.620499
v 50.410002 -12.256301 -14.891799
v 53.154200 -11.024801 -15.905099
v 53.128302 -13.262501 -19.515299
v 54.872102 -17.392501 -22.470999
v 57.112902 -21.335101 -24.435498
v 63.693601 -21.847502 -22.244298
v 59.512800 -24.730102 -23.421599
v 56.565702 -26.221203 -23.308998
v 61.032099 -27.784701 -20.760498
v 57.531101 -29.170801 -21.466298
v 55.247700 -30.195402 -22.066998
v 54.514903 -27.241801 -23.567798
v 53.734100 -31.254702 -23.211498
v 52.976698 -28.067403 -24.548198
v 52.586102 -32.790302 -25.174898
v 54.013503 -34.625001 -21.146097
v 53.106201 -36.645501 -23.051897
v 51.289397 -40.670603 -27.063498
v 52.908403 -40.275501 -19.978397
v 50.545001 -46.052502 -24.254097
v 52.489197 -42.905600 -15.493096
v 50.209200 -49.257202 -18.686197
v 49.912900 -50.870503 -11.046896
v 44.595301 -59.534300 -13.396196
v 49.372301 -50.642300 -3.875696
v 44.440401 -59.584099 -5.483295
v 37.149099 -65.778798 -7.894995
v 37.268499 -65.651299 -15.008296
v 30.114701 -68.714798 -10.930695
v 30.055699 -68.571599 -16.519795
v 26.905599 -69.390000 -13.423594
v 26.550201 -69.321401 -17.557194
v 25.256899 -69.841404 -15.479895
v 24.902301 -70.266099 -19.162195
v 22.357400 -70.897003 -22.605895
v 19.381700 -71.174504 -22.854494
v 24.464101 -72.420599 -20.886694
v 21.931700 -72.764100 -23.133494
v 18.957500 -72.788699 -23.077895
v 16.338000 -72.578503 -20.520695
v 16.733600 -70.786001 -20.791095
v 21.501000 -75.074800 -23.780795
v 18.356200 -75.076302 -23.442895
v 16.050600 -75.054903 -20.813895
v 15.655801 -75.160904 -17.192194
v 15.601601 -72.450299 -16.562795
v 17.892300 -79.134901 -23.861495
v 15.831700 -79.048099 -21.313193
v 15.547100 -79.059000 -18.022995
v 16.930500 -79.164101 -14.928395
v 17.252500 -75.629802 -13.971794
v 15.767400 -84.599401 -20.951993
v 15.611200 -84.149201 -17.852094
v 16.962101 -83.619703 -14.753194
v 20.351700 -83.305300 -13.002394
v 20.318800 -79.268904 -13.202894
v 17.233101 -87.267704 -13.605293
v 20.662700 -86.914701 -12.006994
v 24.279600 -83.722199 -14.586994
v 17.536099 -89.865203 -11.679393
v 20.752800 -89.806301 -10.556893
v 17.628200 -91.921700 -8.741993
v 20.432600 -91.851903 -7.677093
v 23.568600 -92.123503 -7.782593
v 26.455501 -92.925102 -9.078093
v 19.907300 -92.759800 -4.575093
v 16.983600 -92.836798 -5.527193
v 16.391200 -93.467802 -3.373993
v 19.331200 -93.293798 -2.308593
v 15.923101 -94.162500 -1.851293
v 18.665300 -93.888998 -0.729193
v 15.472400 -94.796997 -0.488993
v 18.067600 -94.481099 0.591807
v 20.284100 -94.608498 1.526607
v 22.043300 -95.012802 2.280407
v 17.451800 -95.024800 1.803807
v 19.485700 -95.090902 2.802007
v 21.047200 -95.380300 3.598907
v 22.328900 -95.717001 4.247007
v 23.290101 -95.405799 2.935007
v 18.604200 -95.575702 3.932307
v 20.092200 -95.819199 4.796507
v 21.480700 -96.100598 5.451307
v 23.561600 -96.122300 4.795707
v 18.899100 -96.382498 6.073007
v 20.524199 -96.526801 6.794407
v 18.434300 -97.367501 6.352507
v 19.976699 -97.427499 7.414707
v 21.408200 -97.461599 7.514407
v 19.363301 -97.750997 5.333807
v 20.666000 -97.675102 6.337108
v 20.412099 -97.994202 4.158007
v 21.598201 -97.852701 5.069207
v 21.377400 -98.125398 2.943507
v 22.466800 -97.937697 3.842607
v 23.609500 -97.649699 4.586107
v 23.449799 -97.989398 2.754907
v 24.483800 -97.620600 3.640008
v 25.127399 -96.727597 4.220107
v 24.358200 -96.946901 5.141407
v 24.362899 -95.882702 3.654807
v 24.608000 -97.974801 1.899107
v 23.709400 -98.229301 0.828307
v 25.167000 -98.218101 0.141307
v 25.897601 -97.930699 1.335707
v 22.417600 -98.211902 1.759707
v 21.250600 -98.422801 0.584807
v 22.607900 -98.489898 -0.483493
v 20.138600 -98.308498 1.778707
v 18.577699 -98.419398 0.462607
v 19.699800 -98.597401 -0.821293
v 19.166000 -98.123097 2.973407
v 17.648900 -98.189199 1.686507
v 15.724200 -98.205900 0.585907
v 16.560800 -98.427099 -0.751893
v 18.212301 -97.828197 4.094307
v 16.849400 -97.867203 2.873107
v 15.052500 -97.873401 1.881807
v 12.932000 -97.973198 1.229807
v 13.495600 -98.238599 -0.137693
v 16.070300 -97.247898 4.029008
v 14.440800 -97.354501 3.119807
v 12.450300 -97.545498 2.604707
v 11.041200 -98.114699 0.873007
v 14.263301 -96.384799 3.215007
v 12.185000 -96.525103 2.872407
v 14.607000 -95.762002 1.951807
v 12.315000 -96.053398 1.460607
v 15.016399 -95.291501 0.744007
v 12.556900 -95.636600 0.070007
v 10.417500 -95.883501 -0.372993
v 12.906399 -95.160300 -1.398493
v 10.652800 -95.353699 -2.082393
v 8.725800 -95.612401 -2.650893
v 8.529500 -96.160001 -0.759293
v 6.976500 -96.240503 -3.225393
v 9.001200 -95.073998 -5.057293
v 7.306500 -95.975298 -5.799893
v 6.973800 -97.344900 -6.040693
v 6.319500 -97.261697 -3.472393
v 8.239600 -98.274100 -5.663493
v 7.433600 -97.958601 -3.260693
v 9.846800 -98.812199 -5.194192
v 8.969900 -98.435003 -2.958993
v 8.336800 -98.189402 -1.122393
v 10.581100 -98.635000 -2.593593
v 9.844400 -98.383898 -0.857593
v 9.329000 -98.092699 0.661207
v 7.903300 -97.971302 0.614507
v 7.729000 -97.823602 1.655207
v 11.553300 -98.372901 -0.527793
v 12.321500 -98.579800 -2.151093
v 14.293399 -98.436701 -1.601493
v 13.458000 -98.726398 -3.932893
v 15.523000 -98.610300 -3.227193
v 17.713900 -98.634702 -2.196093
v 17.194501 -98.852003 -4.995193
v 19.291300 -98.835600 -3.638992
v 21.156900 -98.718298 -2.034993
v 21.252400 -98.995299 -4.937493
v 22.924601 -98.778302 -2.968893
v 24.196699 -98.509598 -1.268493
v 24.825700 -98.826099 -3.580192
v 25.865200 -98.523402 -1.771593
v 26.648700 -98.179901 -0.248493
v 27.527401 -98.528397 -2.049693
v 28.051099 -98.101598 -0.340593
v 29.140201 -98.439199 -2.158793
v 28.605101 -98.885101 -4.344492
v 30.447999 -98.564798 -4.543792
v 26.709199 -98.896599 -4.031293
v 25.508901 -99.201298 -6.445493
v 27.563599 -99.242002 -6.958593
v 23.417200 -99.104399 -5.833892
v 21.647599 -99.327303 -8.495393
v 23.811799 -99.427701 -9.486093
v 19.326100 -99.107701 -6.856093
v 17.468099 -99.105001 -8.434193
v 19.958900 -99.399502 -10.939193
v 15.112300 -98.864502 -5.951893
v 13.279700 -98.975099 -6.820693
v 15.707800 -99.019498 -9.474193
v 11.621000 -98.867202 -4.621493
v 11.435000 -98.983598 -7.701593
v 9.704300 -98.842401 -8.480492
v 12.432800 -98.700798 -11.524092
v 13.997100 -98.945601 -10.492992
v 15.526700 -98.658003 -14.821592
v 16.895700 -99.087901 -13.751292
v 18.324800 -99.317701 -12.583892
v 19.232801 -99.211003 -16.302392
v 20.488399 -99.572803 -14.712892
v 21.979199 -99.563200 -12.500693
v 22.311801 -99.523999 -16.039692
v 23.745599 -99.512101 -13.582693
v 25.801599 -99.418903 -10.265893
v 25.337699 -99.142803 -14.594093
v 27.608100 -99.143500 -11.115792
v 29.528299 -98.928702 -7.452992
v 29.017600 -98.005999 -11.778393
v 30.957600 -97.724003 -7.756693
v 31.770101 -97.398502 -4.581993
v 30.773699 -95.714903 -7.476593
v 31.056699 -95.618201 -4.123693
v 29.028800 -94.264901 -6.471993
v 28.480899 -94.303698 -10.745193
v 29.383901 -96.102501 -11.756693
v 27.164501 -96.300603 -15.658993
v 26.606101 -97.967101 -15.433192
v 25.315499 -97.880001 -17.837992
v 25.997400 -96.197303 -18.119192
v 24.016400 -99.131603 -17.081192
v 23.100600 -99.022599 -19.120093
v 24.364200 -97.675903 -19.828193
v 21.249400 -99.363603 -17.981392
v 17.996800 -98.741604 -17.607692
v 16.757900 -98.206903 -18.722792
v 14.279599 -97.931303 -15.735492
v 13.391300 -96.842201 -16.270693
v 15.745901 -97.083600 -19.603993
v 10.985400 -97.909404 -12.396193
v 10.378900 -96.505202 -12.464392
v 11.038200 -94.914300 -11.251993
v 8.238400 -97.807599 -9.137893
v 8.209600 -96.077902 -8.967993
v 9.560900 -94.789398 -7.869693
v 11.570000 -94.160003 -6.398393
v 12.385200 -93.783802 -9.324893
v 11.011200 -94.754100 -4.092293
v 13.336000 -94.568902 -3.002293
v 13.837500 -93.840498 -4.866293
v 14.460500 -93.092502 -7.267693
v 23.258400 -95.728304 -21.934593
v 24.902800 -95.968701 -20.107593
v 23.137499 -93.655200 -22.113192
v 20.221300 -93.377300 -23.108893
v 20.234200 -90.182002 -23.260993
v 23.075800 -90.456005 -22.344393
v 20.539001 -95.597501 -22.996693
v 20.488299 -85.200002 -24.359993
v 23.392799 -85.244300 -23.399193
v 25.237399 -85.151704 -21.010893
v 23.750000 -79.347302 -23.498493
v 25.377801 -79.343100 -20.901494
v 25.510201 -79.271199 -17.740594
v 25.647700 -84.753503 -17.882193
v 23.991200 -79.230500 -14.704694
v 25.159800 -75.311203 -16.369795
v 23.764800 -75.669099 -14.129894
v 20.953800 -75.954402 -12.766195
v 24.859600 -72.670300 -14.767795
v 25.315300 -72.147603 -17.373394
v 24.516299 -70.765699 -13.303595
v 25.331599 -74.996300 -19.305094
v 24.115101 -75.000800 -22.259394
v 20.939399 -79.263200 -24.573594
v 17.545301 -84.950801 -23.516194
v 25.718400 -69.594402 -10.902095
v 29.367700 -68.681098 -6.765395
v 27.734900 -68.353701 -2.423595
v 34.314501 -64.301902 3.970905
v 30.044800 -62.444501 10.411105
v 24.337000 -67.528802 2.641405
v 36.438099 -65.378398 -2.060895
v 43.053901 -58.919901 1.467704
v 39.942399 -57.444697 8.405504
v 43.505499 -48.915099 11.122404
v 37.786499 -47.236399 18.204503
v 34.656900 -55.365698 15.127204
v 47.499099 -50.060701 3.235104
v 44.976899 -38.932600 12.669504
v 43.418100 -29.251300 13.325503
v 37.674001 -28.110297 21.991502
v 39.136401 -37.632199 20.670803
v 29.566401 -28.294198 28.041603
v 30.792999 -37.193997 26.917302
v 29.482600 -45.984397 24.603904
v 18.661000 -38.010198 31.261504
v 18.344600 -45.883597 29.310802
v 16.551600 -52.702395 26.523505
v 26.877001 -53.494196 21.475604
v 14.460200 -59.312896 21.378404
v 23.456900 -60.231500 16.636205
v 11.710600 -66.171097 10.227605
v 18.866600 -66.634201 6.963705
v 9.340900 -69.121802 -3.309495
v 15.348800 -69.215799 -4.330395
v 8.775800 -69.658399 -10.560195
v 14.547600 -69.695700 -10.662495
v 13.152200 -69.734598 -14.209995
v 13.888000 -69.765700 -18.462894
v 15.579800 -70.468803 -17.046995
v 1.065100 -69.064802 -2.416595
v 0.574200 -69.696403 -10.602595
v -7.915600 -69.085300 -3.023895
v -9.147100 -69.674099 -10.826895
v -8.380200 -66.067200 11.246505
v -16.509700 -66.232997 8.601805
v 1.957300 -66.232901 12.087105
v 3.198600 -59.537701 23.832604
v -8.615600 -59.296100 22.949104
v -8.756200 -53.028099 28.354604
v -20.984100 -53.231601 24.486205
v -19.076400 -59.661500 19.236605
v 4.111000 -53.143600 29.239003
v 4.390200 -46.949396 32.094503
v -8.599600 -46.908898 31.336302
v -8.045300 -39.530498 33.158103
v -22.578000 -38.185597 30.197102
v -22.642100 -46.369697 27.728904
v 4.410900 -39.544297 33.570004
v 4.417600 -29.533399 33.892702
v -7.441700 -29.632399 33.618104
v 17.973700 -28.940097 31.819703
v 16.486000 -19.750497 30.794100
v 4.338300 -19.322697 32.727800
v 26.648200 -19.798397 27.439301
v 23.687400 -13.627298 25.942002
v 14.462800 -13.444398 29.043002
v 34.523201 -19.964298 21.839301
v 31.424001 -13.756698 20.844002
v 29.635000 -10.702299 20.381101
v 22.113100 -10.648698 25.009502
v 40.621099 -21.195099 13.800201
v 44.392699 -23.558300 6.929802
v 21.017300 -8.747398 24.617100
v 12.653001 -8.908198 27.721400
v 13.402601 -10.899698 28.247500
v 28.318301 -8.682799 20.317500
v 27.325800 -6.783898 20.464001
v 20.160399 -6.867298 24.429700
v 34.093899 -6.966099 13.918700
v 33.541599 -4.995299 14.557401
v 26.630199 -4.916998 20.992400
v 39.662501 -7.471800 4.599001
v 39.606100 -5.566700 5.049700
v 43.233901 -5.679501 -6.335900
v 43.921301 -4.124601 -5.993100
v 40.028599 -3.756100 5.678800
v 33.415100 -3.165799 15.548700
v 42.932999 -7.222301 -6.585200
v 44.545799 -7.196301 -17.318500
v 44.830400 -5.815101 -17.347900
v 44.576401 -8.572301 -17.315099
v 42.501399 -9.701902 -27.855399
v 42.490801 -7.944802 -27.617400
v 36.525899 -7.999403 -38.219699
v 42.870799 -6.243402 -27.408999
v 36.254299 -9.812903 -38.809498
v 26.724300 -10.029504 -48.834299
v 36.185899 -11.658303 -39.830699
v 35.820600 -13.639803 -41.647898
v 36.959499 -16.377904 -42.114698
v 29.312900 -22.717805 -57.353197
v 20.994499 -24.279506 -68.941401
v 20.967001 -20.345104 -67.375199
v 14.958200 -18.098005 -75.491296
v 15.361300 -15.914705 -73.799901
v 14.686300 -13.886105 -71.805101
v 11.288300 -11.266706 -77.944600
v 10.608200 -10.126605 -75.932997
v 9.073500 -9.164305 -73.851597
v 12.900800 -12.185105 -69.781297
v 6.480100 -8.718006 -71.889400
v 9.203900 -10.740505 -67.961501
v 6.098200 -5.845206 -77.555102
v 4.231800 -5.764006 -76.179701
v 1.746300 -5.880506 -75.194698
v 2.890800 -3.469506 -79.163402
v 4.261000 -3.445306 -80.114102
v 3.055500 -2.029706 -81.753301
v 1.846400 -2.067006 -80.981302
v 1.974900 -1.081306 -83.090198
v 0.838900 -1.113706 -82.288897
v 1.072600 -0.655806 -84.260899
v -0.134200 -0.597606 -83.417201
v -1.441700 -1.065906 -82.514501
v -2.811300 -2.044506 -81.399697
v -0.997600 -0.612406 -84.566200
v -2.382500 -1.012706 -83.610099
v -3.909100 -2.099006 -82.538497
v -4.499800 -2.589506 -83.849901
v -6.110800 -4.352506 -82.686102
v -4.451300 -3.408806 -85.192603
v -6.062900 -5.242006 -84.124398
v -8.143000 -8.168806 -82.383602
v -5.332400 -6.237606 -85.187500
v -7.292000 -9.214107 -83.676796
v -10.203500 -14.027406 -80.988197
v -6.011600 -10.156806 -84.565001
v -8.695100 -15.127707 -82.096099
v -12.520300 -22.206005 -77.777599
v -6.752200 -16.121607 -82.949196
v -4.499300 -10.869706 -85.191398
v -4.224000 -7.104107 -85.858702
v -2.926200 -7.785606 -86.317998
v -2.737500 -5.224607 -86.655998
v -1.568700 -6.056006 -86.867201
v -1.505500 -4.023807 -87.034201
v -0.368200 -5.006007 -87.094402
v 0.800100 -6.118907 -86.936199
v 1.957600 -7.897506 -86.476701
v 0.729100 -4.109707 -87.033999
v 1.910600 -5.407207 -86.783599
v 3.186300 -7.350707 -86.224001
v 4.516300 -10.674107 -85.157000
v 2.974600 -11.232707 -85.571896
v 2.932300 -4.729307 -86.403000
v 4.274500 -6.716507 -85.789400
v 5.891700 -9.935506 -84.557497
v 8.291300 -15.175407 -82.180797
v 5.214400 -5.963506 -85.107499
v 7.098000 -9.026106 -83.736097
v 9.877200 -13.964106 -81.114202
v 13.745800 -20.275205 -76.883297
v 7.941300 -7.994606 -82.545399
v 11.006000 -12.642007 -79.750197
v 8.065400 -6.996806 -80.954998
v 5.841900 -5.090606 -84.106999
v 5.939000 -4.265106 -82.816899
v 5.334400 -3.708706 -81.374299
v 7.417200 -6.254606 -79.226100
v 3.797100 -4.062107 -85.824299
v 1.709400 -3.279907 -86.751598
v 2.580800 -2.586607 -86.193597
v 0.587700 -2.191507 -86.650097
v 1.394500 -1.548506 -85.960299
v 0.258700 -0.832306 -85.360402
v -0.380300 -3.046607 -87.022900
v -3.753600 -4.368406 -86.131102
v 45.476699 -4.389501 -17.309899
v 45.020199 -2.624900 -5.487800
v 41.670200 0.007501 7.759300
v 40.740401 -1.951400 6.524400
v 33.572799 -1.322699 16.971500
v 26.205501 -1.463998 23.456000
v 26.288599 -3.166198 22.002301
v 19.445600 -1.629298 27.190799
v 19.435200 -3.240798 25.734300
v 19.634800 -4.969898 24.750001
v 11.808300 -3.641898 28.544501
v 11.757400 -5.260698 27.669701
v 12.058900 -7.067898 27.513701
v 3.533000 -5.729898 29.558799
v 3.531900 -7.412598 29.361001
v 3.651700 -9.176598 29.585601
v -4.504000 -7.471198 29.265100
v -4.976300 -9.234197 29.468102
v -5.404800 -11.125198 29.972199
v 3.800100 -11.084898 30.139802
v -5.942400 -13.433697 30.687902
v 3.984100 -13.294498 30.864100
v -6.826600 -19.619498 32.543702
v -15.994599 -13.628499 28.807400
v -18.941100 -20.207698 30.409803
v -21.153800 -29.079196 31.204703
v -28.000900 -20.157498 27.034302
v -30.992401 -28.362898 27.432801
v -32.938701 -37.282197 25.770703
v -38.125700 -27.535398 21.579202
v -40.229601 -36.248900 19.861603
v -40.318999 -46.753900 16.340504
v -32.803100 -46.596698 22.485303
v -37.602499 -55.479502 12.658605
v -30.558500 -54.279600 18.920304
v -32.966900 -62.573999 8.314405
v -26.911700 -61.057298 14.090504
v -26.880401 -67.481798 1.453805
v -22.212100 -66.893702 5.084605
v -22.406299 -69.278098 -5.760295
v -29.791799 -67.801303 -2.047095
v -25.052601 -69.292003 -7.066295
v -23.219800 -70.013202 -9.966294
v -20.989200 -70.633901 -9.466895
v -23.065700 -71.999104 -11.159394
v -20.960800 -72.435201 -10.696394
v -23.575699 -74.299003 -12.851294
v -21.357401 -74.558700 -12.032494
v -19.099601 -74.536700 -12.312994
v -21.874900 -77.708502 -13.064393
v -19.142300 -77.730698 -13.352694
v -17.006600 -77.449603 -15.319994
v -17.202599 -74.178202 -13.760594
v -16.200900 -77.081199 -18.571094
v -16.151200 -73.552300 -16.980695
v -17.190400 -76.858200 -22.074895
v -17.199799 -73.605402 -21.126594
v -17.128199 -71.178104 -20.359195
v -20.615099 -73.712100 -23.262895
v -20.988800 -71.582403 -22.798594
v -24.151000 -73.730101 -21.969094
v -24.737200 -71.340300 -20.546695
v -25.660899 -73.484804 -18.446994
v -25.572500 -71.064801 -16.261794
v -26.431501 -69.507403 -14.094994
v -28.625101 -69.043101 -11.824895
v -24.629299 -71.307899 -13.038095
v -25.357300 -69.596399 -11.211995
v -27.211601 -69.194103 -8.981795
v -31.728700 -67.887098 -5.422195
v -33.057699 -67.771501 -9.314495
v -39.668000 -64.114303 -6.680495
v -40.142000 -63.871003 -13.354495
v -33.390400 -67.586399 -14.885295
v -38.635001 -63.985902 -1.484595
v -44.717500 -57.099998 1.458204
v -46.022800 -57.624698 -4.516596
v -36.484200 -63.450598 3.431305
v -41.910201 -56.418901 7.302104
v -45.258999 -46.882799 10.007603
v -48.724499 -47.033798 2.818804
v -49.563900 -37.467900 2.827803
v -51.721102 -40.636301 -3.166997
v -50.224501 -48.192302 -3.238097
v -45.473701 -35.946800 11.584303
v -43.202600 -27.732300 12.985202
v -47.039801 -29.563900 5.244202
v -40.848300 -21.065899 13.408001
v -44.409499 -22.547599 6.434602
v -35.166800 -20.166398 21.423802
v -32.466701 -14.254898 20.296201
v -24.985300 -13.896398 25.596202
v -23.389199 -11.040698 24.783801
v -30.728701 -11.266799 19.896800
v -14.938600 -11.084298 28.000701
v -14.037800 -9.149798 27.509201
v -22.206700 -9.202398 24.376001
v -21.247000 -7.430798 24.150801
v -28.584501 -7.640199 19.805401
v -29.567501 -9.396598 19.786500
v -13.279000 -7.354098 27.258701
v -12.760501 -5.593498 27.367300
v -20.552801 -5.637498 24.272201
v -4.191300 -5.815198 29.443700
v -4.012500 -4.295898 30.149499
v -12.497100 -3.921698 28.111199
v 3.601400 -4.187898 30.297101
v 3.822400 -2.819798 31.306601
v -3.949200 -2.938098 31.146500
v 12.059300 -2.073198 29.828701
v 12.190300 -0.518398 31.277099
v 3.966300 -1.462198 32.454801
v 19.474199 0.144202 28.957900
v 19.180700 2.603302 31.361800
v 12.105400 1.125302 32.727900
v 11.727400 2.753903 34.057998
v 3.929100 1.293303 34.553200
v 4.032400 -0.077797 33.547199
v 18.347800 4.957902 33.526200
v 17.603099 6.778903 35.054901
v 11.210900 4.290903 35.248601
v 22.332300 9.415903 35.119500
v 21.842100 9.274403 37.271898
v 17.215399 7.219403 37.026300
v 24.296699 11.362003 38.605698
v 23.963900 9.693803 40.980499
v 21.647200 7.903103 39.561501
v 25.340500 13.299502 40.136998
v 25.058499 11.700003 42.641299
v 24.361300 9.246304 46.047800
v 23.199999 7.211303 44.219601
v 25.313899 15.562304 41.743599
v 24.712200 13.973904 44.428198
v 23.518699 11.382104 47.769498
v 22.189900 7.199404 53.014200
v 23.578200 5.137904 51.658100
v 22.205900 15.612403 45.306398
v 20.814700 12.768004 48.295500
v 19.373401 8.301904 52.889901
v 17.333500 1.919205 59.952199
v 20.271599 1.065905 60.539198
v 17.686900 13.387703 47.802298
v 16.339099 9.211004 52.054399
v 14.390101 2.727004 59.017998
v 9.141700 -3.552395 65.946502
v 12.238900 -4.173295 66.304601
v 12.054800 10.469904 50.663798
v 10.781800 4.114004 57.727098
v 4.819800 -2.730395 65.620703
v -0.498100 -5.751295 69.127298
v 3.315700 -6.915995 70.111102
v -0.394900 -8.638195 72.287799
v 6.182100 -8.040195 70.752502
v -3.871300 -7.248694 70.741803
v -9.832200 -4.375795 67.533201
v -12.196800 -5.755595 68.582201
v -6.223500 -8.753694 72.115499
v -2.745100 -10.351094 73.881204
v -8.197100 -11.034795 72.578002
v -4.345700 -12.772495 74.680401
v -8.902200 -13.552794 71.260102
v -4.967000 -15.340095 73.753102
v -1.369400 -16.504194 74.958004
v 2.521200 -16.614594 74.323602
v 5.403200 -16.710994 69.599701
v 6.195900 -15.909295 72.287704
v 9.994000 -14.031796 65.569402
v 11.043000 -13.467395 68.059898
v 10.895400 -11.693395 70.497800
v 17.130400 -8.492996 62.825102
v 17.199001 -7.255995 65.379400
v 15.160100 -5.320295 66.458601
v 8.881000 -9.558095 71.241999
v 22.261401 -0.997796 59.330601
v 20.820400 -1.931796 57.108903
v 22.293000 3.369104 49.647900
v 18.601200 -2.207796 54.759997
v 19.954801 2.274704 47.702801
v 20.876899 5.739603 42.756998
v 17.008100 1.648804 46.034700
v 17.332999 4.536903 41.748398
v 17.358200 6.118603 39.045399
v 11.943000 2.162303 41.197401
v 11.598700 3.296103 38.843301
v 11.281800 4.302503 36.906600
v 4.177300 1.489003 38.826400
v 3.896300 2.393103 37.004000
v 3.785600 2.631403 35.440099
v -3.904000 2.030503 36.944499
v -3.912400 2.231503 35.400399
v -3.997500 0.946003 34.415501
v -11.409900 3.495502 34.863901
v -12.032400 2.010802 33.481800
v -12.455500 0.447102 32.078099
v -3.985500 -0.382497 33.335900
v -12.586799 -1.044298 30.627999
v -3.986700 -1.708498 32.190800
v -12.525500 -2.467898 29.294101
v -20.132500 -2.230098 26.293600
v -20.195501 -3.855398 25.036499
v -27.141100 -2.473598 21.978200
v -27.367499 -4.173398 20.759601
v -27.826300 -5.888098 20.042401
v -34.214899 -4.546899 14.058601
v -34.530801 -6.313399 13.486000
v -35.187000 -8.057599 13.130701
v -39.945200 -7.085800 4.065801
v -40.248001 -8.847400 3.699501
v -43.208000 -7.154601 -7.434699
v -43.249199 -8.549501 -7.635899
v -44.630799 -7.310601 -17.226000
v -44.644400 -8.538601 -16.881200
v -44.844800 -9.658001 -16.469199
v -43.292600 -9.517402 -26.275399
v -45.269799 -10.810301 -15.855799
v -45.826301 -11.721501 -15.463299
v -46.884900 -13.960202 -19.506298
v -46.593499 -12.438801 -14.984300
v -46.153399 -12.800401 -9.480199
v -45.699799 -15.850300 -3.107299
v -47.650200 -12.817001 -14.541498
v -47.501400 -13.111401 -9.882099
v -47.393900 -15.915500 -4.311599
v -48.178300 -19.739500 -0.876599
v -46.211600 -19.811200 0.326101
v -48.965400 -12.956000 -10.100999
v -49.254799 -15.362901 -4.969899
v -50.260901 -18.911100 -1.277299
v -52.163899 -22.483601 0.535002
v -50.370300 -23.427500 0.671802
v -51.674098 -14.264600 -5.785399
v -52.965802 -17.508900 -1.788699
v -54.604203 -20.716199 0.082802
v -56.846499 -15.500701 -3.596999
v -58.445698 -18.284001 -1.245399
v -61.396098 -13.964500 -7.171099
v -63.050801 -15.965800 -4.121099
v -64.265698 -19.112800 -2.978899
v -64.341497 -22.295401 -4.186298
v -67.666101 -14.900500 -7.067799
v -65.823102 -13.198001 -9.777599
v -70.063198 -12.365801 -11.799399
v -71.740699 -13.694600 -9.867399
v -73.668498 -11.026501 -14.134598
v -75.048399 -11.831201 -13.012399
v -78.328699 -11.118301 -14.730800
v -79.212999 -12.332401 -15.116899
v -79.192799 -9.667201 -16.543099
v -80.025399 -10.640401 -17.027799
v -80.236202 -11.611801 -17.902598
v -79.327500 -13.368001 -16.118099
v -79.347700 -8.737402 -17.994700
v -80.117899 -9.582902 -18.514600
v -80.139101 -10.501801 -19.277299
v -79.639798 -11.311101 -20.088699
v -79.902899 -12.409402 -18.924100
v -79.115897 -14.066002 -17.278399
v -78.576899 -12.159202 -20.852998
v -77.808601 -11.182702 -21.479299
v -75.690800 -12.346202 -21.573499
v -76.577902 -13.403201 -21.062600
v -72.866398 -13.577601 -21.085899
v -73.729300 -15.098001 -20.431599
v -69.303501 -14.562301 -21.063899
v -68.436599 -12.444101 -21.095399
v -63.028502 -12.433902 -22.330499
v -64.423698 -15.297902 -22.693199
v -72.223800 -11.905602 -21.110999
v -71.844500 -10.469701 -20.278300
v -68.030101 -10.823902 -20.006999
v -74.996197 -11.014602 -21.474200
v -74.533802 -9.754302 -20.712600
v -74.416798 -9.048901 -19.430500
v -71.786201 -9.739002 -18.703599
v -77.084500 -10.047902 -21.475699
v -76.506901 -9.027901 -20.854499
v -76.304698 -8.389302 -19.889399
v -76.457202 -8.273002 -18.797400
v -74.623799 -8.970101 -18.130500
v -72.644901 -10.380401 -15.496599
v -72.074997 -9.868602 -16.997699
v -68.877703 -11.374001 -13.883798
v -68.315101 -10.584701 -15.990999
v -68.093503 -10.247201 -18.120199
v -63.594300 -10.641901 -15.577099
v -62.968099 -9.919102 -18.079299
v -62.646902 -10.331202 -20.649300
v -57.387298 -10.169201 -16.982599
v -56.790501 -11.129002 -19.648299
v -57.148802 -13.672501 -21.774899
v -52.607101 -12.002601 -17.892498
v -53.328502 -14.770302 -20.624699
v -54.800498 -18.378401 -22.909899
v -58.591801 -16.880302 -23.655598
v -56.329501 -21.773401 -24.409298
v -61.018699 -20.175602 -24.223399
v -58.283401 -24.984801 -23.616998
v -63.422197 -23.411602 -22.225398
v -59.824598 -27.864503 -21.642398
v -64.679700 -26.159100 -19.450598
v -60.308701 -30.639000 -19.626298
v -64.763701 -28.916700 -17.197498
v -60.007399 -33.407102 -18.322897
v -64.766300 -31.906001 -16.530197
v -59.218502 -36.084400 -16.099997
v -56.592298 -34.326501 -18.930798
v -55.954897 -36.667500 -16.029297
v -55.461299 -38.129000 -12.432697
v -58.517700 -37.845702 -12.379797
v -55.538201 -38.614402 -8.122097
v -58.678502 -38.522301 -8.701397
v -55.889702 -37.767899 -4.630997
v -59.209198 -38.083300 -5.732797
v -64.232200 -37.479100 -7.288698
v -59.782302 -36.552799 -3.641397
v -65.066499 -35.965300 -5.475897
v -60.249603 -34.143099 -2.768998
v -65.193897 -33.444399 -5.003198
v -60.044199 -31.602499 -3.266097
v -64.669299 -30.882800 -5.927098
v -60.217202 -29.215801 -2.752798
v -65.046400 -28.454599 -4.563998
v -69.655597 -27.147702 -5.246398
v -65.228301 -25.497499 -3.547798
v -73.259699 -25.282202 -6.403798
v -75.651097 -23.407701 -8.177998
v -56.895900 -28.862700 -0.501398
v -53.827500 -26.938701 0.886602
v -53.115600 -39.957300 -8.425797
v -53.854799 -38.039101 -4.429697
v -53.488302 -40.018500 -12.804496
v -52.764302 -42.579500 -13.915297
v -52.310801 -42.714501 -8.296897
v -50.703198 -49.158902 -9.535296
v -46.361500 -57.709200 -11.537296
v -54.072601 -38.116403 -16.736397
v -53.158700 -40.541501 -18.287297
v -54.446602 -35.349001 -19.763998
v -53.465998 -37.319000 -21.468297
v -51.915503 -41.107001 -25.223997
v -53.318202 -33.874502 -23.743298
v -51.836300 -36.443602 -27.449197
v -52.584600 -30.352401 -25.198296
v -51.066399 -31.773501 -28.612197
v -48.202100 -33.590203 -34.402797
v -49.811599 -27.176803 -28.758899
v -47.178999 -27.604702 -33.547298
v -40.014201 -26.670903 -44.281099
v -45.920300 -21.545202 -31.346600
v -38.518801 -18.959303 -41.977699
v -28.581500 -17.958304 -54.750501
v -48.413399 -22.680402 -27.753399
v -47.580001 -19.572302 -26.165698
v -49.114999 -20.215603 -24.294399
v -48.387301 -17.313202 -21.904899
v -47.222900 -17.090802 -23.750699
v -50.053102 -23.161902 -25.635497
v -51.867402 -23.147302 -24.117198
v -50.777698 -20.175202 -22.885399
v -51.444602 -26.719501 -25.880797
v -53.094298 -26.192601 -24.154098
v -55.221498 -25.443502 -23.675999
v -53.917998 -22.577302 -23.766798
v -54.120398 -29.373001 -23.244498
v -56.457901 -28.690301 -22.393798
v -54.692900 -32.418002 -21.816297
v -56.880802 -31.492202 -20.763797
v -52.656901 -19.494301 -22.446598
v -51.384902 -16.094701 -20.079999
v -49.808100 -17.049402 -20.518398
v -49.140599 -14.009501 -17.611398
v -47.948101 -14.159502 -18.335300
v -50.475800 -13.374202 -17.350498
v -50.417900 -12.160701 -14.240198
v -48.893899 -12.745802 -14.241499
v -53.070402 -10.911501 -14.925099
v -53.997999 -11.232601 -11.786299
v -50.892901 -12.352701 -10.541899
v -58.432400 -10.687001 -14.202600
v -59.748900 -12.092601 -10.893899
v -55.192202 -12.948500 -7.720499
v -64.406300 -11.794001 -12.757399
v -43.020499 -8.044902 -26.766499
v -36.236000 -8.133703 -39.021500
v -36.552501 -9.713103 -38.888299
v -43.097499 -6.586702 -27.153399
v -36.268100 -6.708703 -39.216899
v -25.891501 -7.016404 -49.103298
v -36.616701 -5.383303 -39.602598
v -26.196700 -5.525004 -49.555200
v -14.869601 -5.610404 -55.693698
v -26.662001 -4.165904 -50.291401
v -14.999200 -4.157904 -56.642002
v -3.743200 -4.152504 -59.422898
v -15.263499 -2.763904 -57.802498
v -3.551500 -2.739405 -60.631799
v 7.361900 -2.858805 -59.857201
v -3.277000 -1.318405 -61.916202
v 8.271600 -1.441305 -60.970402
v 20.902900 -1.786004 -56.165397
v 9.374800 0.308895 -62.342000
v 22.668600 0.170096 -57.275701
v 34.106699 0.332796 -49.425399
v 27.303800 6.406396 -60.606200
v 40.222400 8.188696 -52.844901
v 49.228200 9.003196 -43.317402
v 44.573101 18.906096 -57.212700
v 53.920400 18.109597 -46.494602
v 59.952003 16.284697 -33.293001
v 56.491703 26.285597 -47.251602
v 62.002498 23.850598 -34.141402
v 64.048499 23.664698 -18.052301
v 61.749899 32.573799 -34.198802
v 64.131701 32.504998 -18.785302
v 62.741101 35.697001 -2.718703
v 61.295497 44.504999 -19.080304
v 59.512103 46.688899 -3.512903
v 53.938001 50.416900 10.308796
v 53.160203 59.221899 -3.237804
v 48.829299 61.086798 10.403395
v 43.623900 61.803199 17.940396
v 40.800199 65.227802 17.348995
v 38.080001 64.537604 21.184295
v 38.554099 67.048801 17.288894
v 36.843100 66.366704 20.087794
v 33.985901 65.995600 23.155695
v 35.885000 67.852904 18.996995
v 33.496699 67.640300 21.392194
v 28.436601 67.444702 25.430096
v 34.033599 68.605901 21.283495
v 36.435899 68.529899 19.690894
v 37.752599 68.618102 21.407794
v 35.377800 68.582900 22.835795
v 39.311299 68.818201 23.438896
v 37.139899 68.638303 24.783696
v 34.294900 68.486400 26.404695
v 39.259601 68.659004 27.620495
v 36.650401 68.428399 28.434394
v 33.085400 68.189003 29.718594
v 30.430499 68.333604 28.195996
v 27.838799 68.027803 31.602795
v 25.798899 68.530902 29.890595
v 20.452100 68.696102 33.415595
v 19.290701 69.187405 31.738994
v 10.789500 69.664505 35.265995
v 10.126900 70.169505 33.499894
v 9.665300 70.658603 31.842894
v 0.019900 71.054902 34.276295
v -0.159800 71.454700 32.493595
v -0.272100 71.824905 30.873696
v 9.313800 71.149202 30.260695
v 9.200700 70.532902 30.163894
v -9.907500 70.618602 31.892694
v -10.114500 70.207801 33.692694
v -20.213100 69.327804 31.740794
v -10.408700 69.819805 35.478095
v -20.972300 68.879404 33.510495
v -29.738599 67.964002 30.937595
v -28.447199 68.415900 29.201294
v -32.827601 67.988505 27.085394
v -34.859201 67.502602 28.642196
v -38.052401 67.364403 26.968194
v -35.627601 67.873402 25.295795
v -31.541499 67.314800 32.874895
v -37.210500 66.655203 31.806795
v -40.753901 66.210803 31.806094
v -43.192700 65.879204 32.180096
v -40.332499 67.286404 25.889696
v -40.318099 64.664301 40.485294
v -42.814001 63.893804 42.754696
v -44.712999 63.273004 44.488395
v -46.572500 62.741104 45.870594
v -45.383999 65.524902 32.916297
v -40.590701 61.348305 56.343098
v -42.077401 60.814802 57.841594
v -43.651500 60.295902 59.184797
v -45.269099 59.823702 60.373695
v -48.570099 62.321702 46.977396
v -34.280300 59.507006 69.957294
v -35.705900 58.982008 71.286596
v -37.222400 58.668905 72.724898
v -38.146999 60.449707 73.528995
v -46.938300 60.567902 61.500598
v -21.860100 59.851307 80.566098
v -23.703700 59.672404 82.636894
v -24.113099 61.256808 81.758697
v -6.714900 63.084507 85.537196
v -7.963600 63.368106 83.539994
v -24.276200 61.818206 79.942693
v -36.959100 61.018407 72.336198
v -5.403000 61.272204 86.434193
v 14.024299 60.483104 84.611793
v 12.707600 62.278206 83.563097
v -4.238300 61.477709 84.442694
v 14.323799 60.128904 82.148297
v 30.401701 58.843308 74.395497
v 31.690100 58.973306 77.132095
v -3.094300 61.847204 82.410694
v 14.641400 60.495704 80.008997
v 29.594201 59.429407 72.473897
v 38.998500 61.362307 60.158296
v 40.698799 60.867904 61.490197
v 14.877599 60.884207 77.943696
v 28.804299 60.012304 70.624097
v 37.417299 61.902802 58.701695
v 40.706801 64.829204 45.548094
v 42.600501 64.326403 46.732394
v 27.939400 60.618006 68.756993
v 35.765201 62.463204 57.193495
v 38.403901 65.453104 43.938694
v 35.981801 67.771700 33.689795
v 39.451900 67.700305 33.895994
v 34.562501 66.283003 41.737396
v 30.542299 67.623904 33.952696
v 25.878799 66.608402 40.023894
v 22.351900 68.042305 35.251696
v 12.694600 68.324301 40.371595
v 11.703400 69.105801 37.205596
v 0.575300 69.575802 40.989593
v 0.428300 70.213601 38.078094
v 0.202100 70.655104 36.095596
v -10.818400 69.392302 37.432096
v -11.254100 68.847504 40.032095
v -23.968001 67.657801 38.719196
v -22.082400 68.430605 35.346595
v -34.713301 65.743300 38.540495
v -38.832501 61.949603 54.730798
v -31.244099 60.690402 67.529394
v -32.854199 60.080402 68.702896
v -17.685901 61.462807 75.760998
v -19.080500 60.965007 77.345593
v -20.456500 60.423803 78.925998
v -2.062600 62.160409 80.422093
v -1.164000 62.473905 78.358693
v 15.049000 61.287707 75.835694
v -0.155200 62.941807 75.382693
v 0.404400 63.943207 69.695092
v 0.745100 67.425607 51.578493
v 41.852501 67.529502 34.244294
v 41.380700 68.901404 26.889796
v 43.949100 67.380300 34.369094
v 44.519499 63.918004 47.549896
v 46.031299 67.296204 34.333096
v 46.444401 63.626102 48.028294
v 42.983001 60.915302 62.934895
v 47.049400 65.220205 48.180596
v 41.745201 62.733607 62.718995
v 30.224800 61.156708 76.081993
v 39.932099 63.280903 61.830695
v 28.401899 61.672103 74.704493
v 10.977100 62.833709 81.935294
v 26.552701 62.194508 73.372294
v 9.072300 63.342905 80.286295
v -9.366000 63.603205 81.415094
v 6.957000 63.868207 78.602893
v -10.992900 63.824904 79.261793
v -24.579200 62.633806 75.987394
v -24.391299 62.242907 77.974297
v -34.222400 61.974406 70.175893
v -35.641700 61.498105 71.209295
v -41.797999 62.723003 60.173394
v -43.681499 62.299107 60.681595
v -45.486799 61.850105 61.214597
v -48.231599 64.292703 48.151995
v -50.038397 63.837603 48.283995
v -51.008803 62.534604 47.966794
v -51.529402 65.849802 34.349496
v -49.675301 65.073105 33.956895
v -47.476301 65.260705 33.426295
v -46.862501 67.058005 24.667695
v -44.817701 67.085101 24.897695
v -42.809299 67.158802 25.232393
v -42.242199 67.680802 20.770695
v -40.363899 67.744400 21.807394
v -38.163200 67.797102 23.497995
v -38.587201 68.070401 19.954395
v -40.592700 67.905499 18.699195
v -42.129800 67.802699 17.625894
v -41.064900 67.997600 16.451595
v -44.077000 67.665799 19.803595
v -45.911399 67.773803 18.971896
v -43.710801 67.757500 16.626895
v -48.843199 67.180302 24.327795
v -50.367999 67.945101 24.001794
v -47.597301 68.098302 18.113095
v -50.140297 66.851803 34.648094
v -48.074299 67.161300 34.512896
v -48.733401 69.021900 24.266595
v -46.272200 64.651004 47.778795
v -44.269499 65.054802 47.196395
v -45.782700 67.552003 33.945695
v -43.216899 68.037304 33.125595
v -43.516001 69.606002 24.366594
v -46.311000 69.285103 24.361495
v -42.065999 65.560601 46.322296
v -38.467100 66.326306 45.344994
v -39.477700 68.691602 32.455394
v -26.355401 70.563802 34.494994
v -27.099800 71.191903 30.061094
v -39.163700 70.063700 25.013295
v -25.470999 69.004605 43.903995
v -5.518200 71.224502 44.186095
v -8.155900 72.225705 37.832493
v -21.310000 66.371302 60.374994
v -2.431900 68.153004 60.621793
v -15.914600 64.578604 72.745396
v 1.556900 65.435606 73.311097
v -13.051300 64.091009 76.728697
v 4.574800 64.468705 76.686193
v 22.719000 63.602202 70.378197
v 34.580201 65.075503 57.335294
v 24.670100 62.842804 72.044398
v 36.362901 64.344107 59.333194
v 41.371700 67.371306 44.947995
v 39.244699 68.270001 42.454095
v 38.130999 63.774704 60.724498
v 43.297201 66.704003 46.470095
v 44.430599 69.973602 33.136294
v 41.984001 70.403304 32.187296
v 45.196599 66.128204 47.510696
v 46.606299 69.485601 33.770994
v 45.691499 71.195002 25.184095
v 43.744999 71.520301 25.213093
v 48.106101 67.956802 33.708695
v 45.201901 69.446601 25.546095
v 42.618901 69.271304 21.228895
v 43.800399 69.897004 20.350695
v 43.365300 69.124599 26.261995
v 41.082701 68.998100 22.277195
v 39.572901 68.731602 20.130994
v 41.032600 68.955900 19.052695
v 40.017799 68.767799 17.532895
v 41.047999 69.235100 16.753394
v 42.144299 69.611503 18.181495
v 38.438100 68.558104 18.556295
v 37.706900 68.450303 17.366695
v 39.274499 68.568702 16.302294
v 40.513799 69.186200 15.070494
v 40.952700 69.472600 15.465095
v 41.619101 69.868900 16.015794
v 40.982601 70.996798 17.963994
v 42.597499 70.304800 17.656695
v 40.768799 71.299304 20.928094
v 42.922801 71.227504 20.393694
v 41.244900 71.415599 25.093493
v 37.724099 71.186002 21.555494
v 37.929800 71.277602 25.028894
v 39.032900 70.798602 30.849794
v 32.711500 71.123399 25.772995
v 34.700799 70.772203 30.148593
v 21.891800 71.729203 30.463493
v 23.006500 71.087101 32.959796
v 6.426000 72.814104 35.000995
v 7.443000 72.153506 37.304894
v -9.569900 72.672203 35.016695
v 5.706100 73.344203 33.327195
v -10.741700 73.077204 32.996396
v -28.376001 71.523001 26.460696
v -12.427000 73.866602 30.971495
v -31.325299 72.000404 21.866695
v -41.280001 70.358802 15.691095
v -39.991301 70.580502 20.192995
v -43.887299 70.141400 18.755894
v -46.497101 69.913800 18.092494
v -48.541799 69.236900 17.414995
v -45.302701 67.939301 15.441995
v -43.630299 67.709799 13.898695
v -41.983601 67.852904 15.457895
v -15.182599 75.477102 28.554195
v 4.441800 75.567903 30.671895
v 3.888000 76.976302 29.510695
v -17.078499 76.939799 26.424495
v 5.068200 74.216601 31.865695
v 20.718300 73.120501 26.779294
v 20.721100 74.371805 25.346396
v 21.059901 72.215905 28.566695
v 31.780100 71.231003 23.160394
v 31.581300 71.306802 20.699294
v 38.019899 70.970102 18.604294
v 32.039899 72.413899 18.163795
v 33.072099 74.371500 15.581094
v 21.122400 76.040204 23.636395
v 32.697600 77.404202 13.349494
v 21.036100 78.675999 21.315694
v 3.033600 79.502704 27.290395
v 19.076200 84.818001 16.195693
v 1.407100 84.616603 21.719594
v -18.982400 84.029300 18.250894
v -18.453801 79.049303 23.772293
v -35.350299 83.705002 5.488294
v -37.448099 78.003401 9.705694
v -40.729600 84.651100 -10.402606
v -44.909099 78.303700 -8.426306
v -38.196999 85.898099 -28.355706
v -44.602901 77.653001 -29.596007
v -30.090901 87.418595 -42.253906
v -36.030599 78.857794 -45.315906
v -41.355899 71.301898 -45.789906
v -23.350000 80.313297 -55.987007
v -27.278501 71.078195 -59.194606
v -28.742900 65.314998 -60.060005
v -41.493100 67.618599 -45.628404
v -31.896800 58.725698 -62.787603
v -43.572301 62.063994 -47.980406
v -48.494399 64.943597 -32.797905
v -48.698500 52.213295 -51.389907
v -54.901898 53.489796 -35.136403
v -57.218403 53.564798 -17.394304
v -55.521101 54.862302 -1.529504
v -59.934098 40.334997 -36.912802
v -62.963599 39.482798 -18.714003
v -61.169302 42.159000 -2.194603
v -54.509002 47.716300 12.208796
v -51.263499 57.713301 9.647196
v -64.813900 29.005198 -19.083003
v -62.936699 32.542100 -1.434002
v -55.720198 38.549701 14.554398
v -48.314700 43.020703 23.914897
v -47.384399 53.383900 20.672696
v -62.494099 24.291000 -1.150702
v -55.156702 29.116700 14.862298
v -47.003400 31.876003 25.516597
v -40.277299 33.711603 31.738899
v -41.828701 45.419502 29.626497
v -52.516299 19.420900 13.707599
v -43.717000 20.512502 25.626598
v -48.521999 9.814901 10.933099
v -39.865801 11.165802 23.837399
v -43.667400 2.031801 7.747000
v -54.109800 6.803400 -3.629501
v -48.298600 0.475000 -5.338200
v -46.367401 -1.399300 -5.820800
v -42.091101 -0.396100 6.637700
v -45.032200 -2.910100 -6.400700
v -41.140100 -2.208199 5.663800
v -44.110700 -4.323501 -6.892400
v -40.430701 -3.796600 4.946000
v -34.252599 -2.885399 14.838401
v -40.044901 -5.383400 4.475201
v -43.494600 -5.742401 -7.219900
v -45.531300 -4.691601 -17.719100
v -44.934201 -6.031701 -17.510600
v -43.518999 -5.174602 -27.596798
v -46.362501 -3.350701 -17.888799
v -44.189799 -3.815602 -28.150600
v -37.186900 -4.012003 -40.159699
v -45.223901 -2.381302 -28.934401
v -38.070801 -2.558103 -41.016900
v -27.353901 -2.779004 -51.246202
v -39.165401 -0.899203 -42.151201
v -28.277299 -1.241004 -52.288997
v -15.572500 -1.360704 -59.070897
v -30.104101 1.971496 -54.624301
v -15.795600 0.648795 -60.928100
v -2.873600 0.496795 -63.586098
v -17.114700 6.428195 -65.184099
v -2.133500 4.471895 -66.825301
v 11.553400 4.758095 -65.527702
v -1.780600 14.724294 -72.795499
v 13.597099 15.083095 -71.341802
v 31.104100 17.467795 -65.746404
v 14.245000 26.921594 -74.695404
v 33.160400 28.718294 -68.433001
v 47.467101 28.650697 -58.790900
v 34.903601 38.861696 -68.416002
v 49.410599 37.753995 -57.681700
v 57.263601 35.017496 -46.285402
v 48.985600 47.196697 -54.854003
v 55.630702 45.844596 -43.890605
v 59.285998 44.675097 -33.306703
v 50.462103 57.224497 -40.418203
v 52.923799 57.280300 -32.254304
v 54.241300 57.788001 -19.266604
v 46.912199 66.633097 -31.728705
v 47.712600 67.669199 -18.758205
v 45.348001 66.274199 -37.417706
v 45.841500 56.786897 -50.269006
v 42.122599 65.259197 -45.592405
v 34.560001 55.849696 -62.590502
v 32.581300 63.664295 -58.173405
v 35.672000 47.560994 -66.235605
v 15.922201 49.253396 -73.545704
v 16.182500 58.108795 -69.992302
v 14.968100 39.021194 -75.393805
v -0.809700 39.437995 -77.017602
v -0.613500 50.797296 -75.051705
v -1.273200 26.715595 -76.250901
v -17.402700 28.378195 -74.204203
v -16.712999 39.945394 -74.959305
v -17.683500 16.862795 -70.992900
v -36.453000 21.047195 -64.303799
v -37.316099 31.420396 -66.756704
v -34.317899 10.195795 -59.310598
v -47.267699 12.679096 -49.928300
v -50.651503 22.468695 -53.314300
v -42.029801 3.432297 -45.251900
v -50.936502 4.438098 -32.876000
v -57.041597 12.896197 -35.804401
v -46.608001 -0.721102 -29.976001
v -49.146399 -0.201701 -18.179201
v -54.701799 5.317999 -18.414800
v -47.531900 -1.903501 -18.053999
v -59.844202 15.683900 -2.453101
v -60.918802 13.575399 -18.677401
v -64.107299 21.007699 -18.873201
v -60.300100 21.081697 -37.817700
v -61.088598 29.858998 -37.981602
v -52.126598 32.113497 -54.718604
v -51.855302 41.988995 -53.851703
v -37.552500 41.065294 -66.869703
v -35.667801 49.898596 -65.419004
v -15.939900 50.380493 -73.250804
v -14.431100 60.269994 -69.476305
v -0.569600 61.070395 -70.989405
v -12.423800 66.016395 -67.807304
v -0.862000 65.796197 -69.655107
v 15.572500 64.186294 -66.796206
v -0.195400 69.792897 -69.592505
v 15.625501 69.860793 -65.798407
v 31.915799 70.285298 -55.318003
v 15.171900 79.380293 -60.297704
v 29.701900 79.373594 -50.342804
v 40.379000 78.287497 -36.932105
v 43.173799 71.629396 -40.944406
v 26.447001 87.494197 -44.540206
v 35.655099 85.740600 -32.240907
v 40.861201 82.831197 -16.529306
v 44.896200 76.265799 -18.436305
v 45.695999 70.621799 -19.238105
v 41.224501 79.858100 -1.411506
v 37.771100 76.814801 8.362594
v 29.248500 85.063899 8.415693
v 24.014400 91.677302 0.231293
v 15.625900 90.216602 8.636793
v 19.053900 95.436799 -9.294408
v 0.621900 89.059503 14.312194
v -16.850500 89.134801 11.341494
v -29.699799 90.027797 0.374393
v -33.601099 90.733700 -11.931407
v -31.219301 91.844199 -25.915507
v -16.468500 97.751699 -30.272506
v -23.789801 93.621096 -37.202908
v -19.400901 88.563099 -50.945408
v -8.766600 88.576295 -56.057508
v -10.783900 78.849394 -63.149208
v 2.523100 88.510998 -57.009108
v 1.456600 78.411598 -65.116507
v -11.553800 70.088596 -67.469006
v 14.640400 88.661595 -52.662904
v 13.014300 95.230797 -43.520508
v 22.980399 93.513796 -36.279808
v 9.243500 99.087599 -33.445807
v 17.687599 97.034500 -26.467208
v 24.346100 95.015799 -16.988907
v 30.639499 91.255895 -25.768406
v 12.156200 97.930502 -18.156707
v 4.078900 99.548201 -25.036208
v -9.068100 99.071996 -23.823108
v -40.996501 55.952605 26.185896
v -31.781599 61.842402 28.873797
v -39.659399 62.108203 22.830196
v -44.880801 61.005904 17.787896
v -38.849100 64.807601 20.779995
v -43.076900 64.584203 16.018095
v -31.127399 64.476903 27.270896
v -21.346200 64.446100 31.623296
v -22.195800 60.853102 33.350696
v -11.269700 63.119605 34.480096
v -0.172900 61.424002 35.970895
v 0.687800 51.683304 39.254396
v 1.731100 39.261604 42.479396
v 1.889300 29.839602 44.174699
v 1.709300 24.204304 44.034998
v 13.797399 27.174902 42.719598
v 13.263400 22.671204 42.444499
v 20.096500 23.916203 40.757598
v 1.683900 21.324103 43.674399
v 1.656500 18.889304 43.265198
v 12.989500 19.999804 42.101498
v -10.827300 21.153303 42.909197
v -10.489700 18.815603 42.572798
v -10.064600 16.814603 43.120699
v 1.714800 17.050204 43.404998
v -19.197500 21.489903 40.935199
v -18.801901 19.513403 41.355099
v -18.669900 17.579603 42.863600
v -18.276399 15.953003 44.519098
v -10.301900 15.576403 44.645198
v -23.370300 19.070403 41.055797
v -23.032700 17.512803 42.749198
v -21.967000 15.799903 44.651898
v -20.711200 13.593403 47.142299
v -17.523700 13.858103 46.751599
v -25.461099 16.303504 42.153399
v -24.591500 14.829304 44.366698
v -23.429801 12.775604 47.230198
v -22.097600 9.653104 51.049899
v -19.385201 10.406904 50.648897
v -26.033601 12.887803 43.080099
v -25.341600 10.904603 46.215998
v -24.332100 7.989404 50.370699
v -23.329499 3.615104 56.515300
v -20.881900 4.641304 56.570100
v -25.234500 8.694704 44.487300
v -24.272899 5.805104 48.705700
v -23.273900 1.525704 54.952502
v -20.811500 -4.711895 61.911601
v -20.469201 -2.551295 63.575703
v -22.644700 4.196204 47.016999
v -21.463101 0.307904 53.238398
v -19.238301 -5.593896 59.710199
v -13.994300 -11.678395 64.783604
v -14.722601 -10.241095 67.132700
v -19.214800 -0.434696 51.562703
v -16.953000 -5.579696 58.031398
v -12.187500 -11.738395 62.597699
v -6.539900 -15.287294 66.689701
v -8.220900 -15.138695 68.984200
v -14.477900 -5.391496 56.532300
v -9.981100 -11.164895 61.044801
v -4.524000 -14.528095 64.774198
v 1.527000 -15.042296 65.158702
v 5.438800 -12.557995 61.682803
v 8.024500 -13.525995 63.316102
v 3.865800 -16.236194 67.055399
v 10.176500 -7.245296 56.679798
v 13.105799 -7.937095 58.504600
v 15.438201 -8.461195 60.319603
v 16.102999 -2.274996 52.692801
v 12.313800 -2.243096 50.283700
v 12.252300 0.663703 44.483900
v 5.253500 -2.685296 47.683799
v 4.797900 -0.577897 43.325001
v 4.452900 0.560403 40.840301
v -3.989800 -0.651697 42.921799
v -3.948700 0.355803 40.649199
v -3.935100 1.210403 38.761401
v -11.707800 1.880003 40.642601
v -11.464000 2.784703 38.565400
v -11.191500 3.644303 36.668199
v -17.325400 5.732903 38.763099
v -17.053200 6.696602 36.771801
v -17.615999 5.969603 34.645798
v -21.443300 8.910903 36.967199
v -21.951599 8.335402 34.680399
v -24.454500 10.459903 37.694698
v -24.693400 11.219003 35.161599
v -26.100001 12.234603 39.238300
v -26.210800 13.357504 37.353199
v -26.518500 14.245603 40.792798
v -26.737300 15.143503 38.954999
v -25.957501 17.275102 40.145399
v -23.447800 20.736302 39.515899
v -25.785699 10.739503 41.451799
v -24.210700 8.957003 39.991000
v -23.583500 7.018003 42.862200
v -21.426500 7.751103 39.107999
v -20.966700 6.028803 41.754800
v -20.196100 3.245103 45.633101
v -17.334101 4.507703 41.095999
v -17.042300 2.368703 44.466901
v -16.545500 -0.917996 49.938101
v -11.825800 0.799603 43.393001
v -12.007100 -1.420596 48.179001
v -4.191400 -2.380897 46.796501
v -14.107300 -7.904695 68.755001
v -18.305200 -0.936095 63.234401
v -15.887100 -0.049195 62.096697
v -18.272100 5.321904 55.928599
v -16.562800 11.017704 49.937498
v -10.464300 11.636703 49.406799
v -10.361000 13.969704 46.579399
v 1.818900 12.020504 49.999200
v 1.722800 14.450004 47.161900
v 1.708400 15.957404 45.103799
v 12.457300 13.807704 46.996199
v 12.748399 15.973704 44.688000
v 12.975501 17.649403 42.832299
v 18.861800 16.207603 45.156999
v 19.583300 18.335703 43.125899
v 19.790401 20.408604 41.392298
v 23.135500 17.638503 42.904098
v 23.502800 19.442003 40.849097
v 23.962601 24.296303 39.463000
v -31.539100 -67.538800 -22.069194
v -27.284300 -66.709205 -30.603994
v -25.150901 -73.666300 -14.999794
v -25.644100 -77.068503 -20.436594
v -25.790900 -77.262504 -17.178394
v -24.345200 -77.497501 -14.467993
v -26.070100 -82.753403 -17.945094
v -25.047800 -82.204003 -15.061594
v -22.413300 -81.946803 -13.220694
v -22.546600 -86.213798 -12.417694
v -19.535400 -86.001802 -12.590393
v -19.329800 -81.906904 -13.536493
v -17.113900 -86.518903 -14.508794
v -16.967100 -81.988699 -15.669293
v -16.174001 -82.146700 -18.845394
v -17.001399 -82.326003 -22.018794
v -19.743399 -82.551004 -24.107994
v -20.318700 -76.822003 -23.935794
v -23.169100 -82.672300 -23.821494
v -23.742600 -76.911702 -23.158194
v -25.565901 -82.705404 -21.499394
v -22.457699 -88.816203 -23.158794
v -21.774501 -92.561604 -22.930293
v -21.073499 -94.924905 -22.959292
v -24.524599 -94.872202 -21.443093
v -20.682999 -96.746202 -22.489692
v -23.886900 -96.827902 -21.424993
v -26.231501 -96.890600 -19.329393
v -26.442301 -94.859804 -18.710693
v -27.734801 -97.045202 -16.651893
v -27.655500 -95.068402 -16.043392
v -29.559901 -97.001899 -13.308193
v -29.174000 -95.166899 -12.877792
v -28.215101 -93.660201 -11.744593
v -31.155500 -95.075703 -8.719093
v -29.774001 -93.792099 -7.560493
v -27.833599 -93.214602 -6.246993
v -26.730701 -92.619301 -10.345693
v -25.544700 -92.893398 -5.041393
v -24.756800 -91.831899 -9.009593
v -22.809500 -92.711598 -4.308693
v -22.454400 -91.417599 -8.252893
v -22.421101 -89.335103 -10.962193
v -19.967900 -91.361100 -8.293893
v -19.801900 -89.155299 -11.052793
v -17.644100 -91.692502 -9.255793
v -17.469500 -89.681400 -12.524093
v -19.917201 -92.672700 -4.325893
v -17.178300 -92.845703 -5.311593
v -14.864700 -93.125898 -6.977693
v -17.031901 -93.831903 -2.474693
v -14.430900 -94.010502 -4.027293
v -12.136500 -93.976701 -5.473793
v -12.890001 -93.593199 -8.789693
v -10.228200 -94.670302 -6.852993
v -11.472000 -94.724400 -10.517093
v -9.047900 -96.156598 -7.910492
v -10.728500 -96.418000 -11.650893
v -13.699000 -96.653600 -15.316592
v -11.225100 -98.130603 -11.584993
v -14.248700 -98.002500 -15.104492
v -16.360600 -98.025603 -18.194993
v -15.622900 -96.415402 -18.680093
v -17.408399 -96.602000 -21.278493
v -15.532801 -98.727203 -14.137793
v -17.655100 -98.824401 -17.094693
v -17.036501 -99.038399 -13.052392
v -19.075499 -99.338402 -15.943493
v -18.611801 -99.305803 -12.033193
v -20.592900 -99.571402 -14.593293
v -22.320600 -99.284400 -16.462593
v -22.205700 -99.601699 -12.631093
v -23.917800 -99.527002 -14.166492
v -25.554901 -99.278004 -15.436192
v -23.905200 -98.932601 -17.929792
v -27.032000 -98.610599 -16.363892
v -25.344801 -98.373099 -19.056593
v -27.540100 -99.377103 -11.970992
v -28.998399 -98.627699 -12.928693
v -29.909199 -99.205202 -8.395092
v -31.379300 -98.494399 -9.260392
v -31.786799 -96.834899 -9.393092
v -32.967499 -98.383403 -6.458893
v -33.123800 -96.929801 -6.363893
v -32.014200 -95.550102 -5.548693
v -33.954400 -96.944100 -4.350293
v -32.653999 -95.916599 -3.452193
v -31.094801 -95.371002 -2.526393
v -30.465099 -94.728798 -4.547293
v -29.114401 -94.974202 -1.774493
v -28.553200 -94.262201 -3.497793
v -26.651400 -94.538999 -0.961693
v -26.144299 -93.836302 -2.420493
v -23.729300 -94.114298 -0.015893
v -23.225100 -93.500102 -1.509593
v -20.023200 -93.496001 -1.416093
v -27.204299 -95.127201 0.240207
v -24.437299 -94.687402 1.222607
v -27.725500 -95.626098 1.296107
v -25.319901 -95.228398 2.273107
v -22.860201 -95.195502 3.333407
v -26.312500 -95.944798 3.272307
v -24.438401 -95.764398 4.475107
v -22.507800 -95.992899 5.251607
v -25.839400 -96.908801 5.199707
v -24.087600 -96.649998 6.382407
v -20.653600 -96.273499 5.753907
v -17.383300 -96.533298 4.801807
v -15.660299 -96.349698 3.333907
v -17.178001 -97.503900 4.482907
v -15.630500 -97.347402 3.178907
v -14.184099 -97.478097 2.543007
v -14.086600 -96.706402 2.379807
v -17.875800 -97.903502 3.403107
v -16.213700 -97.843599 1.958207
v -14.355400 -97.865999 1.269907
v -12.575400 -97.926301 1.370507
v -12.679800 -97.542900 2.693707
v -16.755900 -98.112899 0.735207
v -14.629200 -98.113602 0.023707
v -12.590399 -98.200297 -0.211993
v -10.879100 -98.274302 -0.224793
v -15.119000 -98.343402 -1.497593
v -12.976000 -98.404300 -1.902693
v -11.075500 -98.517502 -2.125793
v -9.263900 -98.355001 -2.331793
v -13.717499 -98.538399 -3.905192
v -11.768400 -98.689002 -4.397693
v -9.873600 -98.543400 -4.774392
v -8.259700 -97.667700 -4.957293
v -7.788900 -97.659499 -2.411293
v -12.948500 -98.857600 -6.973592
v -10.959200 -98.762102 -7.620493
v -9.306500 -97.874100 -8.064993
v -8.325400 -96.119202 -4.613993
v -12.846600 -98.877401 -10.727893
v -14.663900 -98.966498 -9.785692
v -14.929600 -98.753202 -6.224193
v -16.585800 -98.990501 -8.879293
v -16.994500 -98.856199 -5.292793
v -18.532000 -99.105299 -7.862793
v -20.355400 -99.405999 -10.605492
v -20.757399 -99.160201 -6.190592
v -22.470100 -99.395502 -8.180293
v -24.233000 -99.520201 -9.626292
v -24.770200 -99.258697 -5.478293
v -26.536599 -99.411399 -6.542692
v -28.268200 -99.423403 -7.477792
v -25.933599 -99.531800 -10.865592
v -28.431201 -99.156803 -4.130593
v -30.013999 -99.175698 -4.958393
v -31.542400 -98.965598 -5.767392
v -31.277701 -98.794198 -2.880493
v -32.672599 -98.658800 -3.645793
v -33.996499 -98.161602 -4.407693
v -33.569700 -98.370499 -1.912693
v -34.759900 -98.126102 -2.718793
v -34.583899 -97.097898 -2.640393
v -34.942800 -98.116398 -1.233893
v -34.844100 -97.150898 -0.875493
v -33.504400 -96.650398 -0.217293
v -33.208200 -96.189898 -1.772193
v -31.838900 -96.262401 0.490007
v -31.568000 -95.808101 -0.959793
v -29.923099 -95.964903 0.894407
v -29.632199 -95.511699 -0.393593
v -31.867799 -96.878701 1.856807
v -29.948899 -96.545601 2.128007
v -28.153500 -96.266699 2.396807
v -29.602200 -97.600001 1.817707
v -28.131300 -97.468298 2.381407
v -26.890001 -97.368502 3.544008
v -25.872099 -98.126697 2.363807
v -24.832299 -98.062598 4.163407
v -27.322900 -98.169100 0.958407
v -26.314101 -98.531503 -0.478893
v -24.701700 -98.431802 0.969007
v -29.031301 -98.222500 0.118507
v -28.119001 -98.663998 -1.499293
v -26.709801 -99.020100 -3.220993
v -24.915500 -98.835403 -2.161493
v -30.670100 -98.296100 -0.378293
v -29.807201 -98.768902 -2.194793
v -32.169500 -98.377001 -1.051393
v -31.296799 -97.877198 1.401207
v -32.968399 -98.012698 0.475807
v -34.261101 -98.037797 -0.396693
v -33.595201 -97.186500 1.009007
v -34.448701 -97.223598 0.366407
v -23.028100 -99.060899 -4.110393
v -21.538700 -98.851401 -2.498193
v -23.336001 -98.638701 -0.715293
v -20.338300 -98.622602 -0.809693
v -22.067299 -98.467797 0.930307
v -23.470300 -98.329901 2.661507
v -21.069901 -98.282403 2.438707
v -22.507501 -98.180902 4.170407
v -23.900700 -97.947502 5.835007
v -20.192599 -98.061800 3.769807
v -18.611200 -98.123097 2.151207
v -19.403300 -98.361200 0.743907
v -17.359801 -98.388302 -0.652993
v -18.188401 -98.699898 -2.263593
v -15.878800 -98.617399 -3.219393
v -19.311300 -98.943699 -4.151393
v -9.893100 -95.119900 -3.812693
v -9.839800 -95.683003 -1.499093
v -8.143900 -96.416903 -2.143493
v -10.142800 -96.181297 0.465507
v -12.021800 -96.040398 0.801707
v -12.432800 -96.732700 2.339607
v -11.854400 -95.522302 -0.776093
v -11.859500 -94.889099 -2.820593
v 16.820700 -95.544398 2.885607
v 16.086900 -96.190500 3.959607
v 17.548899 -96.200001 4.990707
v 17.229401 -97.351300 5.165707
v 53.250802 -39.985300 -13.947797
v 53.759402 -37.841602 -18.066697
v 55.051899 -36.299802 -17.283197
v 54.627198 -38.271202 -13.196898
v 55.480599 -33.321701 -20.129897
v 57.773399 -32.388203 -19.597897
v 57.370198 -35.434700 -17.118897
v 61.317199 -34.047802 -17.166998
v 60.734397 -36.689202 -14.467797
v 57.003403 -37.583102 -13.335797
v 61.412400 -30.804501 -18.544597
v 65.287501 -25.317801 -19.051098
v 60.799402 -38.102002 -10.654197
v 57.216501 -38.441101 -8.851197
v 61.520100 -38.095400 -7.427197
v 57.794601 -37.753201 -5.242797
v 62.235802 -36.495799 -4.939697
v 58.434099 -35.747299 -3.045897
v 62.218601 -33.868501 -4.138497
v 58.701098 -33.341000 -2.403397
v 55.949801 -31.384099 -0.705298
v 58.297098 -31.108201 -2.306998
v 56.110197 -29.864499 -0.469098
v 53.612000 -27.812901 0.720602
v 53.110898 -28.958100 0.722602
v 48.941201 -24.664099 1.025902
v 50.575697 -23.888899 0.695502
v 48.473200 -19.729100 -0.942198
v 46.648899 -19.948900 -0.214798
v 54.376602 -26.249599 0.751002
v 51.946098 -22.761200 0.545602
v 50.224799 -18.967700 -1.219399
v 49.291101 -15.385300 -4.979499
v 47.525600 -15.942200 -4.460799
v 54.651201 -20.753400 0.117202
v 52.967697 -17.332600 -1.888499
v 51.677501 -14.167801 -5.953999
v 50.810701 -12.156401 -10.804499
v 48.882899 -12.876000 -10.107299
v 57.477301 -15.230400 -3.935699
v 55.688798 -12.676301 -8.293899
v 54.282099 -11.135101 -12.502599
v 60.277897 -11.843201 -11.629399
v 58.941102 -10.462701 -15.045699
v 57.721400 -10.115601 -18.041500
v 63.868803 -10.446001 -16.060900
v 63.095498 -9.783801 -18.760499
v 68.275100 -10.519802 -16.279199
v 67.921501 -10.397901 -18.525199
v 71.706700 -10.039002 -17.062699
v 71.438497 -10.120601 -18.908299
v 71.568000 -11.237202 -20.442500
v 72.050899 -13.092102 -20.991399
v 74.141699 -9.368002 -19.632999
v 74.312901 -10.396402 -20.771899
v 74.792600 -11.789802 -21.182499
v 76.583201 -9.373902 -21.075400
v 77.083200 -10.496402 -21.532799
v 76.338702 -8.448301 -20.183299
v 74.365902 -9.093802 -18.192000
v 76.460099 -8.114001 -19.012300
v 72.353202 -10.538701 -15.384100
v 68.870699 -11.313301 -14.004799
v 70.038199 -12.299901 -11.936199
v 73.368800 -11.138401 -13.892499
v 71.567702 -13.523700 -10.116899
v 74.774599 -11.947401 -12.615799
v 72.886199 -15.308801 -8.874598
v 76.135498 -13.181000 -11.877299
v 78.244698 -11.064701 -14.547899
v 76.808703 -14.889901 -12.063199
v 79.105502 -12.374801 -14.781999
v 80.051303 -10.457101 -16.907599
v 79.203397 -9.425201 -16.580000
v 79.215097 -13.769900 -15.719200
v 80.266201 -11.532001 -17.744598
v 78.728300 -14.712702 -16.999799
v 79.997599 -12.284902 -18.915698
v 67.783099 -14.572600 -7.811699
v 69.186699 -16.767601 -6.216199
v 63.722700 -15.617100 -4.924599
v 65.031600 -18.531400 -3.586999
v 65.372699 -21.686600 -4.373298
v 60.725498 -21.075100 -1.087098
v 66.109300 -24.638000 -4.055998
v 66.146898 -27.738300 -4.359498
v 61.342400 -31.464401 -4.873398
v 65.650398 -29.678101 -6.209698
v 69.996703 -28.219200 -6.496098
v 73.511702 -25.601599 -7.162398
v 66.649997 -32.565502 -5.889797
v 69.712502 -30.048201 -8.329098
v 73.169702 -27.512000 -8.448998
v 75.619400 -25.396002 -9.176198
v 75.439101 -23.534901 -8.367298
v 70.613497 -31.512202 -9.098798
v 72.757697 -28.248302 -10.026298
v 75.327301 -26.459000 -10.540198
v 72.330397 -28.653402 -11.532898
v 71.007103 -32.623602 -10.866698
v 67.176801 -35.136700 -6.966097
v 66.888303 -36.606602 -9.548898
v 59.286702 -17.975000 -1.527199
v 56.393802 -24.021500 0.410502
v 62.050700 -13.675200 -7.883099
v 66.131300 -12.993700 -10.335899
v 64.781898 -11.569901 -13.244099
v 47.441301 -13.091301 -9.767799
v 46.191800 -12.775201 -9.384099
v 45.873001 -15.880600 -3.575899
v 45.093399 -12.095601 -8.861899
v 44.454300 -15.374801 -2.080499
v 45.197099 -19.458400 1.220601
v -72.964799 -19.817002 -14.895898
v 44.928700 68.624094 -36.869305
v 46.181601 68.664495 -29.825904
vt 0.496115 0.000001
vt 0.636077 0.000011
vt 0.434218 0.000034
vt 0.492546 0.000043
vt 0.813231 0.000084
vt 0.830861 0.000086
vt 0.437012 0.000104
vt 0.463382 0.000104
vt 0.214755 0.000114
vt 0.755975 0.000147
vt 0.255145 0.000155
vt 0.730368 0.000159
vt 0.309061 0.000163
vt 0.856051 0.000170
vt 0.403629 0.000183
vt 0.809946 0.000201
vt 0.202283 0.000209
vt 0.194152 0.000212
vt 0.827891 0.000225
vt 0.853270 0.000237
vt 0.328147 0.000242
vt 0.352326 0.000242
vt 0.792618 0.000453
vt 0.753853 0.000456
vt 0.525466 0.000503
vt 0.305615 0.000504
vt 0.705903 0.000529
vt 0.288567 0.000535
vt 0.379059 0.000546
vt 0.839944 0.000589
vt 0.227929 0.000630
vt 0.241006 0.000630
vt 0.206833 0.000704
vt 0.273472 0.001076
vt 0.604227 0.001166
vt 0.632952 0.001166
vt 0.863870 0.001361
vt 0.279885 0.001575
vt 0.224132 0.001657
vt 0.204017 0.001664
vt 0.465541 0.001681
vt 0.712772 0.001690
vt 0.196377 0.001764
vt 0.259072 0.001794
vt 0.354669 0.001832
vt 0.663306 0.002052
vt 0.688765 0.002052
vt 0.781545 0.002167
vt 0.408890 0.002250
vt 0.187012 0.002532
vt 0.243325 0.002637
vt 0.256675 0.002804
vt 0.206349 0.002845
vt 0.434799 0.002924
vt 0.853843 0.002937
vt 0.750934 0.003105
vt 0.350184 0.003210
vt 0.381232 0.003269
vt 0.406737 0.003269
vt 0.305048 0.003441
vt 0.331309 0.003515
vt 0.193173 0.003733
vt 0.213193 0.003767
vt 0.226156 0.003767
vt 0.307744 0.003781
vt 0.239377 0.003808
vt 0.462275 0.003841
vt 0.275689 0.003849
vt 0.290386 0.003849
vt 0.272982 0.003855
vt 0.378212 0.003892
vt 0.490916 0.003901
vt 0.777555 0.004389
vt 0.661096 0.004423
vt 0.635255 0.004427
vt 0.755975 0.004784
vt 0.853193 0.005187
vt 0.809946 0.005223
vt 0.812149 0.005340
vt 0.799238 0.005370
vt 0.736979 0.005958
vt 0.309460 0.005981
vt 0.015089 0.006056
vt 0.228244 0.006128
vt 0.711739 0.006200
vt 0.779658 0.006215
vt 0.604427 0.006231
vt 0.857153 0.006240
vt 0.747105 0.006251
vt 0.029400 0.006276
vt 0.829090 0.006324
vt 0.844973 0.006324
vt 0.664681 0.006331
vt 0.709405 0.006343
vt 0.684086 0.006375
vt 0.526831 0.006624
vt 0.596616 0.006628
vt 0.214816 0.007067
vt 0.035652 0.007128
vt 0.073323 0.007128
vt 0.397275 0.007404
vt 0.302508 0.008233
vt 0.200970 0.008558
vt 0.550963 0.008592
vt 0.950704 0.008597
vt 0.076348 0.008929
vt 0.589635 0.008937
vt 0.453932 0.008977
vt 0.579362 0.009054
vt 0.273644 0.009470
vt 0.357737 0.009476
vt 0.568623 0.009521
vt 0.891164 0.009568
vt 0.425105 0.009841
vt 0.330361 0.010229
vt 0.491792 0.010423
vt 0.525637 0.010433
vt 0.120936 0.010580
vt 0.117215 0.010582
vt 0.712068 0.010904
vt 0.545972 0.011199
vt 0.084462 0.011412
vt 0.692005 0.011520
vt 0.612339 0.011720
vt 0.887975 0.011929
vt 0.279117 0.011978
vt 0.104281 0.012019
vt 0.914352 0.012403
vt 0.972607 0.012460
vt 0.738137 0.013009
vt 0.341046 0.013286
vt 0.183985 0.013303
vt 0.349215 0.013731
vt 0.837698 0.013864
vt 0.157258 0.013982
vt 0.657420 0.013982
vt 0.677354 0.014019
vt 0.524797 0.014181
vt 0.233252 0.014315
vt 0.994492 0.014353
vt 0.545209 0.015249
vt 0.826790 0.015306
vt 0.519698 0.015317
vt 0.709481 0.015492
vt 0.948247 0.015954
vt 0.778699 0.016281
vt 0.455065 0.016920
vt 0.026268 0.017166
vt 0.630733 0.017230
vt 0.801240 0.017337
vt 0.732972 0.017412
vt 0.054281 0.017526
vt 0.462896 0.017550
vt 0.042883 0.017555
vt 0.013823 0.017612
vt 0.277786 0.017768
vt 0.524345 0.017944
vt 0.308675 0.018409
vt 0.293058 0.018764
vt 0.983812 0.019333
vt 0.544846 0.019402
vt 0.549552 0.019734
vt 0.708041 0.019767
vt 0.024422 0.019879
vt 0.834866 0.019904
vt 0.371569 0.020194
vt 0.181709 0.020459
vt 0.326163 0.020594
vt 0.300825 0.021024
vt 0.357858 0.021325
vt 0.492093 0.021333
vt 0.981232 0.021377
vt 0.421365 0.021432
vt 0.523598 0.021620
vt 0.168773 0.021753
vt 0.971528 0.022117
vt 0.730605 0.022144
vt 0.340477 0.022151
vt 0.050577 0.022282
vt 0.650326 0.022537
vt 0.290902 0.022590
vt 0.175027 0.022741
vt 0.774011 0.022778
vt 0.523382 0.022888
vt 0.569709 0.023133
vt 0.101682 0.023189
vt 0.826824 0.023331
vt 0.581031 0.023465
vt 0.591427 0.023465
vt 0.595298 0.023469
vt 0.876540 0.023550
vt 0.347698 0.023700
vt 0.789407 0.023850
vt 0.671117 0.023890
vt 0.373928 0.023973
vt 0.272817 0.024103
vt 0.829081 0.024105
vt 0.546164 0.024319
vt 0.116983 0.024342
vt 0.707196 0.024827
vt 0.624769 0.024943
vt 0.755673 0.024948
vt 0.003042 0.025035
vt 0.936400 0.025576
vt 0.393104 0.025650
vt 0.801367 0.025702
vt 0.616074 0.025881
vt 0.824698 0.026115
vt 0.501666 0.026122
vt 0.366257 0.026123
vt 0.522706 0.026256
vt 0.542905 0.026512
vt 0.218519 0.026597
vt 0.728258 0.026703
vt 0.134046 0.026862
vt 0.915049 0.026921
vt 0.541432 0.026961
vt 0.183375 0.027289
vt 0.204174 0.027321
vt 0.879903 0.027519
vt 0.910037 0.027519
vt 0.076348 0.027552
vt 0.462352 0.027635
vt 0.300418 0.027777
vt 0.548651 0.028049
vt 0.455301 0.028068
vt 0.925822 0.028182
vt 0.516858 0.028598
vt 0.187865 0.028716
vt 0.737714 0.028974
vt 0.705333 0.029104
vt 0.230306 0.029235
vt 0.918136 0.029316
vt 0.023250 0.029605
vt 0.491228 0.029673
vt 0.929388 0.029762
vt 0.882062 0.029810
vt 0.095539 0.029826
vt 0.522163 0.029842
vt 0.077643 0.030253
vt 0.133311 0.030475
vt 0.052883 0.030519
vt 0.706086 0.030685
vt 0.157554 0.030770
vt 0.270175 0.030791
vt 0.540860 0.030915
vt 0.131333 0.030935
vt 0.462049 0.030995
vt 0.936252 0.031027
vt 0.414323 0.031097
vt 0.948607 0.031200
vt 0.644670 0.031218
vt 0.892345 0.031430
vt 0.002178 0.031744
vt 0.174502 0.031904
vt 0.161804 0.032016
vt 0.686868 0.032092
vt 0.167653 0.032336
vt 0.184137 0.032346
vt 0.354466 0.032598
vt 0.410056 0.032763
vt 0.570194 0.033213
vt 0.521897 0.033795
vt 0.326687 0.033815
vt 0.592965 0.033936
vt 0.318382 0.034200
vt 0.582227 0.034317
vt 0.727436 0.034479
vt 0.413614 0.034542
vt 0.187772 0.034546
vt 0.089645 0.034628
vt 0.130307 0.034660
vt 0.540571 0.034685
vt 0.666139 0.034887
vt 0.692966 0.035060
vt 0.202434 0.035312
vt 0.047957 0.035422
vt 0.707287 0.035648
vt 0.228821 0.035894
vt 0.266480 0.035894
vt 0.724923 0.035972
vt 0.547196 0.036119
vt 0.343805 0.036156
vt 0.600784 0.036208
vt 0.330275 0.036295
vt 0.594740 0.036639
vt 0.671509 0.036675
vt 0.222060 0.036704
vt 0.418487 0.036750
vt 0.103074 0.036755
vt 0.271820 0.036880
vt 0.620186 0.036973
vt 0.905030 0.037345
vt 0.805966 0.037588
vt 0.099894 0.037737
vt 0.309749 0.037905
vt 0.507067 0.037977
vt 0.379005 0.038013
vt 0.046010 0.038063
vt 0.107042 0.038096
vt 0.189823 0.038237
vt 0.521945 0.038289
vt 0.291657 0.038327
vt 0.350493 0.038403
vt 0.125528 0.038649
vt 0.541296 0.038878
vt 0.941631 0.039063
vt 0.329566 0.039227
vt 0.371475 0.039340
vt 0.173148 0.040022
vt 0.288562 0.040290
vt 0.708679 0.040484
vt 0.076127 0.040605
vt 0.298863 0.040737
vt 0.735487 0.041037
vt 0.148158 0.041069
vt 0.234838 0.041103
vt 0.821173 0.041639
vt 0.760652 0.041858
vt 0.258733 0.042030
vt 0.092408 0.042061
vt 0.569072 0.042172
vt 0.206036 0.042195
vt 0.838291 0.042201
vt 0.639629 0.042295
vt 0.431663 0.042711
vt 0.308535 0.042810
vt 0.162688 0.042849
vt 0.710159 0.043040
vt 0.619578 0.043083
vt 0.745438 0.043189
vt 0.275728 0.043248
vt 0.454995 0.043291
vt 0.155472 0.043430
vt 0.775762 0.043460
vt 0.581975 0.043505
vt 0.212921 0.043537
vt 0.543250 0.044042
vt 0.854922 0.044505
vt 0.246360 0.044520
vt 0.316641 0.044601
vt 0.102438 0.044609
vt 0.691350 0.044816
vt 0.993815 0.044818
vt 0.658790 0.044877
vt 0.637595 0.044963
vt 0.546088 0.045070
vt 0.521097 0.045151
vt 0.170662 0.045267
vt 0.150575 0.045276
vt 0.572907 0.045392
vt 0.177080 0.045576
vt 0.604643 0.046134
vt 0.583449 0.046356
vt 0.350254 0.046492
vt 0.734659 0.046556
vt 0.972870 0.046658
vt 0.625235 0.046961
vt 0.943941 0.047027
vt 0.614284 0.047167
vt 0.197404 0.047207
vt 0.287388 0.047320
vt 0.523743 0.047415
vt 0.371124 0.047745
vt 0.701759 0.047836
vt 0.594527 0.047919
vt 0.333310 0.048226
vt 0.516253 0.048725
vt 0.158580 0.048834
vt 0.686690 0.048944
vt 0.093113 0.048976
vt 0.075730 0.049135
vt 0.285331 0.049365
vt 0.602683 0.049440
vt 0.222752 0.049443
vt 0.179912 0.050054
vt 0.535357 0.050084
vt 0.273925 0.050339
vt 0.725787 0.050673
vt 0.397267 0.050781
vt 0.183659 0.052286
vt 0.541681 0.052656
vt 0.555657 0.052701
vt 0.460967 0.052717
vt 0.292339 0.052913
vt 0.548526 0.053424
vt 0.025330 0.053472
vt 0.953676 0.053533
vt 0.974869 0.053573
vt 0.992586 0.053573
vt 0.316132 0.053679
vt 0.472580 0.053826
vt 0.235551 0.053948
vt 0.568150 0.054031
vt 0.052954 0.054045
vt 0.348748 0.054073
vt 0.001198 0.054085
vt 0.395406 0.054122
vt 0.033108 0.054230
vt 0.260131 0.054408
vt 0.716409 0.054428
vt 0.673606 0.054436
vt 0.929849 0.054775
vt 0.693541 0.054895
vt 0.654195 0.055051
vt 0.530705 0.055126
vt 0.935186 0.055238
vt 0.804348 0.055337
vt 0.492703 0.055586
vt 0.562195 0.055604
vt 0.954283 0.055765
vt 0.988517 0.055765
vt 0.081293 0.055808
vt 0.364585 0.055881
vt 0.247737 0.055979
vt 0.167568 0.056296
vt 0.300381 0.056315
vt 0.017516 0.056779
vt 0.311433 0.056849
vt 0.665238 0.057037
vt 0.500179 0.057198
vt 0.940625 0.057444
vt 0.083853 0.057505
vt 0.139520 0.057505
vt 0.706895 0.057507
vt 0.336879 0.057525
vt 0.020102 0.057857
vt 0.553317 0.057924
vt 0.539475 0.057970
vt 0.751040 0.058130
vt 0.763996 0.058313
vt 0.143767 0.058454
vt 0.546413 0.058471
vt 0.524987 0.058734
vt 0.146053 0.059502
vt 0.464045 0.059535
vt 0.137118 0.059869
vt 0.562444 0.060200
vt 0.885504 0.060244
vt 0.077940 0.060723
vt 0.776706 0.060744
vt 0.699225 0.060819
vt 0.385414 0.061139
vt 0.743074 0.061276
vt 0.676413 0.061366
vt 0.441835 0.062184
vt 0.467309 0.062313
vt 0.803972 0.062366
vt 0.870553 0.062416
vt 0.819634 0.062642
vt 0.639306 0.062704
vt 0.403431 0.062721
vt 0.627550 0.062839
vt 0.544139 0.062923
vt 0.773870 0.062928
vt 0.657221 0.063019
vt 0.429613 0.063452
vt 0.552332 0.063707
vt 0.407435 0.063738
vt 0.536084 0.063763
vt 0.615729 0.063789
vt 0.788830 0.064007
vt 0.596754 0.064679
vt 0.604558 0.064699
vt 0.354535 0.064700
vt 0.411443 0.064778
vt 0.418064 0.064870
vt 0.322969 0.064946
vt 0.838057 0.064947
vt 0.586245 0.065252
vt 0.888993 0.065314
vt 0.988830 0.065315
vt 0.870869 0.065316
vt 0.273332 0.065366
vt 0.860162 0.065501
vt 0.284697 0.066301
vt 0.732939 0.066301
vt 0.221213 0.066327
vt 0.646018 0.066513
vt 0.576954 0.066635
vt 0.943536 0.066748
vt 0.406771 0.067053
vt 0.259641 0.067313
vt 0.313444 0.067342
vt 0.686039 0.067880
vt 0.754538 0.067926
vt 0.958831 0.068086
vt 0.248092 0.068087
vt 0.001715 0.068259
vt 0.013771 0.068468
vt 0.509652 0.068502
vt 0.056731 0.068601
vt 0.812746 0.068698
vt 0.964200 0.068717
vt 0.234494 0.068789
vt 0.782021 0.069035
vt 0.017820 0.069213
vt 0.854459 0.069423
vt 0.033880 0.069432
vt 0.721651 0.070119
vt 0.209681 0.070335
vt 0.342351 0.070511
vt 0.544847 0.070770
vt 0.960643 0.071252
vt 0.198204 0.071339
vt 0.010098 0.071515
vt 0.078659 0.071515
vt 0.762680 0.072002
vt 0.697571 0.072077
vt 0.372826 0.072464
vt 0.710001 0.072727
vt 0.184078 0.073600
vt 0.452835 0.073969
vt 0.429026 0.074262
vt 0.153708 0.074396
vt 0.790223 0.074607
vt 0.165052 0.074684
vt 0.014605 0.075112
vt 0.996329 0.075636
vt 0.674025 0.075873
vt 0.012450 0.076013
vt 0.978789 0.076385
vt 0.007446 0.076532
vt 0.769413 0.076780
vt 0.918437 0.077192
vt 0.296341 0.077253
vt 0.330229 0.077335
vt 0.745572 0.077432
vt 0.284869 0.077756
vt 0.018387 0.077971
vt 0.470841 0.078014
vt 0.014790 0.078030
vt 0.628415 0.078210
vt 0.561340 0.078385
vt 0.012423 0.078435
vt 0.921445 0.078447
vt 0.929285 0.078624
vt 0.257754 0.078739
vt 0.617804 0.078739
vt 0.935029 0.078748
vt 0.925252 0.078820
vt 0.605960 0.078861
vt 0.000201 0.079117
vt 0.008038 0.079320
vt 0.664936 0.079347
vt 0.044236 0.079353
vt 0.307840 0.079470
vt 0.290892 0.079625
vt 0.323175 0.079700
vt 0.597415 0.079721
vt 0.272949 0.079728
vt 0.797572 0.080150
vt 0.528270 0.080209
vt 0.907996 0.080228
vt 0.114180 0.080237
vt 0.417041 0.080288
vt 0.938092 0.080495
vt 0.654799 0.080739
vt 0.775533 0.081000
vt 0.077624 0.081345
vt 0.359690 0.081376
vt 0.019849 0.081409
vt 0.756228 0.081534
vt 0.473022 0.081680
vt 0.781723 0.082234
vt 0.383877 0.082424
vt 0.333423 0.082447
vt 0.038738 0.083462
vt 0.978523 0.083600
vt 0.577442 0.083737
vt 0.402926 0.084288
vt 0.248808 0.084632
vt 0.017551 0.084651
vt 0.021778 0.084751
vt 0.645502 0.085091
vt 0.586115 0.085314
vt 0.764059 0.085671
vt 0.816376 0.085855
vt 0.459611 0.085873
vt 0.524610 0.086205
vt 0.348561 0.086247
vt 0.916608 0.086253
vt 0.976603 0.086258
vt 0.341575 0.086582
vt 0.493889 0.086698
vt 0.273378 0.086783
vt 0.470681 0.087216
vt 0.990059 0.087229
vt 0.015950 0.087323
vt 0.508385 0.087408
vt 0.903609 0.087425
vt 0.251804 0.087503
vt 0.234246 0.087754
vt 0.769174 0.088003
vt 0.805503 0.088206
vt 0.485374 0.088289
vt 0.352228 0.088398
vt 0.218614 0.088472
vt 0.882239 0.088622
vt 0.030474 0.088838
vt 0.820206 0.089005
vt 0.888689 0.089186
vt 0.497699 0.089501
vt 0.783066 0.089538
vt 0.020056 0.089723
vt 0.443818 0.089825
vt 0.936342 0.089844
vt 0.774960 0.090001
vt 0.942246 0.090060
vt 0.742924 0.090114
vt 0.928457 0.090212
vt 0.002517 0.090237
vt 0.671328 0.090274
vt 0.211894 0.090367
vt 0.875126 0.090523
vt 0.607888 0.090682
vt 0.268008 0.091533
vt 0.599296 0.091545
vt 0.676058 0.091888
vt 0.944570 0.092026
vt 0.620565 0.092073
vt 0.203450 0.092193
vt 0.369358 0.092288
vt 0.514496 0.092366
vt 0.140132 0.092413
vt 0.403613 0.092451
vt 0.660066 0.092516
vt 0.899016 0.092552
vt 0.953299 0.093057
vt 0.235014 0.093659
vt 0.673892 0.093739
vt 0.552779 0.093818
vt 0.956095 0.094053
vt 0.623256 0.094236
vt 0.386199 0.094431
vt 0.572725 0.094458
vt 0.249795 0.094854
vt 0.728247 0.095053
vt 0.055490 0.095130
vt 0.838829 0.095162
vt 0.914400 0.095258
vt 0.547524 0.095312
vt 0.429441 0.095548
vt 0.895236 0.095668
vt 0.944348 0.096260
vt 0.529541 0.096451
vt 0.588576 0.096497
vt 0.629277 0.096502
vt 0.047165 0.096548
vt 0.645288 0.096600
vt 0.693960 0.097766
vt 0.788262 0.097957
vt 0.712552 0.097985
vt 0.323006 0.098134
vt 0.813106 0.098685
vt 0.200979 0.098905
vt 0.503253 0.099171
vt 0.960138 0.099284
vt 0.312500 0.099329
vt 0.762367 0.099364
vt 0.585920 0.099469
vt 0.330859 0.099736
vt 0.766766 0.099950
vt 0.187358 0.099985
vt 0.243129 0.100086
vt 0.724199 0.100334
vt 0.771293 0.100344
vt 0.039943 0.100535
vt 0.688571 0.100580
vt 0.215342 0.100675
vt 0.777611 0.100687
vt 0.300200 0.100804
vt 0.409933 0.100967
vt 0.398123 0.101201
vt 0.416823 0.101387
vt 0.981851 0.101500
vt 0.382252 0.101829
vt 0.337020 0.101926
vt 0.247754 0.102349
vt 0.986504 0.102615
vt 0.912201 0.102758
vt 0.521410 0.102886
vt 0.612110 0.103029
vt 0.585580 0.103042
vt 0.013139 0.103172
vt 0.026279 0.103299
vt 0.664761 0.103318
vt 0.854825 0.103437
vt 0.370312 0.103547
vt 0.181520 0.103646
vt 0.928523 0.103755
vt 0.165168 0.104392
vt 0.022138 0.104492
vt 0.487478 0.104785
vt 0.759654 0.104793
vt 0.938442 0.105502
vt 0.285907 0.105554
vt 0.342993 0.105649
vt 0.245189 0.105721
vt 0.162691 0.106068
vt 0.724034 0.106081
vt 0.989932 0.106290
vt 0.389644 0.106734
vt 0.907358 0.106768
vt 0.689562 0.106780
vt 0.214186 0.107438
vt 0.094046 0.107676
vt 0.637512 0.108094
vt 0.878025 0.108207
vt 0.195693 0.108883
vt 0.019094 0.108922
vt 0.065343 0.109223
vt 0.795641 0.109487
vt 0.510161 0.109491
vt 0.473350 0.109934
vt 0.993480 0.110470
vt 0.759322 0.110629
vt 0.587101 0.110817
vt 0.246451 0.110966
vt 0.724976 0.111155
vt 0.007007 0.111201
vt 0.907126 0.111298
vt 0.624055 0.111729
vt 0.691334 0.111790
vt 0.330947 0.112078
vt 0.891265 0.112188
vt 0.676423 0.112257
vt 0.462237 0.112343
vt 0.447904 0.112373
vt 0.355355 0.112437
vt 0.336099 0.112486
vt 0.213257 0.112754
vt 0.058657 0.112766
vt 0.325958 0.113452
vt 0.528448 0.113498
vt 0.374414 0.113709
vt 0.689172 0.114230
vt 0.905154 0.114230
vt 0.654330 0.114399
vt 0.784401 0.114591
vt 0.862511 0.115175
vt 0.966271 0.115208
vt 0.249016 0.115412
vt 0.399665 0.115440
vt 0.725062 0.115904
vt 0.320238 0.115937
vt 0.003095 0.116130
vt 0.051290 0.116254
vt 0.538460 0.116362
vt 0.692181 0.116386
vt 0.896697 0.116443
vt 0.142424 0.116520
vt 0.758560 0.116919
vt 0.778366 0.116936
vt 0.336615 0.117044
vt 0.969045 0.117306
vt 0.159108 0.117342
vt 0.013749 0.117367
vt 0.961471 0.117604
vt 0.100104 0.117759
vt 0.332320 0.117768
vt 0.496729 0.117816
vt 0.822683 0.117846
vt 0.214365 0.118123
vt 0.417565 0.119005
vt 0.826461 0.119022
vt 0.122629 0.119125
vt 0.784285 0.119427
vt 0.313758 0.119551
vt 0.461115 0.119582
vt 0.328757 0.119967
vt 0.959527 0.119995
vt 0.250891 0.120011
vt 0.291133 0.120014
vt 0.837761 0.120251
vt 0.115885 0.120317
vt 0.989329 0.120370
vt 0.283124 0.120373
vt 0.724776 0.120458
vt 0.693000 0.120515
vt 0.338347 0.120662
vt 0.516108 0.120760
vt 0.276162 0.121136
vt 0.334119 0.121154
vt 0.126739 0.121180
vt 0.340778 0.121816
vt 0.122388 0.121978
vt 0.110897 0.122232
vt 0.326587 0.122410
vt 0.977896 0.122421
vt 0.663979 0.122422
vt 0.331337 0.122820
vt 0.961657 0.122854
vt 0.932570 0.122917
vt 0.213832 0.123301
vt 0.010155 0.123348
vt 0.254167 0.123401
vt 0.505215 0.123758
vt 0.359131 0.124068
vt 0.117471 0.124199
vt 0.693591 0.124579
vt 0.328997 0.124690
vt 0.948388 0.124887
vt 0.052854 0.124893
vt 0.724168 0.124950
vt 0.413167 0.125334
vt 0.943055 0.125509
vt 0.644003 0.125763
vt 0.005857 0.126118
vt 0.757492 0.126226
vt 0.301579 0.126288
vt 0.047871 0.126457
vt 0.387831 0.126522
vt 0.323200 0.126572
vt 0.215365 0.126950
vt 0.632634 0.127094
vt 0.486411 0.127324
vt 0.653368 0.127327
vt 0.794622 0.127476
vt 0.694192 0.127712
vt 0.868748 0.127787
vt 0.622575 0.127837
vt 0.888824 0.127980
vt 0.902077 0.128084
vt 0.050543 0.128198
vt 0.256154 0.128292
vt 0.928516 0.128763
vt 0.121900 0.128939
vt 0.721405 0.128956
vt 0.112185 0.129036
vt 0.458966 0.130099
vt 0.735363 0.130388
vt 0.300467 0.130493
vt 0.680776 0.130628
vt 0.294127 0.130850
vt 0.743116 0.130871
vt 0.748519 0.130945
vt 0.762606 0.130947
vt 0.118174 0.131090
vt 0.738866 0.131346
vt 0.216159 0.131937
vt 0.257862 0.132561
vt 0.924759 0.132598
vt 0.287969 0.132843
vt 0.519894 0.133384
vt 0.155523 0.133764
vt 0.501613 0.134044
vt 0.651632 0.134454
vt 0.992306 0.134488
vt 0.172911 0.134634
vt 0.235956 0.134651
vt 0.665464 0.134703
vt 0.099772 0.134824
vt 0.244622 0.134932
vt 0.959719 0.134979
vt 0.311934 0.134990
vt 0.281431 0.135027
vt 0.323910 0.135027
vt 0.257135 0.135046
vt 0.907611 0.135146
vt 0.413517 0.135149
vt 0.888077 0.135176
vt 0.580562 0.135201
vt 0.731562 0.135248
vt 0.217223 0.135370
vt 0.978386 0.135439
vt 0.050158 0.135557
vt 0.124949 0.135707
vt 0.274145 0.135883
vt 0.227880 0.135950
vt 0.374229 0.136061
vt 0.638721 0.136167
vt 0.484124 0.136745
vt 0.840027 0.137098
vt 0.139242 0.137415
vt 0.401527 0.137836
vt 0.681946 0.138089
vt 0.518320 0.138670
vt 0.598930 0.138881
vt 0.560654 0.138898
vt 0.634926 0.139571
vt 0.076431 0.140523
vt 0.618260 0.140836
vt 0.853016 0.140908
vt 0.114974 0.141349
vt 0.457662 0.141784
vt 0.041471 0.141798
vt 0.311606 0.142118
vt 0.915550 0.142206
vt 0.701059 0.142553
vt 0.624729 0.142683
vt 0.486246 0.143044
vt 0.929773 0.143178
vt 0.003197 0.143363
vt 0.046758 0.143723
vt 0.645285 0.145349
vt 0.497109 0.145390
vt 0.345140 0.145397
vt 0.992735 0.145679
vt 0.877240 0.145827
vt 0.483164 0.145959
vt 0.978505 0.146494
vt 0.959032 0.146511
vt 0.210660 0.147274
vt 0.946515 0.147274
vt 0.575787 0.147679
vt 0.359018 0.147951
vt 0.716585 0.148055
vt 0.815099 0.148309
vt 0.658768 0.148705
vt 0.071520 0.148772
vt 0.676175 0.148921
vt 0.497091 0.148933
vt 0.387123 0.149076
vt 0.012473 0.149239
vt 0.332817 0.149507
vt 0.305804 0.149616
vt 0.350963 0.149736
vt 0.611791 0.149736
vt 0.617625 0.150401
vt 0.832002 0.150469
vt 0.819768 0.150765
vt 0.085653 0.150781
vt 0.100427 0.151310
vt 0.216749 0.151565
vt 0.536837 0.151772
vt 0.729005 0.152651
vt 0.296906 0.152795
vt 0.040222 0.152846
vt 0.633529 0.152906
vt 0.000559 0.152991
vt 0.023110 0.152991
vt 0.826823 0.153297
vt 0.595067 0.153482
vt 0.412819 0.153639
vt 0.385480 0.153715
vt 0.628204 0.153795
vt 0.843899 0.153854
vt 0.227277 0.154018
vt 0.457329 0.154170
vt 0.125697 0.154244
vt 0.506582 0.154244
vt 0.256920 0.154519
vt 0.191349 0.154702
vt 0.918185 0.154834
vt 0.245769 0.154914
vt 0.407016 0.154955
vt 0.806731 0.155071
vt 0.236426 0.155370
vt 0.838477 0.155684
vt 0.285040 0.155708
vt 0.318959 0.155749
vt 0.025629 0.155888
vt 0.271828 0.155918
vt 0.137209 0.156224
vt 0.863921 0.156499
vt 0.453425 0.156583
vt 0.151484 0.156622
vt 0.171430 0.156623
vt 0.069953 0.156626
vt 0.885732 0.156666
vt 0.978017 0.156666
vt 0.430250 0.156746
vt 0.117283 0.156825
vt 0.289250 0.156850
vt 0.955857 0.157118
vt 0.648707 0.157462
vt 0.992861 0.157736
vt 0.568575 0.157823
vt 0.175287 0.158397
vt 0.636633 0.158438
vt 0.938240 0.158610
vt 0.908597 0.159326
vt 0.665394 0.159712
vt 0.957611 0.159769
vt 0.515877 0.159867
vt 0.138874 0.160400
vt 0.986176 0.160557
vt 0.673595 0.160699
vt 0.781653 0.160733
vt 0.926435 0.161188
vt 0.009557 0.161605
vt 0.400391 0.161659
vt 0.881391 0.161857
vt 0.334780 0.161996
vt 0.158241 0.162039
vt 0.057281 0.162301
vt 0.101106 0.162457
vt 0.066554 0.162518
vt 0.314436 0.162809
vt 0.647658 0.163124
vt 0.734946 0.163358
vt 0.689768 0.163364
vt 0.701059 0.163468
vt 0.588056 0.163549
vt 0.738032 0.163601
vt 0.125888 0.163722
vt 0.940589 0.163789
vt 0.117429 0.164052
vt 0.608837 0.164196
vt 0.741425 0.164204
vt 0.181520 0.164262
vt 0.745158 0.164570
vt 0.750767 0.164611
vt 0.483595 0.164638
vt 0.100495 0.164856
vt 0.083376 0.165040
vt 0.889578 0.165210
vt 0.523081 0.165754
vt 0.713646 0.166275
vt 0.357548 0.166533
vt 0.563795 0.166839
vt 0.309787 0.166981
vt 0.761431 0.167409
vt 0.329379 0.167790
vt 0.660884 0.168003
vt 0.854047 0.168060
vt 0.320591 0.168424
vt 0.958760 0.168466
vt 0.197475 0.168815
vt 0.544955 0.168905
vt 0.033730 0.168922
vt 0.680059 0.169087
vt 0.152940 0.169322
vt 0.163674 0.169912
vt 0.214302 0.170109
vt 0.965682 0.170113
vt 0.972134 0.170309
vt 0.994829 0.170309
vt 0.618797 0.170424
vt 0.185660 0.170516
vt 0.597886 0.170711
vt 0.947908 0.170761
vt 0.410737 0.170813
vt 0.461820 0.170852
vt 0.080580 0.170965
vt 0.421308 0.171066
vt 0.415014 0.171069
vt 0.892143 0.171112
vt 0.688212 0.171176
vt 0.944439 0.171669
vt 0.493481 0.171721
vt 0.067521 0.171884
vt 0.142920 0.171890
vt 0.000022 0.171929
vt 0.724258 0.171953
vt 0.580012 0.172022
vt 0.435047 0.172025
vt 0.284221 0.172103
vt 0.872862 0.172290
vt 0.888906 0.172328
vt 0.173294 0.172582
vt 0.258824 0.172896
vt 0.558619 0.172985
vt 0.225588 0.173154
vt 0.841502 0.173463
vt 0.237125 0.173829
vt 0.672167 0.174152
vt 0.599264 0.174157
vt 0.317268 0.174229
vt 0.121195 0.174352
vt 0.972744 0.174587
vt 0.586286 0.175144
vt 0.555777 0.175179
vt 0.447893 0.175223
vt 0.342697 0.175236
vt 0.081832 0.175461
vt 0.701082 0.175476
vt 0.524999 0.175569
vt 0.181570 0.175689
vt 0.247419 0.175759
vt 0.894833 0.175964
vt 0.691980 0.176009
vt 0.085134 0.176888
vt 0.735128 0.176933
vt 0.680467 0.177091
vt 0.473063 0.177238
vt 0.101324 0.177251
vt 0.270572 0.177421
vt 0.627323 0.177807
vt 0.503035 0.178663
vt 0.905810 0.178680
vt 0.711378 0.178800
vt 0.886828 0.179050
vt 0.922502 0.179698
vt 0.981486 0.179896
vt 0.334683 0.180201
vt 0.785591 0.180249
vt 0.384825 0.180352
vt 0.192107 0.180569
vt 0.863046 0.180748
vt 0.534137 0.180795
vt 0.701283 0.180905
vt 0.638500 0.181275
vt 0.139995 0.181385
vt 0.936303 0.181398
vt 0.608154 0.181838
vt 0.150103 0.182198
vt 0.993042 0.182255
vt 0.408837 0.182328
vt 0.985926 0.183424
vt 0.328824 0.183550
vt 0.709068 0.183723
vt 0.042157 0.183839
vt 0.360264 0.183896
vt 0.322208 0.183943
vt 0.160062 0.184122
vt 0.512173 0.184388
vt 0.545610 0.184432
vt 0.413078 0.184493
vt 0.483252 0.184823
vt 0.735627 0.185100
vt 0.204177 0.185405
vt 0.650748 0.185554
vt 0.719351 0.185611
vt 0.600791 0.185643
vt 0.989469 0.185774
vt 0.167753 0.185941
vt 0.085325 0.186020
vt 0.219091 0.186247
vt 0.686525 0.186492
vt 0.516536 0.186595
vt 0.268702 0.186899
vt 0.285395 0.187078
vt 0.419640 0.187616
vt 0.578079 0.187645
vt 0.287754 0.187678
vt 0.124730 0.187927
vt 0.260196 0.188045
vt 0.103088 0.188310
vt 0.006874 0.188364
vt 0.706778 0.188446
vt 0.176121 0.188488
vt 0.347524 0.188605
vt 0.662510 0.189198
vt 0.214294 0.189310
vt 0.839201 0.189313
vt 0.231899 0.189314
vt 0.617978 0.189365
vt 0.443374 0.189769
vt 0.431475 0.189893
vt 0.287179 0.190151
vt 0.464149 0.190178
vt 0.781042 0.190238
vt 0.714385 0.190311
vt 0.672237 0.190523
vt 0.188238 0.191170
vt 0.528666 0.191354
vt 0.339683 0.191470
vt 0.814962 0.191970
vt 0.493922 0.192198
vt 0.944476 0.192290
vt 0.501295 0.192840
vt 0.963189 0.192850
vt 0.711709 0.193128
vt 0.137284 0.193330
vt 0.454431 0.193658
vt 0.202199 0.193720
vt 0.567001 0.193885
vt 0.334147 0.194199
vt 0.729374 0.194512
vt 0.984693 0.194869
vt 0.494487 0.194923
vt 0.796918 0.195021
vt 0.705378 0.195051
vt 0.632064 0.195099
vt 0.085235 0.195272
vt 0.960643 0.195714
vt 0.436588 0.195816
vt 0.146433 0.196355
vt 0.486233 0.196410
vt 0.718374 0.196929
vt 0.714082 0.197813
vt 0.307367 0.198018
vt 0.328477 0.198360
vt 0.883859 0.198365
vt 0.474413 0.198426
vt 0.644066 0.198566
vt 0.100747 0.198653
vt 0.543000 0.198810
vt 0.591147 0.198904
vt 0.968304 0.199315
vt 0.922502 0.199345
vt 0.154969 0.199462
vt 0.906734 0.199660
vt 0.707279 0.199676
vt 0.936341 0.200128
vt 0.121789 0.200265
vt 0.614457 0.200566
vt 0.504514 0.200808
vt 0.162682 0.201387
vt 0.655508 0.201395
vt 0.800725 0.201869
vt 0.890232 0.202113
vt 0.361751 0.202411
vt 0.078279 0.203303
vt 0.171349 0.203375
vt 0.970663 0.203499
vt 0.349838 0.203610
vt 0.674330 0.203621
vt 0.664747 0.203684
vt 0.211043 0.203787
vt 0.913743 0.204275
vt 0.762270 0.204325
vt 0.407020 0.204668
vt 0.582202 0.204701
vt 0.342333 0.204741
vt 0.824677 0.204972
vt 0.013437 0.205066
vt 0.520620 0.205391
vt 0.383829 0.205441
vt 0.329899 0.205705
vt 0.996377 0.205713
vt 0.718963 0.205719
vt 0.053914 0.205937
vt 0.973544 0.206018
vt 0.812622 0.206067
vt 0.781100 0.206123
vt 0.336864 0.206341
vt 0.399230 0.206709
vt 0.560078 0.207252
vt 0.627630 0.207295
vt 0.843161 0.207600
vt 0.666468 0.208279
vt 0.239687 0.208387
vt 0.799382 0.208982
vt 0.096989 0.209041
vt 0.853973 0.209462
vt 0.416362 0.209504
vt 0.053387 0.209651
vt 0.638648 0.209839
vt 0.734867 0.209920
vt 0.141192 0.209953
vt 0.923815 0.209966
vt 0.182237 0.209971
vt 0.134289 0.210337
vt 0.281734 0.210405
vt 0.119371 0.210409
vt 0.261397 0.210610
vt 0.820522 0.210628
vt 0.596971 0.210692
vt 0.762969 0.210708
vt 0.003596 0.211675
vt 0.982674 0.212067
vt 0.300968 0.212601
vt 0.061944 0.212823
vt 0.650258 0.213021
vt 0.810041 0.213061
vt 0.196947 0.213269
vt 0.802120 0.213315
vt 0.967583 0.213327
vt 0.760713 0.213549
vt 0.320198 0.213764
vt 0.150342 0.214159
vt 0.424521 0.214622
vt 0.105520 0.214747
vt 0.702738 0.214904
vt 0.071232 0.215085
vt 0.949684 0.215537
vt 0.535799 0.215742
vt 0.574850 0.215769
vt 0.828623 0.216009
vt 0.081427 0.216154
vt 0.427470 0.216430
vt 0.092670 0.216574
vt 0.208360 0.216576
vt 0.978589 0.216810
vt 0.865820 0.216819
vt 0.783252 0.216888
vt 0.929678 0.216954
vt 0.962827 0.217384
vt 0.817454 0.217753
vt 0.158586 0.217859
vt 0.965055 0.217867
vt 0.952976 0.219083
vt 0.450096 0.219102
vt 0.959569 0.219458
vt 0.625598 0.219489
vt 0.612872 0.219757
vt 0.346297 0.219823
vt 0.990566 0.220083
vt 0.976372 0.220379
vt 0.956137 0.220660
vt 0.167044 0.220842
vt 0.660447 0.220954
vt 0.466038 0.221777
vt 0.220453 0.222098
vt 0.639947 0.222380
vt 0.553003 0.223084
vt 0.838009 0.223132
vt 0.823695 0.223134
vt 0.315543 0.223191
vt 0.522335 0.223340
vt 0.187938 0.223471
vt 0.345434 0.223511
vt 0.019523 0.223797
vt 0.166025 0.223825
vt 0.611600 0.223835
vt 0.146369 0.224168
vt 0.111582 0.224915
vt 0.177711 0.225169
vt 0.763067 0.225172
vt 0.877527 0.225179
vt 0.688532 0.225406
vt 0.641042 0.225604
vt 0.523953 0.225874
vt 0.721741 0.225911
vt 0.839696 0.226309
vt 0.499475 0.226567
vt 0.511519 0.226702
vt 0.587477 0.226993
vt 0.795205 0.227181
vt 0.234910 0.227271
vt 0.494121 0.227474
vt 0.582157 0.227931
vt 0.487864 0.228061
vt 0.384345 0.228926
vt 0.478436 0.228941
vt 0.292662 0.229052
vt 0.326141 0.229453
vt 0.124466 0.229604
vt 0.640722 0.229939
vt 0.993093 0.230350
vt 0.273355 0.230366
vt 0.253665 0.230465
vt 0.408409 0.230646
vt 0.445307 0.230792
vt 0.177594 0.230835
vt 0.778627 0.230835
vt 0.589496 0.231301
vt 0.460032 0.231691
vt 0.419152 0.231806
vt 0.609363 0.232214
vt 0.708587 0.232217
vt 0.245657 0.232344
vt 0.158915 0.232367
vt 0.321950 0.232372
vt 0.741181 0.232582
vt 0.395024 0.233153
vt 0.849126 0.233297
vt 0.033531 0.233837
vt 0.405049 0.234081
vt 0.745882 0.234110
vt 0.566256 0.234192
vt 0.138697 0.234677
vt 0.723895 0.234685
vt 0.597510 0.234840
vt 0.422768 0.235537
vt 0.677372 0.235807
vt 0.121556 0.236795
vt 0.860128 0.236844
vt 0.637617 0.237067
vt 0.909380 0.237402
vt 0.442623 0.237597
vt 0.313050 0.237782
vt 0.763580 0.237862
vt 0.217513 0.237906
vt 0.043344 0.238145
vt 0.884423 0.238174
vt 0.028929 0.238526
vt 0.188879 0.238540
vt 0.696670 0.238813
vt 0.257037 0.238933
vt 0.608110 0.238949
vt 0.794239 0.239253
vt 0.112425 0.239313
vt 0.169203 0.239323
vt 0.470844 0.239467
vt 0.229914 0.240018
vt 0.150666 0.240091
vt 0.831962 0.240378
vt 0.711399 0.240475
vt 0.491548 0.240734
vt 0.301320 0.240824
vt 0.924940 0.240862
vt 0.458167 0.240896
vt 0.545525 0.241030
vt 0.789610 0.241100
vt 0.905993 0.241185
vt 0.133750 0.241467
vt 0.053920 0.241493
vt 0.434907 0.241685
vt 0.552217 0.241713
vt 0.725648 0.241744
vt 0.825567 0.242233
vt 0.534655 0.242246
vt 0.304433 0.243497
vt 0.065416 0.243606
vt 0.420738 0.243748
vt 0.525348 0.243825
vt 0.094708 0.244015
vt 0.327262 0.244102
vt 0.078788 0.244137
vt 0.240883 0.244209
vt 0.441651 0.244633
vt 0.772496 0.245062
vt 0.906998 0.245368
vt 0.342669 0.245450
vt 0.666896 0.245704
vt 0.686300 0.246030
vt 0.468603 0.246098
vt 0.160894 0.246101
vt 0.144728 0.246183
vt 0.179834 0.246522
vt 0.562113 0.246601
vt 0.454571 0.246725
vt 0.700977 0.247013
vt 0.386733 0.247035
vt 0.397548 0.247157
vt 0.982943 0.247505
vt 0.259987 0.247538
vt 0.715069 0.247589
vt 0.843859 0.247614
vt 0.406375 0.247985
vt 0.091255 0.248051
vt 0.515080 0.248513
vt 0.449371 0.248890
vt 0.816777 0.249184
vt 0.141735 0.249259
vt 0.862120 0.249289
vt 0.908543 0.249348
vt 0.371617 0.249727
vt 0.375807 0.249735
vt 0.274587 0.249830
vt 0.570191 0.250347
vt 0.797715 0.250390
vt 0.465566 0.250576
vt 0.214179 0.251586
vt 0.979268 0.251733
vt 0.154552 0.251915
vt 0.293703 0.252024
vt 0.984788 0.252053
vt 0.190687 0.252139
vt 0.252966 0.252470
vt 0.911785 0.252746
vt 0.171428 0.252788
vt 0.691555 0.253058
vt 0.676909 0.253443
vt 0.226735 0.253549
vt 0.578040 0.253785
vt 0.781503 0.253936
vt 0.113711 0.254054
vt 0.705100 0.254327
vt 0.151268 0.254553
vt 0.237665 0.254846
vt 0.929311 0.255125
vt 0.763186 0.255330
vt 0.260500 0.255741
vt 0.889931 0.256116
vt 0.148762 0.256130
vt 0.434271 0.256210
vt 0.914336 0.256250
vt 0.656994 0.256364
vt 0.805808 0.256405
vt 0.496631 0.256461
vt 0.971334 0.256499
vt 0.587744 0.256692
vt 0.454522 0.256864
vt 0.282875 0.256888
vt 0.180444 0.257321
vt 0.421128 0.257322
vt 0.009739 0.257712
vt 0.246372 0.258146
vt 0.718012 0.258404
vt 0.541653 0.258457
vt 0.164888 0.258553
vt 0.634523 0.258684
vt 0.682914 0.258841
vt 0.322934 0.258878
vt 0.259004 0.258957
vt 0.602848 0.259635
vt 0.917546 0.260091
vt 0.538935 0.260202
vt 0.696027 0.260350
vt 0.233817 0.260360
vt 0.675229 0.260872
vt 0.325231 0.260888
vt 0.640661 0.261408
vt 0.161144 0.261414
vt 0.254143 0.261547
vt 0.073098 0.261590
vt 0.091174 0.261810
vt 0.399280 0.261867
vt 0.407671 0.261873
vt 0.389236 0.261987
vt 0.180785 0.262055
vt 0.963050 0.262082
vt 0.837138 0.262087
vt 0.658374 0.262137
vt 0.530502 0.262220
vt 0.378847 0.262570
vt 0.137491 0.262617
vt 0.920210 0.262732
vt 0.261295 0.262745
vt 0.693092 0.262767
vt 0.158372 0.262846
vt 0.366659 0.263163
vt 0.924940 0.263180
vt 0.929470 0.263368
vt 0.553277 0.263408
vt 0.173758 0.263536
vt 0.843886 0.263930
vt 0.956656 0.263964
vt 0.155891 0.264106
vt 0.771560 0.264116
vt 0.867102 0.264160
vt 0.343909 0.264216
vt 0.626986 0.264437
vt 0.314038 0.264724
vt 0.945228 0.264845
vt 0.268281 0.265069
vt 0.709372 0.265117
vt 0.000575 0.265216
vt 0.279137 0.265219
vt 0.960498 0.265276
vt 0.922578 0.265384
vt 0.352707 0.265694
vt 0.886470 0.265764
vt 0.232669 0.265814
vt 0.786137 0.266373
vt 0.861899 0.266415
vt 0.114359 0.266416
vt 0.257072 0.266844
vt 0.561743 0.267273
vt 0.924846 0.267400
vt 0.520227 0.267501
vt 0.472017 0.267771
vt 0.155206 0.267836
vt 0.951731 0.268097
vt 0.868546 0.268349
vt 0.236683 0.269260
vt 0.887508 0.269292
vt 0.702826 0.269380
vt 0.171892 0.269547
vt 0.985095 0.269659
vt 0.000205 0.269727
vt 0.570748 0.269828
vt 0.828409 0.270174
vt 0.247435 0.270240
vt 0.844685 0.270498
vt 0.582931 0.271268
vt 0.168469 0.271318
vt 0.434967 0.271415
vt 0.303341 0.271431
vt 0.233150 0.271475
vt 0.212271 0.271597
vt 0.619847 0.271618
vt 0.745204 0.271670
vt 0.136818 0.271800
vt 0.671217 0.271931
vt 0.422498 0.272028
vt 0.956720 0.272109
vt 0.689533 0.272392
vt 0.166192 0.272584
vt 0.601454 0.272844
vt 0.742466 0.272992
vt 0.696806 0.273000
vt 0.888360 0.273650
vt 0.925898 0.273741
vt 0.409687 0.273939
vt 0.545672 0.274255
vt 0.959134 0.274294
vt 0.503058 0.274432
vt 0.779458 0.274473
vt 0.153170 0.274816
vt 0.653396 0.275101
vt 0.543309 0.275380
vt 0.635935 0.275527
vt 0.597646 0.275568
vt 0.872863 0.275681
vt 0.034182 0.275700
vt 0.400655 0.276118
vt 0.262639 0.276336
vt 0.890170 0.276695
vt 0.983174 0.276734
vt 0.061834 0.276947
vt 0.252809 0.277007
vt 0.047653 0.277035
vt 0.233674 0.277051
vt 0.380975 0.277175
vt 0.817371 0.277221
vt 0.208313 0.277237
vt 0.828530 0.277664
vt 0.019519 0.277834
vt 0.740202 0.278769
vt 0.535091 0.279175
vt 0.768920 0.279430
vt 0.031970 0.279942
vt 0.557710 0.279958
vt 0.893011 0.279979
vt 0.391064 0.280712
vt 0.587574 0.280953
vt 0.683040 0.281002
vt 0.964977 0.281153
vt 0.775184 0.281567
vt 0.370127 0.281670
vt 0.720666 0.282167
vt 0.897685 0.282229
vt 0.015597 0.282255
vt 0.236000 0.282292
vt 0.094725 0.282570
vt 0.289624 0.282961
vt 0.474418 0.282977
vt 0.921797 0.283002
vt 0.206725 0.283027
vt 0.972518 0.283238
vt 0.077018 0.283311
vt 0.579136 0.283337
vt 0.001996 0.283527
vt 0.960460 0.283654
vt 0.982799 0.283891
vt 0.018223 0.284117
vt 0.326167 0.284221
vt 0.783496 0.284307
vt 0.525236 0.284485
vt 0.437234 0.284541
vt 0.240991 0.284685
vt 0.117850 0.284908
vt 0.709183 0.284909
vt 0.628996 0.285149
vt 0.876489 0.285304
vt 0.571304 0.285639
vt 0.670012 0.285705
vt 0.796326 0.285828
vt 0.411750 0.285984
vt 0.424851 0.286051
vt 0.563882 0.286139
vt 0.992956 0.286502
vt 0.981896 0.286588
vt 0.711648 0.286610
vt 0.901283 0.286690
vt 0.557014 0.286853
vt 0.260078 0.286888
vt 0.760478 0.286944
vt 0.551378 0.287041
vt 0.815737 0.287338
vt 0.138051 0.287463
vt 0.692736 0.287486
vt 0.979378 0.287487
vt 0.375482 0.287616
vt 0.245051 0.287729
vt 0.904918 0.288053
vt 0.152685 0.288066
vt 0.472486 0.288464
vt 0.318659 0.288784
vt 0.907759 0.288955
vt 0.205037 0.289267
vt 0.792849 0.289603
vt 0.913710 0.289870
vt 0.910479 0.289903
vt 0.366461 0.289925
vt 0.426748 0.290060
vt 0.759818 0.290126
vt 0.740527 0.290190
vt 0.403953 0.290506
vt 0.137284 0.290599
vt 0.276945 0.290832
vt 0.509411 0.291189
vt 0.722148 0.291645
vt 0.649539 0.291647
vt 0.701159 0.291692
vt 0.629931 0.291824
vt 0.542456 0.292130
vt 0.769650 0.292361
vt 0.241777 0.292593
vt 0.307040 0.292759
vt 0.272400 0.292857
vt 0.916266 0.293029
vt 0.179998 0.293144
vt 0.248521 0.293177
vt 0.006949 0.293219
vt 0.019246 0.293703
vt 0.266312 0.293751
vt 0.254478 0.293898
vt 0.959415 0.294063
vt 0.164376 0.294084
vt 0.711442 0.294153
vt 0.776616 0.294341
vt 0.259216 0.294496
vt 0.394845 0.294788
vt 0.309325 0.295115
vt 0.501261 0.295824
vt 0.124094 0.296187
vt 0.422099 0.296261
vt 0.879036 0.296504
vt 0.208064 0.296634
vt 0.280016 0.296682
vt 0.184963 0.296739
vt 0.479930 0.297166
vt 0.836965 0.297445
vt 0.534250 0.297578
vt 0.336267 0.297604
vt 0.784005 0.297997
vt 0.112890 0.298018
vt 0.983923 0.298079
vt 0.294184 0.298119
vt 0.863863 0.298292
vt 0.990668 0.298311
vt 0.291095 0.298368
vt 0.452677 0.298570
vt 0.398564 0.298696
vt 0.673020 0.299122
vt 0.055482 0.299174
vt 0.848948 0.299303
vt 0.891809 0.299572
vt 0.213571 0.299875
vt 0.960987 0.300069
vt 0.368291 0.300071
vt 0.965139 0.300228
vt 0.322787 0.300378
vt 0.969728 0.300750
vt 0.764221 0.300863
vt 0.218417 0.301025
vt 0.610598 0.301121
vt 0.722015 0.301412
vt 0.347734 0.301634
vt 0.955647 0.301754
vt 0.738787 0.301802
vt 0.696563 0.301994
vt 0.975696 0.302035
vt 0.712198 0.302313
vt 0.769106 0.302653
vt 0.018331 0.302845
vt 0.981197 0.303070
vt 0.409180 0.303204
vt 0.079842 0.303750
vt 0.910605 0.303804
vt 0.479300 0.303820
vt 0.791681 0.304042
vt 0.016226 0.304275
vt 0.000046 0.304530
vt 0.609527 0.304860
vt 0.760775 0.305020
vt 0.141340 0.305069
vt 0.918226 0.305166
vt 0.630969 0.305232
vt 0.427566 0.305299
vt 0.774130 0.305381
vt 0.974005 0.305392
vt 0.190350 0.305404
vt 0.995917 0.305663
vt 0.334665 0.305832
vt 0.763358 0.306424
vt 0.969207 0.306447
vt 0.550185 0.306846
vt 0.597868 0.307122
vt 0.520967 0.307163
vt 0.889456 0.307205
vt 0.054174 0.307384
vt 0.986068 0.307400
vt 0.801581 0.307591
vt 0.397075 0.308116
vt 0.587188 0.308182
vt 0.000716 0.308201
vt 0.015557 0.308201
vt 0.101854 0.308260
vt 0.310165 0.308422
vt 0.162192 0.308564
vt 0.084018 0.308655
vt 0.306227 0.308742
vt 0.831669 0.308802
vt 0.510136 0.308849
vt 0.766261 0.308905
vt 0.951140 0.308924
vt 0.653194 0.308951
vt 0.577572 0.309216
vt 0.558877 0.309431
vt 0.708409 0.309483
vt 0.678350 0.309641
vt 0.909003 0.309758
vt 0.879876 0.309772
vt 0.346273 0.310028
vt 0.018174 0.310222
vt 0.779851 0.310334
vt 0.126378 0.310696
vt 0.568217 0.310996
vt 0.378140 0.311010
vt 0.369519 0.311482
vt 0.194530 0.311509
vt 0.358104 0.311709
vt 0.017538 0.311818
vt 0.295748 0.312007
vt 0.721056 0.312051
vt 0.678934 0.312126
vt 0.986536 0.312458
vt 0.799132 0.312762
vt 0.762827 0.313007
vt 0.769281 0.313217
vt 0.737037 0.313232
vt 0.265631 0.313338
vt 0.321783 0.313430
vt 0.250270 0.313739
vt 0.271998 0.313823
vt 0.255034 0.313961
vt 0.259657 0.313964
vt 0.050930 0.314180
vt 0.198174 0.314203
vt 0.245399 0.314352
vt 0.687164 0.314425
vt 0.240469 0.314806
vt 0.111491 0.315228
vt 0.952235 0.315754
vt 0.455384 0.315829
vt 0.956768 0.315987
vt 0.011503 0.316059
vt 0.235679 0.316083
vt 0.846287 0.316102
vt 0.280913 0.316709
vt 0.401151 0.316864
vt 0.784562 0.317033
vt 0.944881 0.317360
vt 0.231207 0.317392
vt 0.293759 0.317400
vt 0.987963 0.317703
vt 0.388407 0.317743
vt 0.061667 0.317798
vt 0.961248 0.317813
vt 0.227029 0.318086
vt 0.823031 0.318350
vt 0.144956 0.318461
vt 0.902193 0.318509
vt 0.886467 0.318939
vt 0.859935 0.319132
vt 0.331941 0.319173
vt 0.536191 0.319243
vt 0.168506 0.319749
vt 0.770008 0.320156
vt 0.483901 0.320305
vt 0.372284 0.320527
vt 0.762180 0.320961
vt 0.726771 0.320978
vt 0.040288 0.321081
vt 0.012860 0.321448
vt 0.048672 0.321448
vt 0.072267 0.321649
vt 0.398763 0.321669
vt 0.006808 0.322009
vt 0.507528 0.322053
vt 0.699109 0.322114
vt 0.427231 0.322209
vt 0.871569 0.322285
vt 0.343954 0.322497
vt 0.358277 0.322648
vt 0.611161 0.322760
vt 0.186706 0.322941
vt 0.630957 0.323235
vt 0.310035 0.323603
vt 0.804120 0.323714
vt 0.530117 0.323933
vt 0.550864 0.324138
vt 0.975960 0.325020
vt 0.109353 0.325043
vt 0.886431 0.325575
vt 0.127317 0.325657
vt 0.758921 0.325684
vt 0.958764 0.325766
vt 0.050118 0.325794
vt 0.716449 0.325928
vt 0.058133 0.326132
vt 0.787855 0.326143
vt 0.186938 0.326633
vt 0.056424 0.326642
vt 0.992912 0.326983
vt 0.956072 0.327001
vt 0.549590 0.327146
vt 0.770638 0.327623
vt 0.762145 0.328058
vt 0.839919 0.328417
vt 0.028680 0.328817
vt 0.179790 0.329000
vt 0.492042 0.329277
vt 0.172914 0.329408
vt 0.372913 0.329572
vt 0.486499 0.329615
vt 0.815803 0.329866
vt 0.070711 0.329944
vt 0.047290 0.330528
vt 0.039180 0.330532
vt 0.111534 0.330626
vt 0.454403 0.330686
vt 0.934226 0.331020
vt 0.149591 0.331132
vt 0.649011 0.331300
vt 0.002579 0.331344
vt 0.024541 0.331344
vt 0.851325 0.331711
vt 0.181322 0.331749
vt 0.841532 0.331919
vt 0.319007 0.332036
vt 0.605212 0.332212
vt 0.826400 0.332213
vt 0.315278 0.332513
vt 0.428602 0.332681
vt 0.893124 0.333328
vt 0.009633 0.333401
vt 0.056575 0.333409
vt 0.523211 0.333600
vt 0.583079 0.334473
vt 0.593778 0.334720
vt 0.013686 0.334857
vt 0.301352 0.335306
vt 0.660394 0.335311
vt 0.070281 0.335409
vt 0.360577 0.335516
vt 0.501367 0.335567
vt 0.328042 0.335872
vt 0.257600 0.335887
vt 0.253124 0.335903
vt 0.248400 0.335912
vt 0.846804 0.336014
vt 0.094085 0.336406
vt 0.263577 0.336444
vt 0.454914 0.336598
vt 0.623813 0.336691
vt 0.197054 0.336748
vt 0.429345 0.336913
vt 0.544231 0.337062
vt 0.243406 0.337107
vt 0.680053 0.337375
vt 0.904723 0.337419
vt 0.610180 0.337458
vt 0.771930 0.337799
vt 0.269300 0.338098
vt 0.894238 0.338134
vt 0.761824 0.338136
vt 0.238481 0.338160
vt 0.789064 0.338290
vt 0.754486 0.338941
vt 0.563390 0.338994
vt 0.055795 0.339296
vt 0.234200 0.339326
vt 0.276064 0.339334
vt 0.885928 0.339437
vt 0.341113 0.339501
vt 0.173127 0.339631
vt 0.349431 0.339949
vt 0.044508 0.340138
vt 0.036279 0.340608
vt 0.025148 0.340731
vt 0.229953 0.340826
vt 0.129218 0.341001
vt 0.069209 0.341095
vt 0.699965 0.341183
vt 0.213308 0.341711
vt 0.225468 0.341755
vt 0.489232 0.341799
vt 0.690314 0.342269
vt 0.094513 0.342514
vt 0.286765 0.343009
vt 0.902148 0.343274
vt 0.189000 0.343343
vt 0.687469 0.343786
vt 0.891215 0.343790
vt 0.154366 0.343885
vt 0.339059 0.344275
vt 0.747167 0.344502
vt 0.281556 0.344777
vt 0.432597 0.345158
vt 0.684401 0.345204
vt 0.703364 0.345815
vt 0.915082 0.345902
vt 0.273704 0.345979
vt 0.516678 0.346038
vt 0.974860 0.346063
vt 0.458666 0.346151
vt 0.681007 0.346392
vt 0.325132 0.346414
vt 0.334511 0.346515
vt 0.991498 0.346558
vt 0.212538 0.346721
vt 0.218406 0.346721
vt 0.223819 0.346847
vt 0.067212 0.346906
vt 0.229201 0.346973
vt 0.296997 0.347052
vt 0.267171 0.347053
vt 0.234581 0.347218
vt 0.941132 0.347242
vt 0.386355 0.347287
vt 0.111594 0.347328
vt 0.313168 0.347334
vt 0.677066 0.347338
vt 0.538700 0.347644
vt 0.239715 0.347686
vt 0.092691 0.347930
vt 0.260876 0.348028
vt 0.245301 0.348053
vt 0.003062 0.348059
vt 0.014689 0.348059
vt 0.396715 0.348077
vt 0.558453 0.348111
vt 0.406171 0.348116
vt 0.443211 0.348314
vt 0.453053 0.348424
vt 0.250754 0.348480
vt 0.425266 0.348508
vt 0.255934 0.348604
vt 0.770215 0.348732
vt 0.056149 0.348755
vt 0.700775 0.348860
vt 0.958915 0.348874
vt 0.041853 0.349210
vt 0.434874 0.349223
vt 0.639976 0.349639
vt 0.416081 0.349736
vt 0.899754 0.349758
vt 0.724019 0.349929
vt 0.760829 0.350050
vt 0.031082 0.350185
vt 0.015274 0.350229
vt 0.788072 0.350470
vt 0.755003 0.350873
vt 0.653251 0.350880
vt 0.883414 0.350881
vt 0.804686 0.351076
vt 0.614082 0.351233
vt 0.599316 0.351583
vt 0.194407 0.351788
vt 0.697968 0.351792
vt 0.178022 0.352024
vt 0.091449 0.352108
vt 0.561037 0.352517
vt 0.914434 0.352610
vt 0.157441 0.352669
vt 0.495273 0.352834
vt 0.807190 0.352914
vt 0.714946 0.353066
vt 0.673432 0.353224
vt 0.065500 0.354150
vt 0.828763 0.354687
vt 0.694423 0.354763
vt 0.132014 0.354864
vt 0.171194 0.355847
vt 0.117327 0.355964
vt 0.478239 0.356068
vt 0.089717 0.356637
vt 0.766306 0.356743
vt 0.721631 0.357370
vt 0.690099 0.357634
vt 0.323805 0.357831
vt 0.053184 0.358030
vt 0.375024 0.358217
vt 0.712761 0.358678
vt 0.850808 0.358809
vt 0.311942 0.358964
vt 0.333617 0.359069
vt 0.348133 0.359127
vt 0.359390 0.359336
vt 0.338664 0.359748
vt 0.533102 0.359922
vt 0.685223 0.360212
vt 0.114558 0.360680
vt 0.383692 0.360782
vt 0.915407 0.360842
vt 0.783686 0.360955
vt 0.623764 0.360990
vt 0.574175 0.361588
vt 0.679338 0.362012
vt 0.086614 0.362346
vt 0.620406 0.362465
vt 0.041620 0.362612
vt 0.472997 0.362727
vt 0.061682 0.362815
vt 0.905896 0.362954
vt 0.910278 0.363075
vt 0.975357 0.363153
vt 0.459473 0.363159
vt 0.508437 0.363297
vt 0.847971 0.363392
vt 0.992146 0.363405
vt 0.752201 0.363703
vt 0.123754 0.363819
vt 0.404542 0.364114
vt 0.394588 0.364503
vt 0.709678 0.364518
vt 0.657247 0.364520
vt 0.113244 0.365522
vt 0.413427 0.365738
vt 0.448184 0.365927
vt 0.946159 0.366070
vt 0.876507 0.366135
vt 0.148456 0.366195
vt 0.959588 0.366301
vt 0.422802 0.366347
vt 0.431663 0.367075
vt 0.833336 0.367305
vt 0.302037 0.367688
vt 0.438862 0.367731
vt 0.590012 0.367757
vt 0.961849 0.368508
vt 0.645038 0.368675
vt 0.330868 0.369215
vt 0.031148 0.369729
vt 0.285329 0.370003
vt 0.723112 0.370507
vt 0.081821 0.370654
vt 0.490916 0.370657
vt 0.196532 0.370663
vt 0.705742 0.370747
vt 0.337017 0.370833
vt 0.633383 0.371046
vt 0.275950 0.371144
vt 0.110667 0.371392
vt 0.268682 0.371590
vt 0.116569 0.371596
vt 0.960488 0.371676
vt 0.261977 0.371867
vt 0.757075 0.372113
vt 0.537106 0.372259
vt 0.007532 0.372375
vt 0.604276 0.372467
vt 0.678383 0.372702
vt 0.256253 0.372956
vt 0.177830 0.373400
vt 0.850120 0.373821
vt 0.343864 0.373885
vt 0.987036 0.373998
vt 0.023040 0.374130
vt 0.224032 0.374396
vt 0.218126 0.374447
vt 0.249657 0.374524
vt 0.212263 0.374820
vt 0.229999 0.374915
vt 0.555461 0.374975
vt 0.074895 0.374992
vt 0.959217 0.375081
vt 0.841668 0.375107
vt 0.026711 0.375201
vt 0.791369 0.375260
vt 0.242869 0.375432
vt 0.236210 0.375474
vt 0.948296 0.375601
vt 0.818421 0.376136
vt 0.132520 0.376210
vt 0.377284 0.376262
vt 0.020697 0.376317
vt 0.701214 0.377111
vt 0.957030 0.377141
vt 0.979681 0.377229
vt 0.961766 0.377854
vt 0.031496 0.377919
vt 0.502373 0.378314
vt 0.660023 0.378576
vt 0.950438 0.378761
vt 0.899121 0.379291
vt 0.954211 0.379343
vt 0.773522 0.379613
vt 0.109097 0.379856
vt 0.355217 0.380636
vt 0.903114 0.380745
vt 0.462722 0.380913
vt 0.801654 0.381141
vt 0.617232 0.381158
vt 0.907241 0.381184
vt 0.569451 0.381189
vt 0.862016 0.381287
vt 0.525475 0.381741
vt 0.784823 0.382053
vt 0.389210 0.382379
vt 0.643243 0.382484
vt 0.000999 0.382590
vt 0.111116 0.383083
vt 0.711890 0.383146
vt 0.753949 0.383379
vt 0.125133 0.383462
vt 0.694993 0.383950
vt 0.722403 0.384040
vt 0.030371 0.384103
vt 0.700460 0.384260
vt 0.487399 0.384376
vt 0.399606 0.384512
vt 0.148764 0.384736
vt 0.702329 0.384752
vt 0.161999 0.384912
vt 0.582350 0.385184
vt 0.193278 0.385399
vt 0.828808 0.385844
vt 0.984980 0.386085
vt 0.085419 0.386674
vt 0.408634 0.386675
vt 0.801445 0.386806
vt 0.944367 0.386868
vt 0.772084 0.386970
vt 0.453557 0.387342
vt 0.374516 0.387404
vt 0.417286 0.387461
vt 0.032796 0.387495
vt 0.847676 0.387936
vt 0.008187 0.387983
vt 0.425773 0.388491
vt 0.435620 0.388601
vt 0.633505 0.388696
vt 0.444671 0.389094
vt 0.497075 0.389485
vt 0.381635 0.389572
vt 0.364036 0.389733
vt 0.316139 0.389742
vt 0.331744 0.389795
vt 0.299904 0.389845
vt 0.347632 0.389864
vt 0.399529 0.390265
vt 0.655899 0.390275
vt 0.552885 0.390383
vt 0.909770 0.390391
vt 0.282918 0.390403
vt 0.684411 0.390563
vt 0.989083 0.390674
vt 0.594320 0.390973
vt 0.912490 0.391229
vt 0.851733 0.391324
vt 0.265839 0.391584
vt 0.118846 0.391664
vt 0.135799 0.391818
vt 0.231198 0.392822
vt 0.670190 0.392871
vt 0.207249 0.393022
vt 0.957076 0.393339
vt 0.260473 0.393893
vt 0.754355 0.393922
vt 0.492958 0.394024
vt 0.105223 0.394419
vt 0.837425 0.394764
vt 0.797554 0.394835
vt 0.721540 0.395947
vt 0.036289 0.395966
vt 0.772740 0.395974
vt 0.682877 0.396007
vt 0.110667 0.396009
vt 0.886039 0.396123
vt 0.565984 0.396709
vt 0.005479 0.396882
vt 0.251675 0.397035
vt 0.843570 0.397446
vt 0.074435 0.397686
vt 0.561358 0.398123
vt 0.605819 0.398168
vt 0.579015 0.398534
vt 0.027006 0.398978
vt 0.978467 0.399649
vt 0.240589 0.399799
vt 0.159362 0.400090
vt 0.814491 0.400450
vt 0.899172 0.400484
vt 0.074997 0.400647
vt 0.472804 0.401083
vt 0.903584 0.401233
vt 0.427663 0.401401
vt 0.959466 0.401606
vt 0.948426 0.401765
vt 0.973451 0.402000
vt 0.554669 0.402111
vt 0.907585 0.402209
vt 0.432184 0.402343
vt 0.952266 0.402379
vt 0.455210 0.402506
vt 0.956407 0.402576
vt 0.793253 0.402866
vt 0.968359 0.403058
vt 0.836809 0.403265
vt 0.155140 0.403793
vt 0.588435 0.403969
vt 0.128468 0.404101
vt 0.756429 0.404306
vt 0.962935 0.404350
vt 0.773094 0.404837
vt 0.227651 0.405830
vt 0.117345 0.405899
vt 0.895610 0.406502
vt 0.447642 0.406658
vt 0.723656 0.406749
vt 0.524948 0.406986
vt 0.001593 0.407236
vt 0.060420 0.407323
vt 0.720591 0.407497
vt 0.103374 0.408371
vt 0.095050 0.408617
vt 0.619855 0.408829
vt 0.837015 0.409507
vt 0.403346 0.409787
vt 0.598146 0.409787
vt 0.780381 0.409990
vt 0.878584 0.410833
vt 0.141667 0.410964
vt 0.508298 0.411127
vt 0.407306 0.411429
vt 0.451103 0.411801
vt 0.081175 0.412148
vt 0.707227 0.412631
vt 0.381506 0.412912
vt 0.229385 0.413694
vt 0.755866 0.413729
vt 0.635961 0.413947
vt 0.989990 0.414302
vt 0.110838 0.415044
vt 0.822934 0.415122
vt 0.994472 0.415257
vt 0.099513 0.415412
vt 0.028647 0.416129
vt 0.642587 0.416132
vt 0.249038 0.416439
vt 0.044417 0.416596
vt 0.984546 0.416670
vt 0.537301 0.416993
vt 0.944715 0.417088
vt 0.721482 0.417321
vt 0.069133 0.417354
vt 0.697457 0.417553
vt 0.978595 0.417690
vt 0.266710 0.417974
vt 0.025267 0.418083
vt 0.362979 0.418151
vt 0.151553 0.418670
vt 0.004972 0.418882
vt 0.972654 0.418909
vt 0.908377 0.418940
vt 0.434592 0.419180
vt 0.282918 0.419243
vt 0.018697 0.419272
vt 0.872549 0.419410
vt 0.489082 0.419458
vt 0.966941 0.419528
vt 0.961687 0.419846
vt 0.346593 0.419972
vt 0.821820 0.419972
vt 0.614609 0.420008
vt 0.299174 0.420091
vt 0.118403 0.420401
vt 0.330948 0.420414
vt 0.840930 0.420431
vt 0.587760 0.420479
vt 0.315089 0.420608
vt 0.813516 0.420734
vt 0.935191 0.421269
vt 0.854567 0.421289
vt 0.700256 0.421330
vt 0.107333 0.421355
vt 0.745655 0.421687
vt 0.431492 0.421913
vt 0.691558 0.422031
vt 0.176965 0.422488
vt 0.617579 0.422514
vt 0.467901 0.422553
vt 0.221168 0.423206
vt 0.020338 0.423253
vt 0.904591 0.423535
vt 0.029704 0.424028
vt 0.596075 0.424058
vt 0.511982 0.424156
vt 0.084869 0.424753
vt 0.445410 0.424927
vt 0.074649 0.425018
vt 0.094544 0.425155
vt 0.499885 0.425933
vt 0.577459 0.426011
vt 0.113812 0.426120
vt 0.636886 0.426260
vt 0.606696 0.426373
vt 0.680789 0.426573
vt 0.520610 0.427006
vt 0.867600 0.427035
vt 0.752739 0.427222
vt 0.518461 0.427511
vt 0.723336 0.427774
vt 0.409288 0.428777
vt 0.781313 0.428922
vt 0.116535 0.428923
vt 0.519230 0.429164
vt 0.404712 0.429215
vt 0.568364 0.429244
vt 0.530369 0.429327
vt 0.522847 0.429603
vt 0.512490 0.429728
vt 0.616459 0.429865
vt 0.853071 0.429898
vt 0.949728 0.429918
vt 0.104522 0.430036
vt 0.055954 0.430068
vt 0.812438 0.430744
vt 0.456927 0.431148
vt 0.596603 0.431164
vt 0.754680 0.431206
vt 0.482377 0.431303
vt 0.506561 0.431491
vt 0.970519 0.431594
vt 0.520207 0.431663
vt 0.603980 0.431731
vt 0.517007 0.432537
vt 0.224480 0.432542
vt 0.836248 0.433127
vt 0.558415 0.433296
vt 0.891494 0.433309
vt 0.031693 0.433395
vt 0.113687 0.433431
vt 0.432162 0.433461
vt 0.513261 0.433672
vt 0.553057 0.433761
vt 0.967087 0.433928
vt 0.117019 0.434218
vt 0.769654 0.434233
vt 0.508202 0.434245
vt 0.948265 0.434519
vt 0.119003 0.434627
vt 0.818765 0.435073
vt 0.144162 0.435252
vt 0.597170 0.435289
vt 0.089865 0.435511
vt 0.456487 0.435556
vt 0.705556 0.435644
vt 0.243933 0.435647
vt 0.634220 0.435727
vt 0.877981 0.435861
vt 0.121942 0.435880
vt 0.524259 0.436053
vt 0.961855 0.436150
vt 0.386220 0.436175
vt 0.120303 0.436362
vt 0.509783 0.436416
vt 0.613349 0.436564
vt 0.520578 0.436851
vt 0.005719 0.437134
vt 0.518102 0.437194
vt 0.906281 0.437289
vt 0.119670 0.437320
vt 0.176255 0.437362
vt 0.123538 0.437499
vt 0.118598 0.437626
vt 0.513895 0.437695
vt 0.593615 0.437736
vt 0.127023 0.437759
vt 0.601624 0.437946
vt 0.530385 0.438047
vt 0.952269 0.438227
vt 0.009107 0.438345
vt 0.868184 0.438676
vt 0.067855 0.438773
vt 0.901361 0.438803
vt 0.965240 0.438828
vt 0.102893 0.438866
vt 0.122510 0.438910
vt 0.209624 0.439701
vt 0.994472 0.439772
vt 0.589839 0.439967
vt 0.464268 0.439998
vt 0.693754 0.440278
vt 0.261944 0.440379
vt 0.113702 0.440819
vt 0.221495 0.440945
vt 0.392583 0.441374
vt 0.038262 0.441395
vt 0.894148 0.441428
vt 0.871225 0.441527
vt 0.721589 0.441901
vt 0.546997 0.441907
vt 0.129374 0.441930
vt 0.489564 0.442059
vt 0.122195 0.442192
vt 0.043867 0.442343
vt 0.598436 0.442562
vt 0.992001 0.442589
vt 0.020386 0.442787
vt 0.610110 0.443286
vt 0.082243 0.443442
vt 0.907127 0.443621
vt 0.630076 0.443994
vt 0.278931 0.444828
vt 0.417481 0.445041
vt 0.635843 0.445489
vt 0.454094 0.445543
vt 0.689628 0.445643
vt 0.681953 0.445764
vt 0.698142 0.445779
vt 0.687960 0.445852
vt 0.270166 0.446147
vt 0.689639 0.446496
vt 0.689009 0.446593
vt 0.594830 0.446816
vt 0.434314 0.447197
vt 0.200620 0.447222
vt 0.810322 0.447225
vt 0.688488 0.447399
vt 0.758218 0.447457
vt 0.691511 0.447601
vt 0.962141 0.447729
vt 0.689307 0.448427
vt 0.546761 0.448476
vt 0.470529 0.448574
vt 0.832621 0.448796
vt 0.606769 0.449029
vt 0.685295 0.449047
vt 0.861713 0.449208
vt 0.996417 0.449357
vt 0.255536 0.449413
vt 0.685302 0.449500
vt 0.587132 0.449511
vt 0.516591 0.449709
vt 0.964935 0.449782
vt 0.779340 0.449806
vt 0.013739 0.449929
vt 0.235134 0.450001
vt 0.721893 0.450071
vt 0.367635 0.450171
vt 0.848619 0.450277
vt 0.005131 0.450345
vt 0.139706 0.450398
vt 0.709111 0.450481
vt 0.590573 0.450487
vt 0.170758 0.450522
vt 0.991120 0.450618
vt 0.983847 0.450735
vt 0.241143 0.450904
vt 0.922713 0.451223
vt 0.576930 0.451434
vt 0.813340 0.451439
vt 0.137477 0.451456
vt 0.726084 0.451609
vt 0.625570 0.451617
vt 0.126920 0.451838
vt 0.679203 0.451978
vt 0.418993 0.451989
vt 0.091397 0.452589
vt 0.492543 0.452763
vt 0.405804 0.452781
vt 0.889135 0.453121
vt 0.693004 0.453637
vt 0.816114 0.453791
vt 0.959466 0.453916
vt 0.028282 0.454107
vt 0.565320 0.454116
vt 0.101731 0.454151
vt 0.602363 0.454171
vt 0.113896 0.454399
vt 0.546855 0.454406
vt 0.450360 0.454438
vt 0.032243 0.454618
vt 0.216927 0.454689
vt 0.059093 0.455167
vt 0.191215 0.455561
vt 0.434747 0.455874
vt 0.869994 0.456905
vt 0.959033 0.456922
vt 0.636197 0.457183
vt 0.954644 0.457307
vt 0.951720 0.457679
vt 0.473551 0.457720
vt 0.698420 0.458077
vt 0.598066 0.458259
vt 0.756620 0.459203
vt 0.622394 0.459219
vt 0.017183 0.459255
vt 0.222938 0.459689
vt 0.842519 0.460519
vt 0.804695 0.461076
vt 0.339478 0.461673
vt 0.593727 0.461691
vt 0.705692 0.461699
vt 0.076169 0.461859
vt 0.355448 0.461939
vt 0.900141 0.462262
vt 0.323033 0.462419
vt 0.007157 0.462426
vt 0.979461 0.462725
vt 0.680708 0.462735
vt 0.372611 0.462743
vt 0.877822 0.462844
vt 0.730387 0.463330
vt 0.495846 0.463738
vt 0.615919 0.463994
vt 0.306611 0.464330
vt 0.838840 0.464334
vt 0.589445 0.464968
vt 0.209634 0.465513
vt 0.800798 0.465576
vt 0.166130 0.465687
vt 0.960200 0.465689
vt 0.141076 0.465883
vt 0.290999 0.466154
vt 0.454597 0.466168
vt 0.641479 0.466277
vt 0.387031 0.466396
vt 0.033016 0.466803
vt 0.476029 0.466868
vt 0.581728 0.467115
vt 0.893521 0.467265
vt 0.184283 0.467481
vt 0.940589 0.467757
vt 0.133098 0.467799
vt 0.275413 0.467915
vt 0.837363 0.468097
vt 0.799251 0.468338
vt 0.981394 0.468715
vt 0.547927 0.468984
vt 0.260214 0.469000
vt 0.418926 0.469038
vt 0.402221 0.469112
vt 0.568167 0.469118
vt 0.996417 0.469282
vt 0.905700 0.469586
vt 0.683219 0.469792
vt 0.887962 0.469939
vt 0.435025 0.470526
vt 0.756379 0.470719
vt 0.611622 0.470733
vt 0.913454 0.470931
vt 0.088855 0.471076
vt 0.245546 0.471222
vt 0.405046 0.471248
vt 0.776654 0.471566
vt 0.836237 0.471952
vt 0.098409 0.472175
vt 0.020865 0.472503
vt 0.049881 0.472645
vt 0.135957 0.472934
vt 0.800532 0.473075
vt 0.850334 0.473165
vt 0.214578 0.473562
vt 0.645704 0.473848
vt 0.604877 0.474372
vt 0.200147 0.474707
vt 0.513299 0.474797
vt 0.113835 0.475288
vt 0.684565 0.475518
vt 0.008649 0.475658
vt 0.728839 0.475915
vt 0.495264 0.476119
vt 0.630080 0.476358
vt 0.476940 0.476368
vt 0.835704 0.476437
vt 0.117649 0.477029
vt 0.976943 0.477129
vt 0.800326 0.477264
vt 0.858569 0.477444
vt 0.247474 0.477768
vt 0.599164 0.478141
vt 0.955626 0.478719
vt 0.583476 0.479575
vt 0.649349 0.480491
vt 0.617944 0.480580
vt 0.961122 0.480836
vt 0.987596 0.480836
vt 0.836267 0.481049
vt 0.767514 0.481225
vt 0.068024 0.481253
vt 0.757420 0.481586
vt 0.166566 0.481664
vt 0.685656 0.481705
vt 0.800878 0.481772
vt 0.144188 0.481782
vt 0.180925 0.482028
vt 0.569733 0.482283
vt 0.070642 0.482471
vt 0.957057 0.482481
vt 0.676536 0.482915
vt 0.548475 0.482920
vt 0.036678 0.483026
vt 0.436654 0.483362
vt 0.930149 0.484056
vt 0.944412 0.484106
vt 0.192014 0.484144
vt 0.894179 0.484732
vt 0.960258 0.484796
vt 0.864753 0.485306
vt 0.712358 0.485526
vt 0.137626 0.485769
vt 0.085631 0.485813
vt 0.475408 0.486395
vt 0.836221 0.486483
vt 0.931296 0.486593
vt 0.847685 0.486666
vt 0.411351 0.486785
vt 0.950187 0.487079
vt 0.800614 0.487280
vt 0.980354 0.487405
vt 0.995978 0.487405
vt 0.451775 0.487458
vt 0.240325 0.487840
vt 0.253940 0.487948
vt 0.731022 0.488165
vt 0.494457 0.488334
vt 0.264257 0.488613
vt 0.917648 0.488638
vt 0.202928 0.489004
vt 0.969014 0.489085
vt 0.358830 0.489185
vt 0.389210 0.489243
vt 0.374466 0.489245
vt 0.083222 0.489311
vt 0.342924 0.489346
vt 0.090586 0.489558
vt 0.402841 0.489562
vt 0.275145 0.489702
vt 0.326122 0.489814
vt 0.793749 0.490166
vt 0.025953 0.490380
vt 0.291255 0.490431
vt 0.308712 0.490431
vt 0.914260 0.491147
vt 0.978743 0.491157
vt 0.698690 0.491194
vt 0.002462 0.491332
vt 0.876203 0.491730
vt 0.035521 0.491768
vt 0.764473 0.491885
vt 0.640753 0.492413
vt 0.585356 0.492463
vt 0.836901 0.492581
vt 0.528512 0.492613
vt 0.124997 0.492635
vt 0.512039 0.492754
vt 0.907739 0.493350
vt 0.800021 0.493540
vt 0.667630 0.493687
vt 0.013996 0.493906
vt 0.976627 0.494462
vt 0.095204 0.495277
vt 0.570851 0.495906
vt 0.607289 0.496118
vt 0.311015 0.496247
vt 0.009274 0.496251
vt 0.019033 0.496260
vt 0.049938 0.496272
vt 0.547540 0.496355
vt 0.863367 0.496813
vt 0.767115 0.496830
vt 0.472933 0.497104
vt 0.077264 0.497247
vt 0.146268 0.497642
vt 0.923746 0.498138
vt 0.186831 0.498308
vt 0.171278 0.498627
vt 0.609640 0.499044
vt 0.149779 0.499071
vt 0.447333 0.499086
vt 0.436366 0.499694
vt 0.003892 0.499995
vt 0.876934 0.500237
vt 0.020157 0.500329
vt 0.550615 0.500619
vt 0.598973 0.500790
vt 0.321268 0.500820
vt 0.041006 0.501026
vt 0.059082 0.501028
vt 0.933006 0.501128
vt 0.739228 0.501252
vt 0.110591 0.501314
vt 0.721010 0.501588
vt 0.995732 0.501747
vt 0.944276 0.501924
vt 0.745959 0.502008
vt 0.492464 0.502079
vt 0.000197 0.502303
vt 0.499477 0.502439
vt 0.330671 0.502576
vt 0.658046 0.502833
vt 0.959300 0.503081
vt 0.089590 0.503087
vt 0.991912 0.503124
vt 0.233511 0.503297
vt 0.971981 0.503384
vt 0.590217 0.503705
vt 0.008279 0.504019
vt 0.888472 0.504206
vt 0.797162 0.504436
vt 0.252955 0.504447
vt 0.018010 0.504513
vt 0.412668 0.504553
vt 0.052895 0.504916
vt 0.337462 0.505136
vt 0.193195 0.505315
vt 0.743765 0.505581
vt 0.005567 0.505740
vt 0.060916 0.505867
vt 0.678822 0.506124
vt 0.634386 0.506237
vt 0.003816 0.506249
vt 0.712441 0.506338
vt 0.126726 0.506865
vt 0.857202 0.506902
vt 0.366939 0.507047
vt 0.470361 0.507076
vt 0.383634 0.507418
vt 0.346354 0.507483
vt 0.401157 0.507504
vt 0.284912 0.507837
vt 0.023547 0.508098
vt 0.770366 0.508120
vt 0.356553 0.508326
vt 0.070827 0.508397
vt 0.746865 0.508907
vt 0.988412 0.508935
vt 0.366287 0.509554
vt 0.043722 0.509564
vt 0.800886 0.509595
vt 0.843662 0.509760
vt 0.376479 0.509826
vt 0.528601 0.509827
vt 0.568306 0.510036
vt 0.845787 0.510291
vt 0.593501 0.510763
vt 0.098171 0.511313
vt 0.056474 0.511582
vt 0.388711 0.511809
vt 0.063587 0.512351
vt 0.006449 0.513599
vt 0.668957 0.514052
vt 0.697383 0.514155
vt 0.651424 0.514303
vt 0.612365 0.514361
vt 0.830588 0.514626
vt 0.145380 0.514740
vt 0.080803 0.515213
vt 0.490066 0.515504
vt 0.727157 0.515540
vt 0.866069 0.515666
vt 0.871304 0.515854
vt 0.550174 0.515972
vt 0.286868 0.516008
vt 0.746936 0.516536
vt 0.468454 0.516570
vt 0.110063 0.516730
vt 0.799809 0.516917
vt 0.024350 0.517124
vt 0.046862 0.517215
vt 0.819403 0.517412
vt 0.400295 0.517483
vt 0.438586 0.517526
vt 0.059878 0.517938
vt 0.159519 0.518111
vt 0.661278 0.518979
vt 0.908980 0.519226
vt 0.771993 0.519342
vt 0.963400 0.519522
vt 0.862505 0.519682
vt 0.497099 0.519841
vt 0.721274 0.519895
vt 0.889758 0.520012
vt 0.192805 0.520216
vt 0.229943 0.521048
vt 0.304621 0.521162
vt 0.181107 0.521179
vt 0.857887 0.521301
vt 0.126411 0.521438
vt 0.061630 0.522003
vt 0.631322 0.522040
vt 0.852573 0.522396
vt 0.980081 0.523093
vt 0.294567 0.523320
vt 0.089747 0.523343
vt 0.915520 0.523421
vt 0.049987 0.523518
vt 0.386041 0.523652
vt 0.281953 0.523720
vt 0.248975 0.523770
vt 0.894849 0.524162
vt 0.316354 0.524233
vt 0.108655 0.524378
vt 0.571565 0.524388
vt 0.270216 0.524574
vt 0.848324 0.524576
vt 0.165507 0.524858
vt 0.746404 0.525033
vt 0.680991 0.525056
vt 0.961817 0.525378
vt 0.027226 0.525480
vt 0.553586 0.525606
vt 0.674844 0.525744
vt 0.258770 0.525876
vt 0.526247 0.525886
vt 0.702741 0.526018
vt 0.411224 0.526103
vt 0.923812 0.526198
vt 0.841894 0.526285
vt 0.648713 0.526406
vt 0.591864 0.526502
vt 0.370927 0.526954
vt 0.011522 0.527094
vt 0.987972 0.527118
vt 0.327076 0.527184
vt 0.112252 0.527251
vt 0.334393 0.527618
vt 0.935047 0.527771
vt 0.066841 0.527943
vt 0.070963 0.528042
vt 0.662347 0.528168
vt 0.921074 0.528320
vt 0.343969 0.528516
vt 0.615686 0.528754
vt 0.961817 0.528804
vt 0.232491 0.528979
vt 0.353666 0.529471
vt 0.801751 0.529629
vt 0.247274 0.530011
vt 0.052465 0.530216
vt 0.772745 0.530528
vt 0.142571 0.530571
vt 0.549246 0.531047
vt 0.814004 0.531491
vt 0.389543 0.531896
vt 0.727094 0.532255
vt 0.961732 0.532314
vt 0.025404 0.532497
vt 0.363920 0.532960
vt 0.842675 0.533610
vt 0.029466 0.533949
vt 0.745557 0.534017
vt 0.896180 0.534373
vt 0.443455 0.534409
vt 0.880184 0.535133
vt 0.959363 0.535270
vt 0.102002 0.535377
vt 0.951358 0.535610
vt 0.630932 0.535852
vt 0.081103 0.535937
vt 0.684712 0.536175
vt 0.282477 0.536339
vt 0.375675 0.536400
vt 0.269893 0.536581
vt 0.876991 0.536658
vt 0.194529 0.536769
vt 0.707399 0.537502
vt 0.057095 0.537570
vt 0.124297 0.537948
vt 0.073857 0.538316
vt 0.493327 0.538479
vt 0.257589 0.538531
vt 0.483598 0.538552
vt 0.954677 0.538620
vt 0.873277 0.539154
vt 0.647641 0.539183
vt 0.921546 0.539240
vt 0.665220 0.539304
vt 0.575030 0.539547
vt 0.988123 0.539678
vt 0.390915 0.540002
vt 0.524419 0.540678
vt 0.190233 0.540805
vt 0.662762 0.540872
vt 0.226037 0.541134
vt 0.560582 0.541322
vt 0.245073 0.541426
vt 0.294411 0.541542
vt 0.033298 0.541920
vt 0.413180 0.541950
vt 0.869818 0.542051
vt 0.772825 0.542416
vt 0.161876 0.542675
vt 0.548748 0.543321
vt 0.003416 0.543539
vt 0.011823 0.543560
vt 0.802692 0.543710
vt 0.596441 0.544046
vt 0.442855 0.544125
vt 0.865419 0.544318
vt 0.550885 0.544355
vt 0.743659 0.544529
vt 0.338654 0.544708
vt 0.321063 0.544961
vt 0.308042 0.545181
vt 0.347581 0.545282
vt 0.285531 0.545512
vt 0.898145 0.545523
vt 0.356583 0.545854
vt 0.836889 0.545879
vt 0.330267 0.546160
vt 0.884895 0.546616
vt 0.096115 0.546677
vt 0.669505 0.546806
vt 0.809345 0.546851
vt 0.987788 0.546951
vt 0.321298 0.547481
vt 0.861197 0.547492
vt 0.691236 0.547802
vt 0.138167 0.547843
vt 0.064154 0.548027
vt 0.482134 0.548215
vt 0.735174 0.548223
vt 0.025460 0.548248
vt 0.239710 0.548932
vt 0.072081 0.549081
vt 0.017111 0.549199
vt 0.984463 0.549644
vt 0.312422 0.549751
vt 0.631057 0.549874
vt 0.023532 0.550365
vt 0.278653 0.550401
vt 0.193057 0.550687
vt 0.857367 0.550763
vt 0.440717 0.550771
vt 0.713523 0.551120
vt 0.269004 0.551202
vt 0.259958 0.552011
vt 0.122771 0.552078
vt 0.877224 0.552163
vt 0.120186 0.552515
vt 0.037623 0.552673
vt 0.981444 0.552899
vt 0.924042 0.553167
vt 0.250978 0.553592
vt 0.000147 0.553601
vt 0.648102 0.553722
vt 0.228394 0.553792
vt 0.524455 0.553874
vt 0.548519 0.554755
vt 0.479089 0.554839
vt 0.494066 0.555205
vt 0.232761 0.555343
vt 0.350615 0.555943
vt 0.580271 0.556006
vt 0.994394 0.556043
vt 0.978565 0.556282
vt 0.439930 0.556621
vt 0.001123 0.557037
vt 0.677660 0.557075
vt 0.753662 0.557410
vt 0.771467 0.557930
vt 0.051372 0.558004
vt 0.565223 0.558170
vt 0.990649 0.558461
vt 0.089650 0.558677
vt 0.696924 0.558721
vt 0.971516 0.559178
vt 0.412079 0.559258
vt 0.869855 0.559474
vt 0.829206 0.559749
vt 0.687274 0.560303
vt 0.373747 0.560309
vt 0.388017 0.560531
vt 0.159558 0.560558
vt 0.007266 0.560575
vt 0.802056 0.560623
vt 0.805130 0.560700
vt 0.987465 0.561037
vt 0.478042 0.561211
vt 0.855781 0.561387
vt 0.424414 0.562105
vt 0.115048 0.562401
vt 0.438600 0.562637
vt 0.952741 0.563089
vt 0.956007 0.563089
vt 0.600304 0.563297
vt 0.868545 0.564227
vt 0.015019 0.564526
vt 0.129894 0.564622
vt 0.018845 0.564695
vt 0.631097 0.564833
vt 0.332793 0.565019
vt 0.556080 0.565140
vt 0.803862 0.565144
vt 0.615781 0.565491
vt 0.781745 0.565675
vt 0.897134 0.565772
vt 0.343323 0.565810
vt 0.724860 0.565857
vt 0.194181 0.565866
vt 0.863494 0.565890
vt 0.227535 0.565938
vt 0.050528 0.566196
vt 0.787170 0.566730
vt 0.743352 0.566883
vt 0.476531 0.566919
vt 0.301452 0.566928
vt 0.037130 0.567246
vt 0.719630 0.567266
vt 0.409602 0.567740
vt 0.099370 0.568051
vt 0.438295 0.568148
vt 0.424034 0.568394
vt 0.803261 0.568468
vt 0.793931 0.568552
vt 0.388144 0.568694
vt 0.643973 0.568819
vt 0.095314 0.568859
vt 0.321788 0.568948
vt 0.888513 0.569346
vt 0.291549 0.569497
vt 0.282832 0.569648
vt 0.132607 0.569807
vt 0.045325 0.569869
vt 0.071760 0.569974
vt 0.638895 0.570198
vt 0.311657 0.570269
vt 0.859685 0.570275
vt 0.273181 0.570311
vt 0.901009 0.570606
vt 0.370156 0.571172
vt 0.701750 0.571182
vt 0.802672 0.571211
vt 0.823067 0.571275
vt 0.766767 0.571582
vt 0.006211 0.571761
vt 0.476624 0.571988
vt 0.263469 0.572025
vt 0.957212 0.572141
vt 0.249934 0.572509
vt 0.527712 0.572588
vt 0.550611 0.572588
vt 0.902108 0.572720
vt 0.438462 0.573260
vt 0.787187 0.573446
vt 0.781800 0.573594
vt 0.802010 0.573657
vt 0.846464 0.573665
vt 0.862504 0.573708
vt 0.892826 0.573751
vt 0.967466 0.573895
vt 0.993580 0.573895
vt 0.776320 0.573909
vt 0.408030 0.573911
vt 0.501159 0.574097
vt 0.584400 0.574510
vt 0.424117 0.574673
vt 0.962501 0.574792
vt 0.821023 0.574802
vt 0.387692 0.575072
vt 0.793618 0.575347
vt 0.932383 0.575593
vt 0.904823 0.575607
vt 0.667410 0.575933
vt 0.965534 0.575960
vt 0.993123 0.575960
vt 0.896047 0.576079
vt 0.879072 0.576132
vt 0.622761 0.576467
vt 0.693018 0.576840
vt 0.801710 0.576895
vt 0.477647 0.576954
vt 0.819761 0.577663
vt 0.227210 0.577696
vt 0.925017 0.577909
vt 0.148728 0.577968
vt 0.038449 0.578220
vt 0.572976 0.578228
vt 0.737293 0.578754
vt 0.897873 0.578771
vt 0.159877 0.578841
vt 0.962573 0.578922
vt 0.757441 0.579400
vt 0.407020 0.580123
vt 0.818875 0.580135
vt 0.195134 0.580663
vt 0.424370 0.580733
vt 0.438820 0.580999
vt 0.386826 0.581252
vt 0.884322 0.581357
vt 0.724187 0.581455
vt 0.005761 0.581490
vt 0.960199 0.581505
vt 0.161014 0.581883
vt 0.599297 0.582409
vt 0.561630 0.582620
vt 0.608300 0.582620
vt 0.838508 0.582705
vt 0.110536 0.583552
vt 0.477350 0.583636
vt 0.794098 0.583705
vt 0.704932 0.583757
vt 0.038113 0.583907
vt 0.788410 0.583930
vt 0.887863 0.583967
vt 0.812102 0.584002
vt 0.852290 0.584049
vt 0.127691 0.584164
vt 0.801658 0.584686
vt 0.892547 0.584689
vt 0.782520 0.584693
vt 0.777522 0.584829
vt 0.101086 0.585133
vt 0.173673 0.585795
vt 0.774634 0.585908
vt 0.835481 0.586077
vt 0.406474 0.586130
vt 0.873706 0.586627
vt 0.005468 0.586763
vt 0.909571 0.586800
vt 0.978989 0.586931
vt 0.728258 0.587221
vt 0.423781 0.587329
vt 0.440553 0.587355
vt 0.386350 0.587465
vt 0.676203 0.587662
vt 0.906223 0.587864
vt 0.645216 0.587886
vt 0.228154 0.588071
vt 0.951292 0.588157
vt 0.037887 0.588217
vt 0.902922 0.588272
vt 0.766042 0.588304
vt 0.899966 0.588353
vt 0.697593 0.588572
vt 0.750105 0.588647
vt 0.896803 0.588838
vt 0.829881 0.588981
vt 0.707112 0.589542
vt 0.184929 0.589765
vt 0.087875 0.589788
vt 0.045752 0.589894
vt 0.923756 0.589950
vt 0.478442 0.590093
vt 0.005285 0.590608
vt 0.553237 0.591098
vt 0.993540 0.591200
vt 0.596948 0.591205
vt 0.067037 0.591477
vt 0.405377 0.591710
vt 0.150868 0.591757
vt 0.038469 0.592298
vt 0.533650 0.592510
vt 0.386494 0.593088
vt 0.442659 0.593510
vt 0.198223 0.593565
vt 0.422446 0.593685
vt 0.195601 0.594231
vt 0.005072 0.594290
vt 0.886014 0.595472
vt 0.511278 0.595535
vt 0.152028 0.595585
vt 0.588751 0.595708
vt 0.343533 0.595971
vt 0.039427 0.596037
vt 0.480783 0.596093
vt 0.992062 0.596429
vt 0.128334 0.596474
vt 0.850087 0.596493
vt 0.879573 0.597048
vt 0.958056 0.597144
vt 0.761230 0.597198
vt 0.864986 0.597282
vt 0.741148 0.597322
vt 0.372740 0.597346
vt 0.652616 0.597422
vt 0.404047 0.597619
vt 0.724096 0.597715
vt 0.330157 0.597799
vt 0.681571 0.597882
vt 0.952694 0.598090
vt 0.004660 0.598140
vt 0.320769 0.598336
vt 0.110686 0.598510
vt 0.704657 0.598526
vt 0.631228 0.598780
vt 0.813424 0.598822
vt 0.206534 0.598851
vt 0.310917 0.598940
vt 0.483252 0.599103
vt 0.445375 0.599379
vt 0.386236 0.599579
vt 0.422887 0.599748
vt 0.773347 0.600005
vt 0.493102 0.600305
vt 0.627517 0.600361
vt 0.041316 0.600573
vt 0.165100 0.600976
vt 0.804827 0.600999
vt 0.367030 0.601149
vt 0.914396 0.601358
vt 0.702105 0.601930
vt 0.004358 0.601997
vt 0.216198 0.602214
vt 0.798909 0.602403
vt 0.976511 0.602538
vt 0.481387 0.602738
vt 0.264273 0.602862
vt 0.282519 0.603081
vt 0.815541 0.603208
vt 0.301784 0.603254
vt 0.403385 0.603594
vt 0.251251 0.603791
vt 0.273510 0.603800
vt 0.830045 0.603835
vt 0.292225 0.603896
vt 0.615721 0.603926
vt 0.789264 0.603930
vt 0.794385 0.603958
vt 0.586947 0.604059
vt 0.803217 0.604348
vt 0.978444 0.604640
vt 0.883295 0.604700
vt 0.783553 0.604748
vt 0.242212 0.605039
vt 0.658715 0.605670
vt 0.884484 0.605792
vt 0.177111 0.605795
vt 0.576671 0.605842
vt 0.636561 0.605882
vt 0.453707 0.605902
vt 0.514653 0.605987
vt 0.386237 0.606076
vt 0.776347 0.606084
vt 0.606442 0.606239
vt 0.996408 0.606886
vt 0.751891 0.607151
vt 0.084526 0.607215
vt 0.846718 0.607244
vt 0.042666 0.607571
vt 0.102058 0.607755
vt 0.938751 0.607827
vt 0.128441 0.607881
vt 0.257550 0.607959
vt 0.420283 0.607968
vt 0.685570 0.608223
vt 0.423207 0.608257
vt 0.909855 0.608415
vt 0.004179 0.609035
vt 0.852081 0.609055
vt 0.872894 0.609343
vt 0.976685 0.609972
vt 0.730374 0.610269
vt 0.188847 0.610436
vt 0.707209 0.610564
vt 0.403060 0.610637
vt 0.981647 0.610664
vt 0.483000 0.610796
vt 0.044920 0.611207
vt 0.524950 0.611662
vt 0.109666 0.611692
vt 0.885044 0.611712
vt 0.854728 0.612325
vt 0.065272 0.612464
vt 0.335457 0.612801
vt 0.640533 0.613168
vt 0.139674 0.613341
vt 0.764981 0.613384
vt 0.907561 0.613569
vt 0.097092 0.613621
vt 0.326730 0.614074
vt 0.890785 0.614116
vt 0.200415 0.614393
vt 0.894103 0.614445
vt 0.343215 0.614500
vt 0.663491 0.614503
vt 0.993841 0.614788
vt 0.896885 0.614877
vt 0.578221 0.615163
vt 0.601406 0.615847
vt 0.899659 0.616270
vt 0.878059 0.616276
vt 0.318262 0.616510
vt 0.902290 0.616983
vt 0.210702 0.617007
vt 0.352027 0.617048
vt 0.421955 0.617165
vt 0.534756 0.617189
vt 0.960199 0.617213
vt 0.843933 0.617320
vt 0.905453 0.618112
vt 0.460448 0.618157
vt 0.854854 0.618344
vt 0.830133 0.618465
vt 0.545010 0.618471
vt 0.360977 0.619060
vt 0.128646 0.619352
vt 0.395026 0.619454
vt 0.309773 0.619582
vt 0.224569 0.619675
vt 0.549949 0.619777
vt 0.557876 0.619820
vt 0.153182 0.619822
vt 0.928817 0.619853
vt 0.643426 0.620151
vt 0.145677 0.620509
vt 0.098146 0.620755
vt 0.239157 0.620770
vt 0.687692 0.620814
vt 0.780705 0.621041
vt 0.373771 0.621072
vt 0.084734 0.621108
vt 0.612767 0.621331
vt 0.255287 0.621720
vt 0.640384 0.622093
vt 0.624728 0.622134
vt 0.817627 0.622202
vt 0.407733 0.622282
vt 0.433530 0.622556
vt 0.095236 0.622609
vt 0.957728 0.622632
vt 0.804540 0.622927
vt 0.109151 0.623139
vt 0.482737 0.623202
vt 0.740188 0.623707
vt 0.274527 0.623918
vt 0.960561 0.624049
vt 0.987171 0.624049
vt 0.042256 0.624267
vt 0.299258 0.624308
vt 0.004703 0.624717
vt 0.664935 0.624815
vt 0.478622 0.625276
vt 0.166345 0.625300
vt 0.793568 0.626035
vt 0.924235 0.626690
vt 0.718059 0.626749
vt 0.161433 0.626868
vt 0.591412 0.626949
vt 0.763167 0.627043
vt 0.096543 0.627551
vt 0.643900 0.627771
vt 0.460948 0.627805
vt 0.568196 0.628480
vt 0.423908 0.628557
vt 0.845877 0.628579
vt 0.878789 0.629822
vt 0.129865 0.629843
vt 0.060007 0.630174
vt 0.753835 0.630574
vt 0.178976 0.630635
vt 0.972672 0.630841
vt 0.921658 0.631220
vt 0.979553 0.631337
vt 0.395336 0.631749
vt 0.835235 0.631962
vt 0.110231 0.632877
vt 0.559878 0.632907
vt 0.854625 0.633719
vt 0.174951 0.633936
vt 0.791399 0.634029
vt 0.604149 0.634596
vt 0.086325 0.634803
vt 0.857378 0.635626
vt 0.457176 0.635762
vt 0.191294 0.635881
vt 0.641785 0.636277
vt 0.417082 0.636452
vt 0.499796 0.636505
vt 0.661681 0.636653
vt 0.924976 0.636788
vt 0.826085 0.636826
vt 0.685110 0.636927
vt 0.493505 0.636939
vt 0.066017 0.637015
vt 0.700970 0.637458
vt 0.941194 0.637677
vt 0.099735 0.637810
vt 0.419932 0.638134
vt 0.770690 0.638142
vt 0.380427 0.638172
vt 0.147946 0.638455
vt 0.888277 0.638722
vt 0.511357 0.639260
vt 0.097422 0.639308
vt 0.404818 0.639313
vt 0.729257 0.639336
vt 0.854886 0.639689
vt 0.203088 0.639765
vt 0.895835 0.639836
vt 0.546310 0.639956
vt 0.189572 0.639981
vt 0.621087 0.640324
vt 0.347344 0.640392
vt 0.900392 0.640409
vt 0.581391 0.640444
vt 0.356484 0.640584
vt 0.338946 0.640618
vt 0.366250 0.640804
vt 0.473560 0.640905
vt 0.880944 0.641664
vt 0.331016 0.641733
vt 0.635122 0.641763
vt 0.836650 0.641945
vt 0.521212 0.641981
vt 0.007965 0.642007
vt 0.903389 0.642263
vt 0.539247 0.642304
vt 0.813176 0.642523
vt 0.217207 0.642563
vt 0.532106 0.642567
vt 0.250702 0.643179
vt 0.444601 0.643373
vt 0.882897 0.643373
vt 0.233220 0.643407
vt 0.116678 0.643481
vt 0.322681 0.643688
vt 0.906630 0.643700
vt 0.968456 0.643811
vt 0.994562 0.643811
vt 0.936117 0.643835
vt 0.269572 0.643956
vt 0.040511 0.644292
vt 0.804798 0.645222
vt 0.055386 0.645835
vt 0.909422 0.645942
vt 0.931175 0.645991
vt 0.883933 0.646051
vt 0.570560 0.646282
vt 0.313862 0.646530
vt 0.094350 0.646537
vt 0.977173 0.646640
vt 0.037473 0.646655
vt 0.415700 0.646709
vt 0.406717 0.646718
vt 0.163422 0.646950
vt 0.739339 0.646967
vt 0.039623 0.647063
vt 0.784948 0.647292
vt 0.885578 0.647569
vt 0.384783 0.647616
vt 0.002961 0.647878
vt 0.516540 0.648158
vt 0.653693 0.648570
vt 0.965118 0.649173
vt 0.956271 0.649224
vt 0.074282 0.649299
vt 0.090069 0.649318
vt 0.824206 0.649683
vt 0.106777 0.650391
vt 0.460729 0.650492
vt 0.845111 0.650754
vt 0.301379 0.650909
vt 0.960245 0.651222
vt 0.176872 0.651384
vt 0.216796 0.652043
vt 0.996421 0.652197
vt 0.040600 0.652246
vt 0.953738 0.652313
vt 0.678569 0.652363
vt 0.871535 0.652670
vt 0.704515 0.652789
vt 0.596670 0.653014
vt 0.037473 0.653210
vt 0.136555 0.653480
vt 0.048508 0.653891
vt 0.950060 0.654026
vt 0.719209 0.654104
vt 0.272204 0.654116
vt 0.388220 0.654263
vt 0.489519 0.654510
vt 0.089218 0.654549
vt 0.610172 0.654654
vt 0.411761 0.654922
vt 0.562625 0.654995
vt 0.369779 0.655020
vt 0.873789 0.655139
vt 0.552360 0.655203
vt 0.139609 0.655606
vt 0.436895 0.655643
vt 0.806130 0.655748
vt 0.903593 0.655910
vt 0.751010 0.656322
vt 0.858479 0.656431
vt 0.230619 0.656547
vt 0.877217 0.656848
vt 0.619649 0.657274
vt 0.880418 0.657613
vt 0.359180 0.657821
vt 0.885314 0.658073
vt 0.037286 0.658079
vt 0.883061 0.658279
vt 0.578890 0.658299
vt 0.546117 0.658300
vt 0.191325 0.658380
vt 0.670213 0.658719
vt 0.115421 0.659066
vt 0.350478 0.659195
vt 0.201557 0.659429
vt 0.095490 0.659562
vt 0.391131 0.659781
vt 0.546840 0.660050
vt 0.342127 0.660153
vt 0.103209 0.660206
vt 0.268182 0.660656
vt 0.334039 0.660838
vt 0.813775 0.661337
vt 0.003205 0.661468
vt 0.406708 0.661759
vt 0.145288 0.661885
vt 0.325403 0.662063
vt 0.243591 0.662147
vt 0.796131 0.662261
vt 0.601098 0.662684
vt 0.919848 0.662690
vt 0.751456 0.662798
vt 0.282641 0.662845
vt 0.472323 0.662959
vt 0.350386 0.663121
vt 0.372556 0.663431
vt 0.973134 0.663530
vt 0.316412 0.663624
vt 0.834451 0.663977
vt 0.644198 0.664056
vt 0.156026 0.664244
vt 0.301460 0.664981
vt 0.575876 0.665529
vt 0.429169 0.666655
vt 0.400649 0.666771
vt 0.514799 0.667008
vt 0.994104 0.667129
vt 0.882479 0.667478
vt 0.131768 0.667614
vt 0.054670 0.667907
vt 0.215011 0.667984
vt 0.875266 0.668178
vt 0.879174 0.668265
vt 0.843832 0.668426
vt 0.171835 0.668527
vt 0.870385 0.668532
vt 0.654554 0.668964
vt 0.935199 0.668979
vt 0.456493 0.669046
vt 0.864514 0.669093
vt 0.761265 0.669715
vt 0.996441 0.669804
vt 0.731911 0.670115
vt 0.846590 0.670654
vt 0.625578 0.670735
vt 0.393724 0.670962
vt 0.854193 0.670966
vt 0.030111 0.671049
vt 0.693368 0.671458
vt 0.966231 0.671679
vt 0.962110 0.672286
vt 0.607742 0.672352
vt 0.851553 0.672522
vt 0.330982 0.672716
vt 0.095819 0.673097
vt 0.253517 0.673222
vt 0.958654 0.673399
vt 0.486654 0.673740
vt 0.231222 0.673796
vt 0.113082 0.673825
vt 0.087271 0.674112
vt 0.386347 0.674317
vt 0.103107 0.674532
vt 0.338106 0.674868
vt 0.555389 0.675349
vt 0.759092 0.675351
vt 0.420842 0.675444
vt 0.582634 0.676006
vt 0.378759 0.676672
vt 0.345810 0.676773
vt 0.459348 0.676827
vt 0.183164 0.676902
vt 0.353592 0.677953
vt 0.370533 0.678153
vt 0.361834 0.678562
vt 0.122487 0.678682
vt 0.866637 0.679120
vt 0.881717 0.679431
vt 0.877946 0.679505
vt 0.886301 0.679586
vt 0.901452 0.679628
vt 0.264139 0.679821
vt 0.872679 0.680060
vt 0.173854 0.680153
vt 0.987963 0.680524
vt 0.937241 0.680526
vt 0.967421 0.680776
vt 0.857036 0.681067
vt 0.411844 0.681456
vt 0.807505 0.681526
vt 0.534875 0.681560
vt 0.191356 0.681646
vt 0.039695 0.682097
vt 0.212437 0.682396
vt 0.143579 0.682401
vt 0.736269 0.682604
vt 0.970393 0.683426
vt 0.469451 0.683492
vt 0.679820 0.684051
vt 0.614441 0.684929
vt 0.511691 0.685422
vt 0.025634 0.685491
vt 0.917024 0.685550
vt 0.933947 0.685845
vt 0.213977 0.685990
vt 0.402826 0.686030
vt 0.590681 0.686042
vt 0.241723 0.686197
vt 0.769745 0.686651
vt 0.052765 0.687138
vt 0.728089 0.687153
vt 0.562698 0.687742
vt 0.777838 0.687933
vt 0.886438 0.688740
vt 0.761142 0.688833
vt 0.935580 0.689083
vt 0.242181 0.689205
vt 0.946687 0.689575
vt 0.094716 0.689788
vt 0.880925 0.690069
vt 0.394620 0.690211
vt 0.117851 0.690492
vt 0.919975 0.691552
vt 0.481925 0.691557
vt 0.868998 0.692170
vt 0.099570 0.692265
vt 0.680181 0.692514
vt 0.007813 0.693076
vt 0.385772 0.693084
vt 0.106325 0.693233
vt 0.433034 0.693278
vt 0.871796 0.693628
vt 0.719338 0.693871
vt 0.454970 0.694031
vt 0.741206 0.694288
vt 0.929194 0.694573
vt 0.375223 0.694751
vt 0.680317 0.695173
vt 0.331380 0.695382
vt 0.549838 0.695609
vt 0.514742 0.695728
vt 0.363120 0.696278
vt 0.082971 0.696470
vt 0.340497 0.696603
vt 0.667878 0.696715
vt 0.350390 0.696945
vt 0.972735 0.697258
vt 0.862174 0.697478
vt 0.598748 0.697789
vt 0.176615 0.699035
vt 0.179614 0.699377
vt 0.568714 0.699586
vt 0.440642 0.699844
vt 0.806481 0.700149
vt 0.766143 0.700392
vt 0.462991 0.700428
vt 0.145515 0.700873
vt 0.619708 0.701528
vt 0.254053 0.701847
vt 0.230808 0.702878
vt 0.668502 0.703086
vt 0.872910 0.703188
vt 0.996441 0.703246
vt 0.991725 0.703471
vt 0.125796 0.703608
vt 0.505029 0.703907
vt 0.981085 0.704751
vt 0.903802 0.704840
vt 0.797643 0.704849
vt 0.943855 0.705256
vt 0.669955 0.705399
vt 0.950407 0.705523
vt 0.089434 0.705642
vt 0.716979 0.705713
vt 0.954049 0.705817
vt 0.996493 0.705866
vt 0.852500 0.705972
vt 0.745782 0.706117
vt 0.976642 0.706159
vt 0.992912 0.707019
vt 0.092257 0.707034
vt 0.671791 0.707165
vt 0.786684 0.707385
vt 0.883959 0.707681
vt 0.009187 0.707697
vt 0.202435 0.707798
vt 0.903655 0.708128
vt 0.989700 0.708188
vt 0.097694 0.708334
vt 0.921596 0.708487
vt 0.530417 0.708840
vt 0.107875 0.709062
vt 0.474693 0.709129
vt 0.055214 0.709322
vt 0.303128 0.709332
vt 0.708011 0.709992
vt 0.442232 0.710210
vt 0.651074 0.710394
vt 0.814411 0.710758
vt 0.924185 0.711050
vt 0.672772 0.711569
vt 0.625607 0.711796
vt 0.604220 0.712274
vt 0.567082 0.712499
vt 0.847106 0.712673
vt 0.574407 0.712700
vt 0.400293 0.713020
vt 0.769200 0.713478
vt 0.286649 0.713730
vt 0.652489 0.713921
vt 0.892385 0.713946
vt 0.898396 0.714057
vt 0.370805 0.714113
vt 0.776233 0.714562
vt 0.242752 0.714699
vt 0.387801 0.714822
vt 0.675287 0.715203
vt 0.348710 0.715416
vt 0.626902 0.715485
vt 0.335788 0.715898
vt 0.374927 0.716199
vt 0.856393 0.716695
vt 0.654258 0.717406
vt 0.722039 0.717440
vt 0.177857 0.717663
vt 0.347467 0.717939
vt 0.965135 0.718138
vt 0.832354 0.718421
vt 0.449891 0.718525
vt 0.361611 0.718865
vt 0.146835 0.718870
vt 0.750632 0.718957
vt 0.627648 0.719441
vt 0.969188 0.719538
vt 0.000666 0.719633
vt 0.678270 0.719870
vt 0.839573 0.719881
vt 0.091339 0.720577
vt 0.867039 0.720581
vt 0.085199 0.720811
vt 0.095380 0.721062
vt 0.655395 0.721068
vt 0.708061 0.721068
vt 0.496675 0.721080
vt 0.695926 0.721870
vt 0.807210 0.722114
vt 0.105690 0.722199
vt 0.902549 0.722253
vt 0.623539 0.722589
vt 0.544444 0.722687
vt 0.909943 0.722941
vt 0.128863 0.723362
vt 0.628651 0.723619
vt 0.876440 0.723679
vt 0.955935 0.723853
vt 0.221245 0.723923
vt 0.690848 0.724291
vt 0.018768 0.724297
vt 0.259134 0.724397
vt 0.036075 0.724725
vt 0.509661 0.725063
vt 0.951646 0.725147
vt 0.579693 0.725306
vt 0.656623 0.725438
vt 0.984012 0.725570
vt 0.189589 0.725666
vt 0.990793 0.726075
vt 0.053994 0.726106
vt 0.576582 0.726551
vt 0.462765 0.726783
vt 0.980256 0.726865
vt 0.039784 0.726928
vt 0.964444 0.726960
vt 0.077528 0.727453
vt 0.774145 0.727535
vt 0.115944 0.727761
vt 0.976540 0.727861
vt 0.300881 0.728318
vt 0.104484 0.728362
vt 0.426754 0.728486
vt 0.629650 0.728886
vt 0.884284 0.729166
vt 0.683945 0.729266
vt 0.729549 0.729295
vt 0.284146 0.729356
vt 0.903699 0.729378
vt 0.020230 0.729568
vt 0.038375 0.729816
vt 0.408052 0.729845
vt 0.825953 0.730754
vt 0.606871 0.731137
vt 0.658455 0.731358
vt 0.756247 0.731476
vt 0.935536 0.731528
vt 0.492644 0.731939
vt 0.054721 0.732015
vt 0.056953 0.732204
vt 0.718232 0.732219
vt 0.018565 0.732638
vt 0.037641 0.732638
vt 0.852545 0.732847
vt 0.552380 0.733068
vt 0.321447 0.733504
vt 0.901751 0.733523
vt 0.240472 0.733722
vt 0.523076 0.733935
vt 0.873045 0.734123
vt 0.834079 0.734133
vt 0.840109 0.734277
vt 0.093870 0.734663
vt 0.000957 0.734751
vt 0.709256 0.734919
vt 0.864699 0.735030
vt 0.471330 0.735838
vt 0.022312 0.735991
vt 0.177942 0.736258
vt 0.629865 0.736527
vt 0.296090 0.736965
vt 0.145577 0.737049
vt 0.890690 0.737065
vt 0.110691 0.737353
vt 0.948993 0.737364
vt 0.899627 0.737585
vt 0.392521 0.737961
vt 0.484539 0.738136
vt 0.448251 0.738386
vt 0.996396 0.738907
vt 0.070149 0.739546
vt 0.581687 0.739952
vt 0.918199 0.740011
vt 0.660270 0.740217
vt 0.898774 0.740264
vt 0.435451 0.740500
vt 0.876885 0.740531
vt 0.298654 0.740789
vt 0.376342 0.741060
vt 0.838639 0.741116
vt 0.608835 0.741169
vt 0.330387 0.741220
vt 0.482997 0.741349
vt 0.345586 0.741740
vt 0.131553 0.741973
vt 0.688318 0.741973
vt 0.808169 0.741977
vt 0.361256 0.742106
vt 0.119122 0.742333
vt 0.261822 0.742473
vt 0.735479 0.742527
vt 0.106001 0.742561
vt 0.685857 0.742578
vt 0.532018 0.742940
vt 0.285980 0.742957
vt 0.034706 0.743010
vt 0.088574 0.743090
vt 0.273338 0.743435
vt 0.251493 0.743530
vt 0.852593 0.743633
vt 0.970694 0.744064
vt 0.578855 0.744089
vt 0.866631 0.744307
vt 0.724072 0.744547
vt 0.738909 0.744699
vt 0.625157 0.744753
vt 0.834279 0.744787
vt 0.262381 0.745101
vt 0.555218 0.745393
vt 0.422706 0.745557
vt 0.521345 0.745675
vt 0.744865 0.745764
vt 0.000219 0.745893
vt 0.880417 0.745941
vt 0.981947 0.746432
vt 0.945898 0.747034
vt 0.925215 0.747932
vt 0.100993 0.747942
vt 0.818905 0.748055
vt 0.891722 0.748290
vt 0.045041 0.748495
vt 0.980913 0.748598
vt 0.493708 0.748617
vt 0.507936 0.748621
vt 0.779067 0.748863
vt 0.228602 0.748890
vt 0.715200 0.748945
vt 0.835919 0.748991
vt 0.867719 0.749235
vt 0.682563 0.749253
vt 0.592371 0.749565
vt 0.013272 0.749823
vt 0.850060 0.750383
vt 0.946254 0.750734
vt 0.885176 0.751349
vt 0.534058 0.751679
vt 0.216400 0.752023
vt 0.054067 0.753080
vt 0.117077 0.753116
vt 0.152254 0.753150
vt 0.087077 0.753176
vt 0.802830 0.753389
vt 0.404375 0.753422
vt 0.844934 0.753579
vt 0.068622 0.753699
vt 0.096880 0.753790
vt 0.870147 0.754137
vt 0.612739 0.754306
vt 0.176733 0.754567
vt 0.520777 0.754692
vt 0.943956 0.754888
vt 0.894674 0.755677
vt 0.581066 0.755763
vt 0.920052 0.756251
vt 0.801090 0.756878
vt 0.504288 0.756906
vt 0.217442 0.757318
vt 0.890566 0.757643
vt 0.989272 0.757899
vt 0.191031 0.757960
vt 0.025519 0.758020
vt 0.133353 0.758349
vt 0.849295 0.758395
vt 0.626058 0.758449
vt 0.993470 0.758639
vt 0.064181 0.758883
vt 0.695932 0.759147
vt 0.663897 0.759207
vt 0.945287 0.759680
vt 0.514387 0.760138
vt 0.181227 0.760644
vt 0.617253 0.760714
vt 0.109979 0.760718
vt 0.989805 0.760962
vt 0.728740 0.761536
vt 0.872379 0.761595
vt 0.731298 0.762565
vt 0.993923 0.763146
vt 0.225370 0.763259
vt 0.733735 0.763442
vt 0.597335 0.763558
vt 0.577370 0.763617
vt 0.035329 0.763700
vt 0.555085 0.763737
vt 0.530913 0.764151
vt 0.920912 0.764248
vt 0.736970 0.764742
vt 0.619072 0.764867
vt 0.830285 0.765258
vt 0.210625 0.765272
vt 0.100103 0.765290
vt 0.514264 0.765918
vt 0.169189 0.766025
vt 0.896940 0.766131
vt 0.621160 0.766172
vt 0.086989 0.766198
vt 0.454507 0.766204
vt 0.070262 0.766705
vt 0.466955 0.766719
vt 0.742851 0.766999
vt 0.885813 0.767496
vt 0.441707 0.767526
vt 0.773003 0.768041
vt 0.962590 0.768165
vt 0.003481 0.768559
vt 0.757643 0.768592
vt 0.971661 0.768746
vt 0.044055 0.768786
vt 0.184409 0.768989
vt 0.199703 0.769042
vt 0.478176 0.769057
vt 0.853486 0.769289
vt 0.297371 0.769346
vt 0.361881 0.769719
vt 0.250224 0.769843
vt 0.341709 0.770688
vt 0.813483 0.770689
vt 0.879279 0.770817
vt 0.285906 0.771047
vt 0.402004 0.771131
vt 0.262280 0.771765
vt 0.274117 0.771785
vt 0.308373 0.771825
vt 0.155892 0.772126
vt 0.428675 0.772201
vt 0.325989 0.772510
vt 0.835909 0.772536
vt 0.127138 0.772816
vt 0.148077 0.773026
vt 0.489772 0.773165
vt 0.380931 0.773174
vt 0.790605 0.773463
vt 0.054318 0.773466
vt 0.226781 0.773499
vt 0.320256 0.773577
vt 0.581834 0.773823
vt 0.802752 0.773951
vt 0.240363 0.774073
vt 0.178586 0.774555
vt 0.519694 0.774893
vt 0.601157 0.774899
vt 0.793950 0.774938
vt 0.995532 0.775659
vt 0.229863 0.775885
vt 0.014729 0.775954
vt 0.408484 0.776257
vt 0.710951 0.776325
vt 0.935106 0.776492
vt 0.171697 0.777049
vt 0.424425 0.777288
vt 0.655109 0.777595
vt 0.526763 0.777701
vt 0.360724 0.777763
vt 0.500016 0.778606
vt 0.165057 0.778720
vt 0.621343 0.778754
vt 0.818033 0.779230
vt 0.548697 0.779347
vt 0.374274 0.779375
vt 0.671420 0.779380
vt 0.217576 0.779555
vt 0.072019 0.779895
vt 0.139403 0.780117
vt 0.927920 0.780159
vt 0.069307 0.780301
vt 0.723848 0.780730
vt 0.385707 0.780754
vt 0.025729 0.780935
vt 0.407295 0.781090
vt 0.637197 0.781253
vt 0.159530 0.781375
vt 0.193598 0.781394
vt 0.149619 0.781752
vt 0.838775 0.781785
vt 0.397275 0.781873
vt 0.604059 0.781976
vt 0.086139 0.782077
vt 0.447202 0.782510
vt 0.458863 0.782576
vt 0.571316 0.782937
vt 0.725131 0.782954
vt 0.116682 0.783159
vt 0.782724 0.783164
vt 0.806190 0.783410
vt 0.727228 0.783558
vt 0.926631 0.783618
vt 0.916390 0.783635
vt 0.891684 0.783671
vt 0.775340 0.784451
vt 0.922550 0.784693
vt 0.469134 0.784796
vt 0.875588 0.784862
vt 0.489619 0.784881
vt 0.036176 0.785152
vt 0.956552 0.785153
vt 0.510142 0.785291
vt 0.729580 0.785557
vt 0.796873 0.785688
vt 0.581950 0.785699
vt 0.119373 0.786139
vt 0.479677 0.786208
vt 0.433443 0.786351
vt 0.529009 0.786605
vt 0.443435 0.786674
vt 0.536975 0.786688
vt 0.908490 0.786999
vt 0.101585 0.787370
vt 0.732907 0.787518
vt 0.545480 0.787560
vt 0.903586 0.787935
vt 0.519694 0.788342
vt 0.821378 0.788356
vt 0.185043 0.788775
vt 0.209660 0.789185
vt 0.974976 0.789328
vt 0.957072 0.789343
vt 0.048338 0.789502
vt 0.707022 0.789637
vt 0.131937 0.789860
vt 0.336944 0.790656
vt 0.177106 0.790701
vt 0.983604 0.790850
vt 0.710211 0.791301
vt 0.510400 0.791344
vt 0.563206 0.791426
vt 0.739307 0.791526
vt 0.809186 0.791834
vt 0.004953 0.791854
vt 0.433206 0.792422
vt 0.796322 0.792480
vt 0.224569 0.792508
vt 0.841014 0.792541
vt 0.710933 0.793003
vt 0.875880 0.793103
vt 0.980422 0.793109
vt 0.607817 0.793131
vt 0.991286 0.793278
vt 0.953546 0.793568
vt 0.585426 0.793751
vt 0.895626 0.793812
vt 0.972777 0.793813
vt 0.712906 0.794038
vt 0.169192 0.794112
vt 0.349897 0.794137
vt 0.800344 0.794156
vt 0.756282 0.794490
vt 0.130686 0.794928
vt 0.501041 0.795265
vt 0.697145 0.795337
vt 0.159971 0.795465
vt 0.687434 0.795697
vt 0.771498 0.795890
vt 0.422714 0.796013
vt 0.151313 0.796171
vt 0.712559 0.796613
vt 0.956183 0.797035
vt 0.696918 0.797103
vt 0.018824 0.797309
vt 0.823412 0.797898
vt 0.360724 0.797984
vt 0.411674 0.798331
vt 0.205065 0.798832
vt 0.697611 0.798847
vt 0.966953 0.798996
vt 0.669201 0.799121
vt 0.959570 0.799213
vt 0.489271 0.799260
vt 0.714002 0.799424
vt 0.855094 0.799512
vt 0.399202 0.799797
vt 0.963162 0.799944
vt 0.373145 0.800030
vt 0.878263 0.800415
vt 0.386014 0.800437
vt 0.653444 0.800533
vt 0.698735 0.800753
vt 0.138655 0.800815
vt 0.896308 0.801053
vt 0.058363 0.801267
vt 0.811997 0.801438
vt 0.032480 0.801520
vt 0.803414 0.802372
vt 0.844390 0.802389
vt 0.947617 0.803128
vt 0.932682 0.803782
vt 0.045106 0.803837
vt 0.527809 0.804004
vt 0.001256 0.804253
vt 0.055890 0.804390
vt 0.519010 0.804407
vt 0.535836 0.804773
vt 0.450941 0.804810
vt 0.856785 0.804873
vt 0.195431 0.805282
vt 0.073378 0.805315
vt 0.473753 0.805564
vt 0.544466 0.805821
vt 0.898873 0.806103
vt 0.458412 0.806794
vt 0.992806 0.806816
vt 0.879314 0.806932
vt 0.510239 0.806944
vt 0.635026 0.807003
vt 0.553334 0.807067
vt 0.909394 0.807073
vt 0.826812 0.807182
vt 0.020345 0.807239
vt 0.996346 0.807674
vt 0.035165 0.807687
vt 0.716973 0.807771
vt 0.010492 0.807872
vt 0.219419 0.807916
vt 0.299276 0.807951
vt 0.119902 0.808543
vt 0.989236 0.808775
vt 0.287940 0.808932
vt 0.562788 0.808938
vt 0.264890 0.809234
vt 0.703755 0.809736
vt 0.242901 0.810008
vt 0.276743 0.810133
vt 0.309760 0.810145
vt 0.992839 0.810220
vt 0.857480 0.810355
vt 0.915050 0.810390
vt 0.254024 0.810437
vt 0.228908 0.810754
vt 0.500480 0.810774
vt 0.299951 0.810831
vt 0.813867 0.810886
vt 0.900229 0.811303
vt 0.572937 0.811444
vt 0.996464 0.811519
vt 0.766403 0.811983
vt 0.072747 0.812080
vt 0.845975 0.812080
vt 0.334295 0.812083
vt 0.028321 0.812093
vt 0.804730 0.812234
vt 0.280531 0.812294
vt 0.881053 0.812444
vt 0.319544 0.812466
vt 0.185508 0.812604
vt 0.267924 0.812726
vt 0.245776 0.813453
vt 0.255682 0.814270
vt 0.147580 0.814418
vt 0.447187 0.814476
vt 0.473826 0.814719
vt 0.748316 0.814759
vt 0.489724 0.814821
vt 0.478473 0.815167
vt 0.733917 0.815210
vt 0.005330 0.815476
vt 0.592846 0.815679
vt 0.858725 0.815712
vt 0.099940 0.816299
vt 0.092396 0.816658
vt 0.829485 0.816927
vt 0.901491 0.817664
vt 0.882047 0.817889
vt 0.792134 0.818046
vt 0.106646 0.818278
vt 0.818657 0.818573
vt 0.804721 0.818686
vt 0.433400 0.818689
vt 0.458848 0.819050
vt 0.648352 0.819112
vt 0.173931 0.819325
vt 0.944098 0.819391
vt 0.160636 0.819476
vt 0.222840 0.819667
vt 0.127090 0.820348
vt 0.418796 0.821335
vt 0.859329 0.821449
vt 0.848808 0.821466
vt 0.954120 0.821490
vt 0.963706 0.822029
vt 0.432675 0.822203
vt 0.972876 0.822251
vt 0.025691 0.822357
vt 0.886218 0.822613
vt 0.943605 0.822628
vt 0.429407 0.823088
vt 0.966513 0.823115
vt 0.756227 0.823348
vt 0.404080 0.823391
vt 0.341274 0.823880
vt 0.290045 0.824160
vt 0.891633 0.824488
vt 0.526053 0.824564
vt 0.533899 0.824605
vt 0.996422 0.824687
vt 0.448137 0.824828
vt 0.929349 0.825197
vt 0.389638 0.825278
vt 0.541717 0.825281
vt 0.613438 0.825349
vt 0.516996 0.825405
vt 0.630148 0.825430
vt 0.678329 0.825769
vt 0.550367 0.825788
vt 0.301141 0.826009
vt 0.462179 0.826183
vt 0.559366 0.826231
vt 0.833870 0.826303
vt 0.720657 0.826455
vt 0.860366 0.826538
vt 0.374378 0.826688
vt 0.173570 0.826755
vt 0.358410 0.826755
vt 0.145610 0.826947
vt 0.524651 0.827104
vt 0.568787 0.827162
vt 0.507167 0.827163
vt 0.581006 0.827371
vt 0.242779 0.828009
vt 0.885536 0.828473
vt 0.013373 0.828526
vt 0.700503 0.828727
vt 0.384728 0.829032
vt 0.578717 0.829406
vt 0.837937 0.829504
vt 0.418397 0.830288
vt 0.280776 0.830316
vt 0.500712 0.830394
vt 0.403224 0.830969
vt 0.811254 0.831440
vt 0.564673 0.831929
vt 0.268868 0.831998
vt 0.229159 0.832001
vt 0.686815 0.832108
vt 0.860895 0.832207
vt 0.256672 0.832598
vt 0.917563 0.832796
vt 0.842793 0.832798
vt 0.966879 0.832861
vt 0.489045 0.832910
vt 0.885185 0.833305
vt 0.697118 0.833471
vt 0.974907 0.833923
vt 0.217036 0.833929
vt 0.476016 0.834082
vt 0.569542 0.834180
vt 0.851723 0.834258
vt 0.452065 0.834455
vt 0.773010 0.834866
vt 0.647082 0.835031
vt 0.658352 0.835056
vt 0.497637 0.835812
vt 0.467906 0.836092
vt 0.896386 0.836155
vt 0.982194 0.836575
vt 0.858363 0.836785
vt 0.057626 0.836813
vt 0.864156 0.836966
vt 0.663711 0.837037
vt 0.753371 0.837052
vt 0.633421 0.837324
vt 0.828786 0.837429
vt 0.756932 0.837466
vt 0.509302 0.837577
vt 0.869220 0.838298
vt 0.700021 0.838321
vt 0.441920 0.838430
vt 0.011221 0.838818
vt 0.494054 0.839543
vt 0.978575 0.839562
vt 0.990265 0.839647
vt 0.739649 0.839723
vt 0.886407 0.839799
vt 0.785351 0.840105
vt 0.721890 0.840207
vt 0.907828 0.840252
vt 0.038216 0.840607
vt 0.074323 0.840863
vt 0.612608 0.841220
vt 0.822299 0.841339
vt 0.003300 0.841945
vt 0.726366 0.842223
vt 0.455248 0.842705
vt 0.664989 0.842793
vt 0.925473 0.842890
vt 0.000120 0.842910
vt 0.700293 0.843299
vt 0.931877 0.843512
vt 0.447105 0.844295
vt 0.538121 0.844592
vt 0.336070 0.844725
vt 0.601050 0.844836
vt 0.490371 0.844909
vt 0.575026 0.844911
vt 0.091101 0.845027
vt 0.713681 0.845129
vt 0.621191 0.845433
vt 0.501165 0.845503
vt 0.818324 0.845726
vt 0.340514 0.845845
vt 0.013867 0.845967
vt 0.960346 0.845974
vt 0.656896 0.846485
vt 0.438217 0.847496
vt 0.896688 0.847986
vt 0.571921 0.848054
vt 0.648538 0.848211
vt 0.110190 0.848230
vt 0.666916 0.848375
vt 0.165297 0.848424
vt 0.484358 0.848501
vt 0.700580 0.848693
vt 0.458841 0.848903
vt 0.068993 0.848965
vt 0.341356 0.848979
vt 0.967564 0.849659
vt 0.448872 0.850088
vt 0.107555 0.850322
vt 0.794497 0.850732
vt 0.126767 0.851685
vt 0.635426 0.852430
vt 0.772179 0.852437
vt 0.760678 0.852477
vt 0.882335 0.852625
vt 0.494146 0.853260
vt 0.523621 0.853296
vt 0.101169 0.853585
vt 0.340147 0.853681
vt 0.486773 0.853918
vt 0.985224 0.853977
vt 0.795990 0.854262
vt 0.701029 0.854378
vt 0.659255 0.854804
vt 0.075083 0.854963
vt 0.993223 0.855195
vt 0.996422 0.855294
vt 0.949760 0.855346
vt 0.667688 0.855396
vt 0.428672 0.855544
vt 0.088247 0.855987
vt 0.591484 0.856554
vt 0.175097 0.857053
vt 0.746479 0.857091
vt 0.990304 0.857099
vt 0.453182 0.857128
vt 0.008103 0.857161
vt 0.004047 0.857188
vt 0.001224 0.857435
vt 0.128332 0.857540
vt 0.160635 0.857568
vt 0.884774 0.857683
vt 0.647523 0.857832
vt 0.797722 0.858279
vt 0.471827 0.858851
vt 0.993249 0.859242
vt 0.700124 0.859533
vt 0.121131 0.859911
vt 0.359510 0.860064
vt 0.667366 0.860147
vt 0.331840 0.860223
vt 0.618437 0.860609
vt 0.200762 0.860822
vt 0.435900 0.861177
vt 0.549717 0.861211
vt 0.971293 0.861284
vt 0.733291 0.861305
vt 0.996382 0.861480
vt 0.074450 0.861597
vt 0.660574 0.861631
vt 0.512078 0.861659
vt 0.086663 0.861897
vt 0.466219 0.861913
vt 0.416639 0.862084
vt 0.759883 0.862244
vt 0.099694 0.862415
vt 0.301210 0.862415
vt 0.227416 0.862555
vt 0.985471 0.862685
vt 0.578265 0.863333
vt 0.009282 0.863647
vt 0.156926 0.864115
vt 0.798804 0.864582
vt 0.700049 0.864636
vt 0.349183 0.864670
vt 0.667722 0.864733
vt 0.213329 0.864746
vt 0.819999 0.864779
vt 0.324873 0.865168
vt 0.032724 0.865528
vt 0.720877 0.865528
vt 0.823453 0.865905
vt 0.762439 0.866225
vt 0.599445 0.866267
vt 0.164289 0.866397
vt 0.375504 0.866416
vt 0.097694 0.866451
vt 0.960330 0.866610
vt 0.641199 0.866653
vt 0.200954 0.866713
vt 0.490972 0.866994
vt 0.655687 0.867007
vt 0.144558 0.867301
vt 0.409342 0.867579
vt 0.288036 0.867768
vt 0.243708 0.867844
vt 0.827044 0.867912
vt 0.928201 0.867931
vt 0.275983 0.868034
vt 0.894609 0.868144
vt 0.390940 0.868614
vt 0.072553 0.868650
vt 0.261517 0.868656
vt 0.797151 0.868680
vt 0.394065 0.868742
vt 0.860523 0.868774
vt 0.833266 0.868842
vt 0.416976 0.869189
vt 0.764246 0.869244
vt 0.838471 0.869489
vt 0.175366 0.869501
vt 0.222213 0.869551
vt 0.707286 0.869574
vt 0.700172 0.869610
vt 0.667412 0.869676
vt 0.535278 0.870068
vt 0.339435 0.870303
vt 0.501541 0.870331
vt 0.290637 0.870352
vt 0.258100 0.870830
vt 0.880732 0.871002
vt 0.391225 0.871016
vt 0.275165 0.871099
vt 0.424593 0.871226
vt 0.365373 0.871274
vt 0.267009 0.871462
vt 0.842831 0.871510
vt 0.929434 0.871547
vt 0.296436 0.871594
vt 0.975593 0.871658
vt 0.471161 0.871670
vt 0.197956 0.871673
vt 0.300663 0.871719
vt 0.129589 0.871727
vt 0.753304 0.871758
vt 0.248996 0.872145
vt 0.847373 0.872501
vt 0.111391 0.872551
vt 0.987124 0.872578
vt 0.795612 0.872665
vt 0.950972 0.873221
vt 0.766222 0.873294
vt 0.158010 0.873579
vt 0.327769 0.873711
vt 0.811301 0.873908
vt 0.620930 0.874040
vt 0.238524 0.874317
vt 0.665622 0.874347
vt 0.855233 0.874414
vt 0.301125 0.874531
vt 0.626973 0.874566
vt 0.946553 0.874611
vt 0.225395 0.874926
vt 0.700005 0.874930
vt 0.106570 0.875098
vt 0.851211 0.875276
vt 0.569098 0.875528
vt 0.794166 0.875715
vt 0.029958 0.875741
vt 0.966502 0.875954
vt 0.311691 0.876037
vt 0.004529 0.876162
vt 0.814807 0.876408
vt 0.487493 0.876578
vt 0.740046 0.876712
vt 0.355346 0.876764
vt 0.522663 0.876868
vt 0.558412 0.877038
vt 0.162633 0.877089
vt 0.946723 0.877273
vt 0.765916 0.877696
vt 0.134720 0.878324
vt 0.471595 0.878763
vt 0.003034 0.878903
vt 0.604357 0.878922
vt 0.938940 0.878955
vt 0.976478 0.879000
vt 0.664303 0.879120
vt 0.792309 0.879547
vt 0.959702 0.879620
vt 0.121648 0.880123
vt 0.868839 0.880799
vt 0.727499 0.880942
vt 0.387966 0.881042
vt 0.372129 0.881293
vt 0.983003 0.881511
vt 0.173589 0.881549
vt 0.374803 0.881778
vt 0.764496 0.881820
vt 0.344178 0.881955
vt 0.014855 0.882438
vt 0.105981 0.882606
vt 0.841660 0.882861
vt 0.019385 0.882997
vt 0.401890 0.883362
vt 0.575674 0.883803
vt 0.161954 0.883868
vt 0.454114 0.884269
vt 0.212036 0.884330
vt 0.758806 0.884452
vt 0.080777 0.884547
vt 0.042890 0.884576
vt 0.727095 0.884625
vt 0.330815 0.885115
vt 0.466671 0.885164
vt 0.612337 0.885338
vt 0.415803 0.885399
vt 0.914304 0.885414
vt 0.830062 0.885627
vt 0.794450 0.885932
vt 0.961006 0.885977
vt 0.428185 0.886036
vt 0.968373 0.886074
vt 0.475445 0.886418
vt 0.155992 0.886518
vt 0.762820 0.886769
vt 0.818671 0.886935
vt 0.773339 0.887283
vt 0.991798 0.887477
vt 0.203903 0.887523
vt 0.313509 0.887904
vt 0.487495 0.887944
vt 0.670374 0.887987
vt 0.955547 0.888109
vt 0.057665 0.888209
vt 0.361717 0.888569
vt 0.995126 0.888722
vt 0.886449 0.888773
vt 0.173798 0.889587
vt 0.779642 0.889741
vt 0.210726 0.889750
vt 0.986963 0.890047
vt 0.693745 0.890092
vt 0.131618 0.890126
vt 0.096466 0.890155
vt 0.212845 0.890275
vt 0.948412 0.891196
vt 0.427828 0.891409
vt 0.007881 0.891442
vt 0.755003 0.891723
vt 0.216328 0.892376
vt 0.990775 0.892635
vt 0.040097 0.893149
vt 0.115249 0.893297
vt 0.087434 0.893723
vt 0.349983 0.893762
vt 0.583467 0.893943
vt 0.488525 0.893997
vt 0.822346 0.894013
vt 0.283526 0.894340
vt 0.845313 0.894360
vt 0.650444 0.894614
vt 0.078624 0.894779
vt 0.614576 0.894874
vt 0.434491 0.894971
vt 0.278507 0.895091
vt 0.630634 0.895258
vt 0.273415 0.895858
vt 0.012252 0.896156
vt 0.868376 0.896864
vt 0.334083 0.897092
vt 0.137742 0.897105
vt 0.557729 0.897155
vt 0.267731 0.897485
vt 0.447575 0.897693
vt 0.653506 0.897826
vt 0.479731 0.897836
vt 0.906106 0.898629
vt 0.199433 0.898743
vt 0.850116 0.899160
vt 0.928564 0.899175
vt 0.797702 0.899396
vt 0.874728 0.899594
vt 0.789273 0.899716
vt 0.947669 0.899842
vt 0.460039 0.899908
vt 0.960399 0.899952
vt 0.260659 0.900180
vt 0.190174 0.900300
vt 0.123497 0.900424
vt 0.469399 0.900660
vt 0.317558 0.901163
vt 0.970188 0.901495
vt 0.207417 0.901807
vt 0.147215 0.901951
vt 0.105295 0.902050
vt 0.369207 0.902290
vt 0.216907 0.902361
vt 0.651146 0.902904
vt 0.951156 0.903227
vt 0.893344 0.903331
vt 0.020221 0.903393
vt 0.286082 0.903797
vt 0.534030 0.904008
vt 0.589394 0.904259
vt 0.667277 0.904275
vt 0.234486 0.904563
vt 0.774674 0.904743
vt 0.064591 0.904861
vt 0.713956 0.905236
vt 0.253851 0.905423
vt 0.400138 0.905546
vt 0.080220 0.905554
vt 0.499100 0.906105
vt 0.386822 0.906320
vt 0.691311 0.906587
vt 0.363719 0.906753
vt 0.650609 0.906778
vt 0.095091 0.906893
vt 0.288802 0.907199
vt 0.413813 0.907552
vt 0.270158 0.907696
vt 0.585686 0.907846
vt 0.296093 0.907873
vt 0.227171 0.908051
vt 0.130487 0.908181
vt 0.924870 0.908331
vt 0.861248 0.908393
vt 0.790895 0.908408
vt 0.234493 0.908442
vt 0.568013 0.908640
vt 0.350960 0.908667
vt 0.246352 0.909057
vt 0.085705 0.909374
vt 0.564510 0.909382
vt 0.045556 0.909711
vt 0.410575 0.909908
vt 0.716601 0.909995
vt 0.531273 0.910094
vt 0.595351 0.910095
vt 0.336653 0.910126
vt 0.111872 0.910410
vt 0.381077 0.910852
vt 0.756878 0.910890
vt 0.735090 0.910899
vt 0.882053 0.911399
vt 0.188322 0.911744
vt 0.085204 0.911952
vt 0.197133 0.911966
vt 0.285895 0.912116
vt 0.385521 0.912137
vt 0.900741 0.912181
vt 0.532872 0.912452
vt 0.550426 0.912675
vt 0.406589 0.912891
vt 0.364579 0.912929
vt 0.161512 0.912998
vt 0.519737 0.913006
vt 0.248531 0.913049
vt 0.567574 0.913180
vt 0.227943 0.913724
vt 0.507892 0.913735
vt 0.139295 0.913751
vt 0.130402 0.913790
vt 0.390229 0.913892
vt 0.425737 0.913979
vt 0.208529 0.914015
vt 0.157604 0.914116
vt 0.267291 0.914180
vt 0.960117 0.914415
vt 0.258366 0.914543
vt 0.970331 0.914725
vt 0.324042 0.914817
vt 0.153680 0.914909
vt 0.402240 0.914959
vt 0.847240 0.915039
vt 0.177244 0.915125
vt 0.617540 0.915191
vt 0.829426 0.915430
vt 0.286399 0.915478
vt 0.950900 0.915627
vt 0.395825 0.915639
vt 0.397690 0.915699
vt 0.086432 0.915865
vt 0.797128 0.915951
vt 0.230737 0.916162
vt 0.640326 0.916326
vt 0.119244 0.916490
vt 0.437247 0.916741
vt 0.149721 0.916977
vt 0.655822 0.917251
vt 0.101500 0.917608
vt 0.669406 0.917700
vt 0.868472 0.918143
vt 0.704538 0.918178
vt 0.712355 0.918395
vt 0.618108 0.918466
vt 0.143846 0.918605
vt 0.448588 0.918623
vt 0.126742 0.918714
vt 0.895831 0.918735
vt 0.068601 0.918752
vt 0.484347 0.918931
vt 0.221681 0.918965
vt 0.995418 0.918970
vt 0.073081 0.919544
vt 0.735382 0.919659
vt 0.211178 0.919690
vt 0.682755 0.919924
vt 0.141169 0.920130
vt 0.342382 0.920569
vt 0.124001 0.920625
vt 0.190178 0.920756
vt 0.182471 0.920920
vt 0.461001 0.921172
vt 0.918385 0.921189
vt 0.779145 0.921462
vt 0.618551 0.921899
vt 0.493507 0.921901
vt 0.959175 0.922172
vt 0.137841 0.922427
vt 0.242784 0.922567
vt 0.935474 0.922831
vt 0.174214 0.923036
vt 0.472872 0.923196
vt 0.608832 0.923240
vt 0.732778 0.923544
vt 0.135053 0.923895
vt 0.223597 0.924073
vt 0.716543 0.924159
vt 0.075237 0.924162
vt 0.835431 0.924215
vt 0.781864 0.924301
vt 0.968658 0.924443
vt 0.025656 0.924713
vt 0.132088 0.925072
vt 0.934106 0.925220
vt 0.276061 0.925640
vt 0.048737 0.926034
vt 0.896467 0.926229
vt 0.120373 0.926314
vt 0.252846 0.926399
vt 0.616038 0.926431
vt 0.674416 0.926559
vt 0.321087 0.926683
vt 0.941992 0.926702
vt 0.783810 0.926915
vt 0.116442 0.926947
vt 0.584124 0.926988
vt 0.500421 0.927045
vt 0.868034 0.927078
vt 0.256316 0.927718
vt 0.187920 0.928046
vt 0.566903 0.928519
vt 0.129717 0.928538
vt 0.062114 0.928635
vt 0.762553 0.928796
vt 0.676446 0.929250
vt 0.856003 0.929294
vt 0.022337 0.930102
vt 0.321864 0.930118
vt 0.552855 0.930125
vt 0.633918 0.930413
vt 0.076648 0.930663
vt 0.959753 0.930871
vt 0.864682 0.931117
vt 0.564570 0.931343
vt 0.784114 0.931364
vt 0.260976 0.931424
vt 0.308150 0.931522
vt 0.047894 0.931523
vt 0.678336 0.932259
vt 0.650341 0.932310
vt 0.237268 0.932378
vt 0.033631 0.932495
vt 0.843233 0.932764
vt 0.761556 0.932955
vt 0.853019 0.933037
vt 0.956484 0.933085
vt 0.986963 0.933424
vt 0.079249 0.933513
vt 0.326491 0.933705
vt 0.917619 0.934002
vt 0.488969 0.934097
vt 0.682186 0.934356
vt 0.665061 0.934476
vt 0.508428 0.934506
vt 0.521761 0.934551
vt 0.537368 0.934551
vt 0.783863 0.934655
vt 0.004096 0.934707
vt 0.290113 0.934745
vt 0.798456 0.934906
vt 0.817837 0.935953
vt 0.197748 0.936206
vt 0.061487 0.936479
vt 0.433021 0.936796
vt 0.046949 0.936840
vt 0.836252 0.937159
vt 0.032505 0.937203
vt 0.685067 0.937246
vt 0.444761 0.937633
vt 0.137229 0.938100
vt 0.764197 0.938123
vt 0.371838 0.938432
vt 0.134016 0.938443
vt 0.375645 0.938490
vt 0.064113 0.938788
vt 0.181402 0.938818
vt 0.141356 0.938861
vt 0.489023 0.938929
vt 0.476015 0.939017
vt 0.714855 0.939136
vt 0.742209 0.939147
vt 0.814100 0.939210
vt 0.464732 0.939265
vt 0.248287 0.939287
vt 0.689486 0.939300
vt 0.984693 0.939451
vt 0.833652 0.939466
vt 0.799175 0.939821
vt 0.146346 0.939924
vt 0.177564 0.940101
vt 0.958783 0.940101
vt 0.456330 0.940188
vt 0.343417 0.940245
vt 0.733015 0.940445
vt 0.047497 0.940608
vt 0.031032 0.940641
vt 0.173303 0.940798
vt 0.211079 0.940815
vt 0.083719 0.940913
vt 0.694463 0.940927
vt 0.385503 0.941082
vt 0.746190 0.941198
vt 0.251568 0.941199
vt 0.405917 0.941390
vt 0.871282 0.941475
vt 0.506233 0.941518
vt 0.168378 0.941553
vt 0.379252 0.941568
vt 0.153853 0.941795
vt 0.906170 0.942092
vt 0.402213 0.942259
vt 0.254130 0.942612
vt 0.029194 0.942861
vt 0.398405 0.942899
vt 0.390978 0.943153
vt 0.066209 0.943233
vt 0.133982 0.943304
vt 0.394126 0.943339
vt 0.046732 0.943445
vt 0.162451 0.943548
vt 0.928297 0.943900
vt 0.921441 0.944372
vt 0.931626 0.944529
vt 0.588740 0.944594
vt 0.102606 0.944641
vt 0.858613 0.945071
vt 0.787410 0.945372
vt 0.936541 0.945570
vt 0.353725 0.946165
vt 0.624467 0.946312
vt 0.046582 0.946315
vt 0.210631 0.946480
vt 0.573199 0.946628
vt 0.942336 0.946744
vt 0.882851 0.946846
vt 0.000037 0.946927
vt 0.612826 0.947669
vt 0.569562 0.947677
vt 0.979917 0.947738
vt 0.816626 0.947900
vt 0.228622 0.948031
vt 0.761837 0.948558
vt 0.086925 0.948777
vt 0.591368 0.948822
vt 0.067423 0.949398
vt 0.837777 0.949773
vt 0.046716 0.949894
vt 0.641412 0.949953
vt 0.098535 0.950676
vt 0.617789 0.951134
vt 0.720377 0.951650
vt 0.047723 0.951969
vt 0.508411 0.952382
vt 0.093906 0.952394
vt 0.150972 0.952415
vt 0.752386 0.952807
vt 0.641538 0.952838
vt 0.620788 0.953104
vt 0.952503 0.953296
vt 0.624451 0.953418
vt 0.656377 0.953436
vt 0.740104 0.953440
vt 0.571945 0.953585
vt 0.879967 0.953605
vt 0.638062 0.953775
vt 0.242686 0.953789
vt 0.524441 0.953840
vt 0.644586 0.953853
vt 0.634757 0.953903
vt 0.627953 0.953926
vt 0.179386 0.954092
vt 0.070186 0.954183
vt 0.631409 0.954371
vt 0.697811 0.954404
vt 0.453724 0.954607
vt 0.542928 0.954639
vt 0.208002 0.954686
vt 0.718154 0.954823
vt 0.973820 0.954902
vt 0.899598 0.955188
vt 0.754870 0.955392
vt 0.566073 0.955398
vt 0.909368 0.955399
vt 0.925852 0.955415
vt 0.246582 0.955463
vt 0.494092 0.955534
vt 0.378245 0.955819
vt 0.739339 0.955918
vt 0.466323 0.956069
vt 0.240553 0.956310
vt 0.479830 0.956459
vt 0.398744 0.956935
vt 0.671438 0.956948
vt 0.538522 0.957282
vt 0.312747 0.957593
vt 0.562396 0.957723
vt 0.655217 0.957736
vt 0.515641 0.957737
vt 0.035043 0.957870
vt 0.078693 0.957870
vt 0.521417 0.957953
vt 0.986483 0.958005
vt 0.865740 0.958283
vt 0.410144 0.958435
vt 0.766605 0.958615
vt 0.129223 0.958888
vt 0.285642 0.959269
vt 0.673643 0.959334
vt 0.906274 0.959678
vt 0.566629 0.959771
vt 0.328661 0.959811
vt 0.928025 0.960119
vt 0.297202 0.960164
vt 0.990086 0.960268
vt 0.845668 0.960455
vt 0.818038 0.960524
vt 0.373484 0.960573
vt 0.970467 0.960727
vt 0.676095 0.960886
vt 0.851522 0.961033
vt 0.957267 0.961058
vt 0.792121 0.961158
vt 0.116823 0.961164
vt 0.291160 0.961559
vt 0.936549 0.961622
vt 0.931518 0.961706
vt 0.678460 0.962754
vt 0.942226 0.963135
vt 0.032468 0.963155
vt 0.683151 0.963561
vt 0.329069 0.963683
vt 0.346843 0.963747
vt 0.810187 0.964080
vt 0.001120 0.964174
vt 0.325410 0.964229
vt 0.299866 0.964329
vt 0.401184 0.964621
vt 0.687918 0.964666
vt 0.331703 0.965168
vt 0.373912 0.965462
vt 0.691599 0.965564
vt 0.949641 0.965895
vt 0.076612 0.966568
vt 0.344502 0.966840
vt 0.334493 0.966955
vt 0.396226 0.966971
vt 0.850374 0.967033
vt 0.696420 0.967055
vt 0.655084 0.967179
vt 0.541044 0.967203
vt 0.593678 0.967363
vt 0.677389 0.967629
vt 0.987658 0.967740
vt 0.048779 0.967948
vt 0.168065 0.968050
vt 0.891291 0.968100
vt 0.562409 0.968381
vt 0.956088 0.968934
vt 0.242677 0.969287
vt 0.080479 0.969306
vt 0.565776 0.969553
vt 0.706205 0.969588
vt 0.984055 0.969601
vt 0.821712 0.969656
vt 0.337460 0.970011
vt 0.342171 0.970119
vt 0.435116 0.970452
vt 0.364129 0.970552
vt 0.918269 0.971374
vt 0.082690 0.971478
vt 0.460846 0.971564
vt 0.088781 0.972578
vt 0.163597 0.972712
vt 0.954308 0.973450
vt 0.875097 0.973792
vt 0.354426 0.973829
vt 0.407990 0.974305
vt 0.961730 0.974346
vt 0.497199 0.974479
vt 0.755233 0.974481
vt 0.264779 0.974505
vt 0.776970 0.974616
vt 0.539794 0.974659
vt 0.937481 0.974682
vt 0.713702 0.974735
vt 0.991918 0.974911
vt 0.466701 0.975101
vt 0.823041 0.975430
vt 0.970731 0.975453
vt 0.702041 0.975824
vt 0.434479 0.975868
vt 0.683617 0.975893
vt 0.967685 0.976162
vt 0.735997 0.976169
vt 0.966169 0.976300
vt 0.657427 0.976301
vt 0.481569 0.976649
vt 0.459368 0.976787
vt 0.513460 0.976970
vt 0.907893 0.977020
vt 0.946644 0.977020
vt 0.407371 0.977484
vt 0.423384 0.977670
vt 0.174989 0.977850
vt 0.612585 0.977961
vt 0.859025 0.978154
vt 0.510773 0.978281
vt 0.041820 0.978371
vt 0.169306 0.978448
vt 0.890563 0.978449
vt 0.161231 0.978496
vt 0.491541 0.978499
vt 0.472981 0.978581
vt 0.581385 0.978692
vt 0.867202 0.978862
vt 0.429680 0.978919
vt 0.088846 0.978951
vt 0.661369 0.979010
vt 0.461839 0.979135
vt 0.801993 0.979173
vt 0.626742 0.979189
vt 0.275505 0.979192
vt 0.503029 0.979229
vt 0.482235 0.979242
vt 0.879666 0.979456
vt 0.622711 0.979487
vt 0.633768 0.979499
vt 0.630240 0.979737
vt 0.199302 0.979745
vt 0.636677 0.979873
vt 0.888100 0.979918
vt 0.011731 0.980105
vt 0.030266 0.980154
vt 0.639329 0.980360
vt 0.642013 0.980365
vt 0.619554 0.980376
vt 0.989404 0.980456
vt 0.987058 0.980514
vt 0.235378 0.980541
vt 0.068581 0.980745
vt 0.497296 0.980755
vt 0.478796 0.980811
vt 0.615462 0.981181
vt 0.806420 0.981325
vt 0.750122 0.981438
vt 0.790312 0.981438
vt 0.546455 0.982068
vt 0.323089 0.982200
vt 0.486010 0.982856
vt 0.101062 0.982924
vt 0.801957 0.982948
vt 0.473778 0.983251
vt 0.798401 0.983320
vt 0.492242 0.983345
vt 0.065383 0.983818
vt 0.325576 0.984025
vt 0.582408 0.984132
vt 0.044585 0.984155
vt 0.982309 0.984162
vt 0.110044 0.984630
vt 0.082140 0.985024
vt 0.103412 0.985278
vt 0.975264 0.985320
vt 0.891427 0.985486
vt 0.644586 0.985496
vt 0.843888 0.985846
vt 0.480475 0.986098
vt 0.981490 0.986351
vt 0.032098 0.986407
vt 0.327972 0.986562
vt 0.273637 0.986697
vt 0.231134 0.986710
vt 0.084342 0.986848
vt 0.136522 0.986853
vt 0.504337 0.987046
vt 0.588206 0.987432
vt 0.063965 0.987572
vt 0.499199 0.987763
vt 0.190609 0.987840
vt 0.275675 0.987877
vt 0.493472 0.988414
vt 0.799984 0.988440
vt 0.151107 0.988617
vt 0.233267 0.988730
vt 0.193718 0.988885
vt 0.458030 0.989427
vt 0.121861 0.989502
vt 0.677044 0.989687
vt 0.084909 0.989780
vt 0.533907 0.989995
vt 0.487575 0.990560
vt 0.330168 0.991039
vt 0.062683 0.991527
vt 0.891730 0.991659
vt 0.267586 0.991732
vt 0.189121 0.991943
vt 0.013705 0.992421
vt 0.927485 0.992458
vt 0.615944 0.992591
vt 0.229223 0.992663
vt 0.085183 0.992981
vt 0.645705 0.993013
vt 0.282809 0.993488
vt 0.843975 0.993527
vt 0.569772 0.993674
vt 0.481712 0.993748
vt 0.064619 0.993900
vt 0.642428 0.993907
vt 0.026645 0.994363
vt 0.062605 0.994363
vt 0.753457 0.994377
vt 0.937218 0.994381
vt 0.438783 0.994726
vt 0.006181 0.994866
vt 0.757451 0.994894
vt 0.161176 0.995042
vt 0.729007 0.995374
vt 0.136075 0.995395
vt 0.263757 0.995551
vt 0.190957 0.996010
vt 0.276904 0.996101
vt 0.340161 0.996228
vt 0.939923 0.996471
vt 0.839069 0.996590
vt 0.547889 0.996608
vt 0.410769 0.996656
vt 0.129680 0.996772
vt 0.655084 0.996825
vt 0.000102 0.996871
vt 0.426067 0.996875
vt 0.476265 0.996903
vt 0.760883 0.996956
vt 0.800754 0.996956
vt 0.227884 0.997018
vt 0.091228 0.997463
vt 0.349797 0.997638
vt 0.803790 0.997822
vt 0.948768 0.997870
vt 0.984170 0.997870
vt 0.711206 0.997947
vt 0.889809 0.997958
vt 0.488466 0.998325
vt 0.364129 0.998364
vt 0.725670 0.998817
vt 0.275845 0.998841
vt 0.881931 0.999003
vt 0.332719 0.999334
vt 0.296161 0.999496
vt 0.311257 0.999804
vt 0.664960 0.999827
vt 0.698886 0.999840
vt 0.575793 0.999874
vt 0.453157 0.999878
vt 0.850329 0.999935
vt 0.868472 0.999935
vt 0.255614 0.999955
vt 0.391117 0.999991
vn -0.350216 -0.250265 0.902616
vn 0.062471 -0.997146 -0.042391
vn 0.120403 -0.985740 -0.117555
vn -0.350216 -0.250265 0.902616
vn 0.120403 -0.985740 -0.117555
vn -0.724994 -0.504835 0.468536
vn -0.350216 -0.250265 0.902616
vn 0.147662 -0.965286 0.215451
vn 0.132283 -0.990735 -0.030752
vn -0.350216 -0.250265 0.902616
vn 0.132283 -0.990735 -0.030752
vn 0.062471 -0.997146 -0.042391
vn -0.350216 -0.250265 0.902616
vn -0.724994 -0.504835 0.468536
vn -0.095427 -0.985778 0.138330
vn -0.350216 -0.250265 0.902616
vn -0.095427 -0.985778 0.138330
vn -0.671829 -0.097209 0.734299
vn -0.350216 -0.250265 0.902616
vn -0.671829 -0.097209 0.734299
vn -0.495647 0.702564 0.510624
vn -0.899242 -0.368980 0.234984
vn -0.985287 -0.164399 0.046724
vn -0.886248 -0.378576 -0.266916
vn -0.828715 -0.559444 -0.015939
vn -0.507427 -0.486659 0.711112
vn -0.671829 -0.097209 0.734299
vn -0.095427 -0.985778 0.138330
vn -0.507427 -0.486659 0.711112
vn -0.095427 -0.985778 0.138330
vn 0.156303 -0.985007 -0.073016
vn 0.982420 0.013147 0.186220
vn 0.950625 0.036301 -0.308213
vn 0.982198 0.064661 -0.176370
vn 0.961854 -0.051996 0.268576
vn -0.702730 0.671186 0.235965
vn -0.115537 -0.963967 -0.239620
vn -0.734937 0.570979 -0.365856
vn -0.702730 0.671186 0.235965
vn -0.734937 0.570979 -0.365856
vn -0.572286 0.819629 0.026411
vn -0.702730 0.671186 0.235965
vn -0.790101 0.450379 0.415812
vn -0.605492 -0.643470 0.468323
vn -0.702730 0.671186 0.235965
vn -0.605492 -0.643470 0.468323
vn -0.115537 -0.963967 -0.239620
vn -0.702730 0.671186 0.235965
vn -0.796903 0.577423 0.177561
vn -0.750345 0.557237 0.355625
vn -0.702730 0.671186 0.235965
vn -0.750345 0.557237 0.355625
vn -0.790101 0.450379 0.415812
vn -0.554722 0.712618 0.429487
vn -0.770677 0.377669 0.513247
vn -0.967881 0.181922 0.173524
vn -0.554722 0.712618 0.429487
vn -0.967881 0.181922 0.173524
vn -0.919218 0.360137 0.159184
vn -0.508423 -0.313975 -0.801826
vn -0.734937 0.570979 -0.365856
vn -0.115537 -0.963967 -0.239620
vn -0.508423 -0.313975 -0.801826
vn -0.115537 -0.963967 -0.239620
vn -0.225201 -0.973391 -0.042364
vn -0.508423 -0.313975 -0.801826
vn -0.225201 -0.973391 -0.042364
vn -0.756151 -0.634764 -0.159094
vn -0.508423 -0.313975 -0.801826
vn -0.756151 -0.634764 -0.159094
vn -0.811019 0.394144 -0.432317
vn 0.111004 0.663014 0.740331
vn 0.065642 0.714550 0.696498
vn 0.072282 0.710880 0.699589
vn 0.145996 0.641956 0.752714
vn -0.267033 0.361290 0.893400
vn -0.637754 0.198702 0.744169
vn -0.715433 0.201437 0.669014
vn -0.267033 0.361290 0.893400
vn -0.715433 0.201437 0.669014
vn -0.210140 0.563303 0.799081
vn -0.290436 0.762878 0.577637
vn -0.105594 0.789060 0.605173
vn 0.055793 0.938877 0.339702
vn -0.028261 0.935919 0.351079
vn -0.267033 0.361290 0.893400
vn -0.210140 0.563303 0.799081
vn -0.051398 0.315342 0.947585
vn -0.417337 -0.539889 -0.730992
vn 0.103828 -0.453966 -0.884949
vn 0.093865 -0.741834 -0.663982
vn -0.241866 -0.857892 -0.453346
vn -0.051398 0.315342 0.947585
vn -0.210140 0.563303 0.799081
vn -0.227064 0.492775 0.840008
vn -0.051398 0.315342 0.947585
vn -0.227064 0.492775 0.840008
vn 0.140331 0.250478 0.957897
vn -0.051398 0.315342 0.947585
vn 0.140331 0.250478 0.957897
vn -0.011676 0.049515 0.998705
vn -0.051398 0.315342 0.947585
vn -0.011676 0.049515 0.998705
vn -0.064667 0.167320 0.983780
vn -0.213620 0.133028 -0.967817
vn -0.025081 0.456691 -0.889272
vn 0.264282 0.478624 -0.837302
vn 0.074274 0.264789 -0.961442
vn -0.227064 0.492775 0.840008
vn -0.210140 0.563303 0.799081
vn -0.715433 0.201437 0.669014
vn -0.227064 0.492775 0.840008
vn -0.715433 0.201437 0.669014
vn -0.227538 0.074941 0.970881
vn -0.612050 -0.163612 0.773709
vn -0.715433 0.201437 0.669014
vn -0.637754 0.198702 0.744169
vn -0.612050 -0.163612 0.773709
vn -0.637754 0.198702 0.744169
vn -0.455980 -0.083372 0.886076
vn -0.850249 0.473875 -0.229171
vn -0.811476 0.478169 -0.335949
vn -0.769284 0.518805 -0.372886
vn -0.726657 0.623836 -0.287746
vn -0.612050 -0.163612 0.773709
vn -0.227538 0.074941 0.970881
vn -0.715433 0.201437 0.669014
vn -0.612050 -0.163612 0.773709
vn -0.455980 -0.083372 0.886076
vn -0.242768 -0.032395 0.969543
vn -0.612050 -0.163612 0.773709
vn -0.242768 -0.032395 0.969543
vn -0.196561 -0.198833 0.960119
vn -0.196561 -0.198833 0.960119
vn -0.242768 -0.032395 0.969543
vn -0.011676 0.049515 0.998705
vn 0.618210 0.421621 0.663365
vn 0.402665 0.407025 0.819873
vn 0.429859 0.292162 0.854320
vn 0.666791 0.335582 0.665413
vn 0.056281 -0.998081 0.025828
vn 0.016829 -0.999857 -0.001356
vn 0.328956 -0.855626 0.399615
vn 0.231335 -0.945604 0.228729
vn 0.307242 0.636298 0.707621
vn 0.405540 -0.232130 0.884111
vn 0.427055 0.843344 0.326182
vn 0.262502 0.890679 0.371191
vn 0.987815 0.117028 -0.102598
vn 0.868701 -0.130758 -0.477767
vn 0.674347 0.147717 -0.723489
vn 0.656858 0.531922 -0.534413
vn 0.147809 -0.970259 -0.191702
vn 0.176354 -0.963352 -0.202119
vn 0.178303 -0.966302 -0.185655
vn 0.147809 -0.970259 -0.191702
vn 0.178303 -0.966302 -0.185655
vn 0.153923 -0.971361 -0.181011
vn 0.147809 -0.970259 -0.191702
vn 0.153923 -0.971361 -0.181011
vn 0.089272 -0.978718 -0.184777
vn 0.147809 -0.970259 -0.191702
vn 0.089272 -0.978718 -0.184777
vn 0.096877 -0.976735 -0.191319
vn -0.445944 -0.171289 -0.878518
vn -0.270656 0.088679 -0.958583
vn -0.556898 0.017185 -0.830403
vn -0.628956 -0.300255 -0.717120
vn -0.290567 0.084588 0.953108
vn -0.427441 0.216035 0.877851
vn -0.415302 0.374164 0.829171
vn -0.271290 0.307167 0.912168
vn 0.745897 -0.663776 0.055137
vn 0.809954 -0.540258 0.228247
vn 0.938911 -0.131027 0.318241
vn 0.999139 0.035440 -0.021563
vn -0.919218 0.360137 0.159184
vn -0.819033 0.572963 -0.029973
vn -0.796903 0.577423 0.177561
vn -0.919218 0.360137 0.159184
vn -0.796903 0.577423 0.177561
vn -0.702730 0.671186 0.235965
vn 0.180799 -0.484546 0.855878
vn -0.158974 -0.969083 -0.188696
vn -0.150608 -0.967866 -0.201378
vn 0.180799 -0.484546 0.855878
vn -0.150608 -0.967866 -0.201378
vn -0.139544 -0.980838 -0.135955
vn 0.180799 -0.484546 0.855878
vn -0.139544 -0.980838 -0.135955
vn 0.251831 -0.445302 0.859236
vn 0.180799 -0.484546 0.855878
vn 0.251831 -0.445302 0.859236
vn 0.003305 -0.237867 0.971292
vn 0.180799 -0.484546 0.855878
vn 0.003305 -0.237867 0.971292
vn -0.132095 -0.986103 -0.100757
vn 0.180799 -0.484546 0.855878
vn -0.132095 -0.986103 -0.100757
vn -0.158974 -0.969083 -0.188696
vn 0.180904 0.227320 0.956870
vn 0.003305 -0.237867 0.971292
vn 0.251831 -0.445302 0.859236
vn 0.180904 0.227320 0.956870
vn 0.251831 -0.445302 0.859236
vn 0.298077 0.609770 0.734391
vn -0.044155 -0.998866 -0.017812
vn -0.132095 -0.986103 -0.100757
vn 0.003305 -0.237867 0.971292
vn -0.044155 -0.998866 -0.017812
vn 0.003305 -0.237867 0.971292
vn 0.180904 0.227320 0.956870
vn 0.180904 0.227320 0.956870
vn 0.298077 0.609770 0.734391
vn 0.332135 -0.544892 0.769922
vn 0.180904 0.227320 0.956870
vn 0.332135 -0.544892 0.769922
vn -0.044155 -0.998866 -0.017812
vn -0.611091 -0.202457 0.765232
vn -0.868186 -0.159640 0.469860
vn -0.730477 0.120725 0.672182
vn -0.611091 -0.202457 0.765232
vn -0.730477 0.120725 0.672182
vn -0.478994 -0.118843 0.869736
vn -0.547449 -0.400079 0.735007
vn -0.616890 -0.552067 0.560954
vn -0.868186 -0.159640 0.469860
vn -0.547449 -0.400079 0.735007
vn -0.868186 -0.159640 0.469860
vn -0.611091 -0.202457 0.765232
vn 0.290998 -0.403748 0.867357
vn 0.231109 -0.413074 0.880885
vn 0.053636 -0.954229 0.294229
vn 0.092495 -0.943682 0.317663
vn 0.172940 0.952871 0.249257
vn 0.232932 0.938519 0.254802
vn 0.138632 0.959561 0.244996
vn 0.128101 0.962714 0.238268
vn 0.774885 0.383704 0.502318
vn 0.776520 0.287984 0.560431
vn 0.591583 0.305731 0.746028
vn 0.596794 0.405272 0.692525
vn -0.001308 0.256106 0.966648
vn -0.091829 0.278741 0.955966
vn 0.168187 0.518863 0.838149
vn -0.001308 0.256106 0.966648
vn 0.168187 0.518863 0.838149
vn 0.128228 0.538561 0.832772
vn -0.185381 0.962130 0.199851
vn -0.182156 0.962692 0.200109
vn -0.160248 0.967267 0.196760
vn -0.185381 0.962130 0.199851
vn -0.160248 0.967267 0.196760
vn -0.163253 0.968344 0.188833
vn -0.727763 -0.502932 0.466283
vn -0.871988 -0.303223 0.384309
vn -0.788314 -0.614627 -0.028169
vn -0.678546 -0.730843 0.073782
vn -0.185381 0.962130 0.199851
vn -0.163253 0.968344 0.188833
vn -0.174506 0.964677 0.197349
vn -0.185381 0.962130 0.199851
vn -0.174506 0.964677 0.197349
vn -0.172028 0.964803 0.198903
vn 0.724105 -0.479917 -0.495329
vn 0.514314 -0.272410 -0.813187
vn 0.465305 -0.357672 -0.809668
vn 0.672772 -0.489323 -0.554924
vn 0.168187 0.518863 0.838149
vn 0.593219 0.093965 0.799539
vn 0.446607 0.297945 0.843665
vn 0.168187 0.518863 0.838149
vn 0.446607 0.297945 0.843665
vn 0.128228 0.538561 0.832772
vn 0.446607 0.297945 0.843665
vn 0.593219 0.093965 0.799539
vn 0.439614 -0.047963 0.896905
vn 0.446607 0.297945 0.843665
vn 0.439614 -0.047963 0.896905
vn 0.372004 0.124189 0.919886
vn 0.000251 -0.995224 0.097615
vn -0.000082 -0.998504 0.054672
vn 0.082994 -0.996529 -0.006412
vn 0.089335 -0.994531 0.054110
vn 0.621417 -0.361237 0.695233
vn 0.499904 -0.575799 0.646956
vn 0.618065 -0.598949 0.509172
vn 0.759675 -0.340228 0.554202
vn 0.159543 0.943242 0.291274
vn 0.127588 0.918645 0.373916
vn 0.207879 0.931420 0.298735
vn 0.347889 0.904361 0.247194
vn 0.837640 0.190768 -0.511826
vn 0.891802 -0.271526 -0.361887
vn 0.999139 0.035440 -0.021563
vn 0.982198 0.064661 -0.176370
vn -0.445843 -0.625200 0.640584
vn -0.579772 -0.623124 0.524959
vn -0.609443 -0.586608 0.533357
vn -0.445843 -0.625200 0.640584
vn -0.609443 -0.586608 0.533357
vn -0.472508 -0.621135 0.625242
vn -0.445843 -0.625200 0.640584
vn -0.334735 -0.630458 0.700340
vn -0.302697 -0.597198 0.742784
vn -0.445843 -0.625200 0.640584
vn -0.302697 -0.597198 0.742784
vn -0.367357 -0.581245 0.726088
vn 0.767455 0.557407 0.316719
vn 0.950923 0.204445 0.232268
vn 0.716289 0.526906 0.457493
vn 0.767455 0.557407 0.316719
vn 0.716289 0.526906 0.457493
vn 0.309256 0.939875 0.144900
vn 0.767455 0.557407 0.316719
vn 0.309256 0.939875 0.144900
vn 0.412309 0.850349 -0.326967
vn 0.767455 0.557407 0.316719
vn 0.412309 0.850349 -0.326967
vn 0.953797 -0.287659 -0.086737
vn 0.767455 0.557407 0.316719
vn 0.804991 0.397685 0.440267
vn 0.654937 0.650758 0.384150
vn -0.804116 0.131864 -0.579664
vn -0.796519 -0.163731 -0.582022
vn -0.477847 -0.798160 -0.366883
vn -0.573501 -0.668658 -0.473279
vn 0.594019 0.116142 0.796023
vn 0.573395 -0.189625 0.797032
vn 0.408029 -0.239563 0.880978
vn 0.417635 0.099330 0.903169
vn 0.682801 -0.729245 -0.044547
vn 0.799472 -0.513959 0.310951
vn 0.707650 0.248294 0.661500
vn 0.954077 0.298549 -0.024608
vn -0.754801 -0.605651 0.251919
vn -0.700149 -0.682106 0.211003
vn -0.665879 -0.625662 0.406389
vn -0.709956 -0.533969 0.459172
vn -0.124819 -0.970446 -0.206529
vn -0.085151 -0.976699 -0.196999
vn -0.097652 -0.969868 -0.223206
vn 0.149792 -0.399593 -0.904372
vn 0.002907 0.004653 -0.999985
vn -0.120493 0.006158 -0.992695
vn 0.071069 -0.369390 -0.926553
vn -0.124819 -0.970446 -0.206529
vn -0.118609 -0.974600 -0.189965
vn -0.110493 -0.976317 -0.186003
vn -0.124819 -0.970446 -0.206529
vn -0.110493 -0.976317 -0.186003
vn -0.085151 -0.976699 -0.196999
vn -0.007052 0.134588 0.990877
vn -0.001308 0.256106 0.966648
vn 0.015553 0.208409 0.977918
vn 0.025746 0.076026 0.996773
vn 0.522460 0.851028 -0.052787
vn 0.268029 0.947157 0.176222
vn 0.208418 0.940674 0.267756
vn 0.413654 0.896766 0.157169
vn -0.067103 0.737669 0.671820
vn -0.035826 0.750791 0.659568
vn -0.023468 0.745851 0.665700
vn -0.067103 0.737669 0.671820
vn -0.023468 0.745851 0.665700
vn -0.017990 0.732563 0.680462
vn -0.067103 0.737669 0.671820
vn -0.017990 0.732563 0.680462
vn 0.010092 0.741527 0.670847
vn -0.067103 0.737669 0.671820
vn 0.010092 0.741527 0.670847
vn -0.051579 0.738333 0.672461
vn -0.094404 0.339748 -0.935767
vn -0.013289 0.813623 -0.581241
vn 0.035818 0.835354 -0.548544
vn -0.025081 0.456691 -0.889272
vn 0.003809 0.959711 0.280963
vn 0.003578 0.940350 0.340191
vn 0.105119 0.948385 0.299192
vn 0.003809 0.959711 0.280963
vn 0.105119 0.948385 0.299192
vn 0.080205 0.972608 0.218178
vn 0.052650 0.998501 0.014950
vn -0.025040 0.998957 0.038194
vn -0.010847 0.999026 -0.042775
vn 0.263944 0.929081 0.259120
vn 0.003809 0.959711 0.280963
vn 0.080205 0.972608 0.218178
vn -0.009530 0.989710 0.142768
vn 0.003809 0.959711 0.280963
vn -0.009530 0.989710 0.142768
vn -0.080100 0.968776 0.234643
vn 0.731074 -0.354792 0.582798
vn 0.932463 -0.331121 0.144467
vn 0.743014 -0.570144 0.350522
vn 0.731074 -0.354792 0.582798
vn 0.743014 -0.570144 0.350522
vn 0.504236 -0.481769 0.716690
vn 0.561377 -0.099307 0.821580
vn 0.890065 0.046973 0.453406
vn 0.932463 -0.331121 0.144467
vn 0.561377 -0.099307 0.821580
vn 0.932463 -0.331121 0.144467
vn 0.731074 -0.354792 0.582798
vn 0.731074 -0.354792 0.582798
vn 0.504236 -0.481769 0.716690
vn 0.542689 -0.307815 0.781498
vn 0.731074 -0.354792 0.582798
vn 0.542689 -0.307815 0.781498
vn 0.561377 -0.099307 0.821580
vn 0.132283 -0.990735 -0.030752
vn 0.138117 -0.982398 -0.125770
vn 0.120102 -0.984741 -0.125938
vn 0.062471 -0.997146 -0.042391
vn -0.536374 -0.348686 -0.768584
vn -0.682240 -0.513732 -0.520218
vn -0.886248 -0.378576 -0.266916
vn -0.798299 -0.208961 -0.564848
vn -0.036393 -0.095179 -0.994795
vn 0.638531 -0.006880 -0.769565
vn 0.607933 -0.320263 -0.726532
vn 0.027547 -0.370018 -0.928616
vn -0.870704 0.384846 0.306217
vn -0.848707 0.484367 0.212330
vn -0.719344 0.659412 0.218447
vn -0.870704 0.384846 0.306217
vn -0.719344 0.659412 0.218447
vn -0.827824 0.453360 0.330413
vn -0.661910 0.556305 -0.502393
vn -0.579138 0.699242 -0.419118
vn -0.401971 0.704676 -0.584681
vn -0.475383 0.536220 -0.697481
vn 0.399330 0.406043 0.821988
vn 0.352396 0.398686 0.846680
vn 0.661991 -0.203944 0.721232
vn 0.792939 -0.237398 0.561151
vn 0.156303 -0.985007 -0.073016
vn -0.095427 -0.985778 0.138330
vn 0.131533 -0.986520 -0.097354
vn 0.114665 -0.991097 -0.067658
vn 0.081386 0.879520 -0.468850
vn -0.117787 0.875772 -0.468134
vn -0.073541 0.962359 -0.261644
vn 0.039657 0.978631 -0.201763
vn 0.222472 0.667748 0.710365
vn 0.309976 0.864368 0.395959
vn 0.055793 0.938877 0.339702
vn -0.105594 0.789060 0.605173
vn 0.085517 0.978231 0.189081
vn 0.099827 0.977338 0.186666
vn 0.119067 0.969955 0.212157
vn 0.085517 0.978231 0.189081
vn 0.119067 0.969955 0.212157
vn 0.092800 0.971946 0.216123
vn 0.003881 0.164070 -0.986441
vn -0.280151 0.248689 -0.927184
vn -0.281995 0.290927 -0.914243
vn 0.020999 0.246943 -0.968803
vn 0.085517 0.978231 0.189081
vn 0.046494 0.979626 0.195375
vn 0.081688 0.975986 0.201937
vn 0.644599 0.730936 0.224108
vn 0.625836 0.777697 0.059292
vn 0.448799 0.871108 0.199374
vn 0.644599 0.730936 0.224108
vn 0.448799 0.871108 0.199374
vn 0.572689 0.720019 0.391918
vn -0.078923 -0.943741 -0.321130
vn -0.095466 -0.975601 -0.197709
vn -0.292272 -0.902175 -0.317267
vn -0.267369 -0.848044 -0.457532
vn -0.341099 -0.932954 0.115106
vn -0.423390 -0.905496 -0.028610
vn -0.205165 -0.976757 0.062079
vn -0.182234 -0.974545 0.130588
vn 0.092825 0.952059 0.291492
vn 0.246371 0.933972 0.258841
vn 0.413186 0.847415 0.333414
vn 0.139940 0.887059 0.439936
vn 0.246156 -0.817412 0.520812
vn 0.312520 -0.851256 0.421539
vn 0.141138 -0.971078 0.192584
vn 0.137856 -0.959989 0.243758
vn 0.107767 0.902871 0.416185
vn 0.167727 0.956680 0.237974
vn 0.273619 0.946186 0.172814
vn 0.210333 0.896203 0.390614
vn 0.178520 0.385876 0.905113
vn 0.282419 0.411881 0.866368
vn 0.130145 0.627710 0.767491
vn 0.178520 0.385876 0.905113
vn 0.130145 0.627710 0.767491
vn 0.022139 0.473407 0.880566
vn -0.810989 0.375118 -0.448980
vn -0.929297 0.270006 -0.251998
vn -0.928147 0.245910 -0.279412
vn -0.810989 0.375118 -0.448980
vn -0.928147 0.245910 -0.279412
vn -0.800942 0.145746 -0.580732
vn -0.810989 0.375118 -0.448980
vn -0.738264 0.452573 -0.500144
vn -0.823303 0.395167 -0.407451
vn -0.810989 0.375118 -0.448980
vn -0.823303 0.395167 -0.407451
vn -0.811476 0.478169 -0.335949
vn -0.810989 0.375118 -0.448980
vn -0.811476 0.478169 -0.335949
vn -0.850249 0.473875 -0.229171
vn -0.810989 0.375118 -0.448980
vn -0.850249 0.473875 -0.229171
vn -0.929297 0.270006 -0.251998
vn 0.567291 -0.553676 0.609609
vn 0.504236 -0.481769 0.716690
vn 0.392485 -0.569764 0.722028
vn 0.567291 -0.553676 0.609609
vn 0.392485 -0.569764 0.722028
vn 0.425972 -0.588179 0.687454
vn -0.478994 -0.118843 0.869736
vn -0.362280 -0.042049 0.931120
vn -0.455980 -0.083372 0.886076
vn -0.473176 0.004885 0.880954
vn 0.056772 0.200545 0.978038
vn 0.314078 0.256026 0.914224
vn 0.284720 -0.021334 0.958373
vn 0.180842 -0.063991 0.981428
vn -0.059120 -0.989267 -0.133622
vn 0.062550 -0.959625 -0.274238
vn 0.205065 -0.969688 0.132869
vn -0.059120 -0.989267 -0.133622
vn 0.205065 -0.969688 0.132869
vn -0.107676 -0.959900 0.258841
vn -0.302697 -0.597198 0.742784
vn -0.334735 -0.630458 0.700340
vn -0.225836 -0.643203 0.731633
vn -0.217994 -0.613947 0.758649
vn -0.213677 0.930872 -0.296345
vn -0.163770 0.970506 0.176908
vn -0.337821 0.936645 0.092585
vn -0.389825 0.830271 -0.398355
vn -0.473110 -0.037787 0.880193
vn -0.767491 0.474499 0.431055
vn -0.486148 0.359319 0.796586
vn -0.473110 -0.037787 0.880193
vn -0.486148 0.359319 0.796586
vn -0.210711 -0.075839 0.974602
vn -0.473110 -0.037787 0.880193
vn -0.294843 -0.270550 0.916444
vn -0.183101 -0.609104 0.771665
vn -0.473110 -0.037787 0.880193
vn -0.183101 -0.609104 0.771665
vn -0.537010 -0.364353 0.760833
vn -0.537383 -0.384882 0.750390
vn -0.306906 -0.333878 0.891254
vn -0.105594 0.789060 0.605173
vn -0.290436 0.762878 0.577637
vn 0.910262 0.413994 0.005671
vn 0.853950 0.342639 -0.391622
vn 0.796640 0.514487 -0.317281
vn 0.929640 0.367981 -0.018986
vn -0.928917 -0.362531 0.075402
vn -0.896697 -0.110759 0.428564
vn -0.382776 0.878558 0.285688
vn -0.505218 0.826569 0.248070
vn -0.583803 -0.073856 -0.808529
vn -0.289399 -0.124297 -0.949104
vn -0.536374 -0.348686 -0.768584
vn -0.798299 -0.208961 -0.564848
vn 0.588512 -0.510606 0.626845
vn 0.527212 -0.841618 0.117158
vn 0.837175 -0.546934 0.000917
vn 0.747011 -0.400253 0.530822
vn 0.271122 -0.492095 -0.827246
vn 0.411688 -0.844469 -0.342615
vn 0.141660 -0.973124 -0.181556
vn 0.201420 -0.829414 -0.521059
vn 0.499573 -0.127502 0.856837
vn 0.282419 0.411881 0.866368
vn 0.178520 0.385876 0.905113
vn 0.233082 -0.073257 0.969694
vn 0.625836 0.777697 0.059292
vn 0.644599 0.730936 0.224108
vn 0.789401 0.560847 0.249595
vn 0.789791 0.613241 -0.012872
vn 0.322831 -0.919706 0.223430
vn 0.529145 -0.830951 -0.171829
vn 0.158464 -0.928822 -0.334932
vn 0.060056 -0.998041 0.017555
vn -0.967317 0.162634 -0.194544
vn -0.967881 0.181922 0.173524
vn -0.852183 0.495139 0.169181
vn -0.818746 0.542586 -0.187764
vn 0.516825 -0.776907 -0.359593
vn 0.682801 -0.729245 -0.044547
vn 0.954077 0.298549 -0.024608
vn 0.836083 -0.415022 -0.358778
vn -0.284572 -0.039141 0.957855
vn -0.242768 -0.032395 0.969543
vn -0.455980 -0.083372 0.886076
vn -0.362280 -0.042049 0.931120
vn 0.011629 -0.971918 0.235031
vn 0.155924 -0.593089 0.789894
vn 0.437439 -0.613659 0.657320
vn 0.125483 -0.969816 0.209071
vn -0.701874 0.236455 0.671909
vn -0.447084 0.133332 0.884499
vn -0.502182 0.140443 0.853281
vn -0.701874 0.236455 0.671909
vn -0.502182 0.140443 0.853281
vn -0.617177 0.196294 0.761946
vn -0.701874 0.236455 0.671909
vn -0.617177 0.196294 0.761946
vn -0.520329 0.352892 0.777641
vn -0.701874 0.236455 0.671909
vn -0.520329 0.352892 0.777641
vn -0.777848 -0.165542 0.606257
vn 0.397538 -0.567202 -0.721280
vn 0.550355 -0.577573 -0.602925
vn 0.498709 -0.675569 -0.543043
vn 0.356809 -0.656387 -0.664713
vn 0.322831 -0.919706 0.223430
vn 0.211097 -0.736104 0.643109
vn 0.722529 -0.274613 0.634461
vn 0.810258 -0.548913 0.205368
vn 0.328324 0.737882 0.589689
vn 0.422761 0.850007 0.314264
vn 0.954077 0.298549 -0.024608
vn 0.707650 0.248294 0.661500
vn -0.701874 0.236455 0.671909
vn -0.501011 0.661279 0.558299
vn -0.402157 0.427887 0.809434
vn -0.890830 0.411757 -0.192037
vn -0.867051 0.492322 0.076430
vn -0.991190 0.130823 0.020692
vn -0.955911 0.118395 -0.268731
vn -0.963281 0.266620 0.031677
vn -0.136263 0.934353 -0.329267
vn -0.422136 0.846484 0.324446
vn -0.963281 0.266620 0.031677
vn -0.834262 -0.504118 -0.223319
vn -0.455324 0.470862 -0.755625
vn -0.963281 0.266620 0.031677
vn -0.455324 0.470862 -0.755625
vn -0.136263 0.934353 -0.329267
vn -0.294067 0.892087 0.343084
vn -0.636872 0.756627 0.148020
vn -0.352595 0.925218 0.140176
vn -0.186191 0.956242 0.225686
vn 0.686939 0.682618 -0.249293
vn 0.533592 0.703793 -0.468992
vn 0.446203 0.854990 -0.264376
vn 0.552496 0.825359 -0.116323
vn 0.379811 -0.788036 -0.484504
vn 0.506141 -0.757764 -0.411843
vn 0.740690 -0.604562 -0.293059
vn 0.499983 -0.736764 -0.455188
vn -0.515740 -0.696681 -0.498646
vn -0.400394 -0.595097 -0.696810
vn -0.284356 -0.656624 -0.698560
vn -0.515740 -0.696681 -0.498646
vn -0.284356 -0.656624 -0.698560
vn -0.435881 -0.750821 -0.496262
vn -0.515740 -0.696681 -0.498646
vn -0.435881 -0.750821 -0.496262
vn -0.603461 -0.768024 -0.214416
vn -0.515740 -0.696681 -0.498646
vn -0.603461 -0.768024 -0.214416
vn -0.707351 -0.648729 -0.280724
vn -0.515740 -0.696681 -0.498646
vn -0.707351 -0.648729 -0.280724
vn -0.682240 -0.513732 -0.520218
vn -0.402157 0.427887 0.809434
vn -0.533127 -0.120375 0.837428
vn -0.380440 -0.391548 0.837828
vn -0.293567 0.243380 0.924438
vn 0.546981 -0.417520 -0.725595
vn 0.432720 -0.374868 -0.819894
vn 0.465305 -0.357672 -0.809668
vn 0.488618 -0.381263 -0.784787
vn 0.137086 0.968484 -0.207955
vn 0.845609 0.215063 -0.488563
vn 0.862591 -0.008988 -0.505822
vn 0.412309 0.850349 -0.326967
vn -0.786920 -0.487732 0.377989
vn -0.844689 -0.143452 0.515677
vn -0.696011 -0.380722 0.608784
vn -0.786920 -0.487732 0.377989
vn -0.696011 -0.380722 0.608784
vn -0.603333 -0.007477 0.797454
vn -0.786920 -0.487732 0.377989
vn -0.603333 -0.007477 0.797454
vn -0.485799 -0.431163 0.760328
vn 0.155964 -0.027917 0.987368
vn -0.091829 0.278741 0.955966
vn -0.001308 0.256106 0.966648
vn -0.007052 0.134588 0.990877
vn 0.760447 -0.084498 0.643880
vn 0.799472 -0.513959 0.310951
vn 0.894487 -0.383045 0.230586
vn 0.830852 0.033453 0.555487
vn 0.926972 0.284814 -0.244140
vn 0.873304 0.476563 -0.101137
vn 0.868393 0.462184 -0.179668
vn 0.851723 0.421381 -0.311459
vn 0.043871 -0.397776 0.916433
vn 0.222472 0.667748 0.710365
vn -0.105594 0.789060 0.605173
vn -0.306906 -0.333878 0.891254
vn -0.418506 0.527408 -0.739387
vn -0.611393 0.003437 -0.791320
vn -0.977241 -0.078419 -0.197108
vn -0.418506 0.527408 -0.739387
vn -0.977241 -0.078419 -0.197108
vn -0.677338 0.706652 -0.204590
vn -0.677338 0.706652 -0.204590
vn -0.977241 -0.078419 -0.197108
vn -0.839987 0.344543 0.419180
vn -0.677338 0.706652 -0.204590
vn -0.839987 0.344543 0.419180
vn -0.307433 0.925669 0.220504
vn 0.687568 -0.053481 0.724148
vn 0.615814 -0.443782 0.651023
vn 0.157688 -0.984951 0.070758
vn 0.231335 -0.945604 0.228729
vn 0.638531 -0.006880 -0.769565
vn 0.892961 0.131706 -0.430435
vn 0.834287 -0.230118 -0.501010
vn 0.607933 -0.320263 -0.726532
vn -0.823303 0.395167 -0.407451
vn -0.738264 0.452573 -0.500144
vn -0.775359 0.350629 -0.525241
vn -0.811878 0.358287 -0.460961
vn 0.776440 0.425473 0.464879
vn 0.871980 0.366538 0.324502
vn 0.873915 0.302698 0.380323
vn 0.776141 0.296160 0.556682
vn -0.382674 -0.398279 -0.833627
vn -0.587855 -0.669716 -0.453770
vn -0.588064 -0.629134 -0.508303
vn -0.382674 -0.398279 -0.833627
vn -0.588064 -0.629134 -0.508303
vn -0.342352 -0.358268 -0.868584
vn -0.844689 -0.143452 0.515677
vn -0.876094 -0.460391 -0.143175
vn -0.637446 -0.762085 0.113532
vn -0.844689 -0.143452 0.515677
vn -0.637446 -0.762085 0.113532
vn -0.696011 -0.380722 0.608784
vn 0.795448 0.143425 -0.588805
vn 0.803240 -0.060030 -0.592622
vn 0.935556 -0.069163 -0.346340
vn 0.922256 0.144116 -0.358712
vn 0.658722 0.739087 0.140842
vn 0.947554 0.276076 0.161006
vn 0.701200 0.505840 0.502439
vn 0.413186 0.847415 0.333414
vn -0.329935 -0.814373 -0.477430
vn -0.250096 -0.621372 -0.742529
vn -0.192785 -0.911800 -0.362568
vn -0.329935 -0.814373 -0.477430
vn -0.192785 -0.911800 -0.362568
vn -0.233733 -0.969787 -0.069873
vn -0.329935 -0.814373 -0.477430
vn -0.233733 -0.969787 -0.069873
vn -0.465038 -0.844666 -0.265103
vn -0.176928 0.339644 -0.923763
vn 0.102844 0.862259 -0.495915
vn -0.136263 0.934353 -0.329267
vn -0.176928 0.339644 -0.923763
vn -0.136263 0.934353 -0.329267
vn -0.455324 0.470862 -0.755625
vn 0.155964 -0.027917 0.987368
vn 0.346939 -0.102012 0.932323
vn 0.439614 -0.047963 0.896905
vn 0.593219 0.093965 0.799539
vn 0.715995 0.149429 0.681925
vn 0.861776 0.188125 0.471117
vn 0.824902 0.324976 0.462523
vn 0.666791 0.335582 0.665413
vn -0.997242 -0.073345 -0.011325
vn -0.941587 -0.044185 -0.333858
vn -0.931303 0.164942 -0.324760
vn -0.989226 0.146266 -0.006149
vn -0.339195 0.714941 0.611397
vn 0.067075 0.861790 0.502811
vn 0.088671 0.923170 0.374025
vn -0.044665 0.917558 0.395085
vn -0.944727 -0.168027 0.281527
vn -0.839987 0.344543 0.419180
vn -0.977241 -0.078419 -0.197108
vn -0.944727 -0.168027 0.281527
vn -0.977241 -0.078419 -0.197108
vn -0.898404 -0.419891 -0.128693
vn -0.944727 -0.168027 0.281527
vn -0.871988 -0.303223 0.384309
vn -0.723348 0.351190 0.594503
vn -0.944727 -0.168027 0.281527
vn -0.723348 0.351190 0.594503
vn -0.839987 0.344543 0.419180
vn 0.827009 0.194518 0.527464
vn 0.360698 0.296303 0.884365
vn 0.268254 0.618183 0.738844
vn 0.701200 0.505840 0.502439
vn -0.341594 0.910434 -0.233287
vn -0.607326 0.609580 -0.509478
vn -0.550123 0.596219 -0.584712
vn -0.341594 0.910434 -0.233287
vn -0.550123 0.596219 -0.584712
vn -0.268360 0.888065 -0.373261
vn 0.828152 0.413437 -0.378464
vn 0.682737 0.721402 -0.115970
vn 0.386256 0.917240 -0.097353
vn 0.646520 0.687098 -0.331523
vn 0.411688 -0.844469 -0.342615
vn 0.271122 -0.492095 -0.827246
vn 0.514314 -0.272410 -0.813187
vn 0.724105 -0.479917 -0.495329
vn 0.141660 -0.973124 -0.181556
vn 0.060056 -0.998041 0.017555
vn 0.158464 -0.928822 -0.334932
vn 0.201420 -0.829414 -0.521059
vn -0.800665 -0.437456 -0.409350
vn -0.587855 -0.669716 -0.453770
vn -0.382674 -0.398279 -0.833627
vn -0.467960 -0.231618 -0.852858
vn 0.883764 0.348720 0.312017
vn 0.872330 0.398142 0.283765
vn 0.828033 0.519698 0.210417
vn 0.883764 0.348720 0.312017
vn 0.828033 0.519698 0.210417
vn 0.913770 0.349205 0.207556
vn 0.212359 0.885385 0.413517
vn 0.127588 0.918645 0.373916
vn 0.159543 0.943242 0.291274
vn 0.195916 0.927054 0.319667
vn 0.110201 0.834191 0.540353
vn -0.115811 0.715299 0.689156
vn -0.163730 0.722512 0.671691
vn 0.032106 0.850045 0.525730
vn -0.023119 0.738581 0.673769
vn -0.226941 0.706871 0.669949
vn -0.198377 0.654638 0.729449
vn -0.021126 0.753939 0.656604
vn -0.798390 0.394265 0.455114
vn -0.863713 0.366876 0.345545
vn -0.854801 0.326697 0.403219
vn -0.827538 0.313664 0.465614
vn 0.501387 0.469767 -0.726588
vn 0.275909 0.231166 -0.932972
vn 0.542935 0.522802 -0.657191
vn 0.219586 0.954919 -0.199777
vn 0.365700 -0.895003 0.255409
vn 0.228693 -0.811300 0.538045
vn 0.364189 -0.527898 0.767262
vn 0.365700 -0.895003 0.255409
vn 0.364189 -0.527898 0.767262
vn 0.767594 -0.404786 0.496938
vn 0.459070 0.712847 0.530193
vn 0.626019 0.753765 0.199845
vn 0.207879 0.931420 0.298735
vn 0.123991 0.809022 0.574552
vn 0.365700 -0.895003 0.255409
vn 0.767594 -0.404786 0.496938
vn 0.932764 -0.356139 0.055824
vn 0.365700 -0.895003 0.255409
vn 0.932764 -0.356139 0.055824
vn 0.357896 -0.933685 0.011935
vn -0.502123 0.455400 -0.735176
vn -0.540116 0.361058 -0.760205
vn -0.280151 0.248689 -0.927184
vn -0.255594 0.385814 -0.886464
vn -0.198926 0.580072 0.789902
vn -0.174050 0.568886 0.803788
vn -0.020560 0.720950 0.692682
vn -0.034987 0.736978 0.675011
vn -0.989935 -0.114201 0.083582
vn -0.876746 0.137862 -0.460771
vn -0.904333 0.128484 -0.407031
vn -0.990055 -0.024743 0.138489
vn 0.292676 -0.243046 0.924808
vn 0.290524 -0.126396 0.948483
vn 0.600614 0.334493 0.726207
vn 0.292676 -0.243046 0.924808
vn 0.600614 0.334493 0.726207
vn 0.776141 0.296160 0.556682
vn 0.211097 -0.736104 0.643109
vn 0.178537 -0.423439 0.888158
vn 0.290524 -0.126396 0.948483
vn 0.211097 -0.736104 0.643109
vn 0.290524 -0.126396 0.948483
vn 0.292676 -0.243046 0.924808
vn 0.292676 -0.243046 0.924808
vn 0.776141 0.296160 0.556682
vn 0.722529 -0.274613 0.634461
vn 0.292676 -0.243046 0.924808
vn 0.722529 -0.274613 0.634461
vn 0.211097 -0.736104 0.643109
vn -0.290483 -0.853363 -0.432887
vn -0.066335 0.098526 -0.992921
vn -0.718013 -0.584223 -0.378340
vn -0.290483 -0.853363 -0.432887
vn -0.718013 -0.584223 -0.378340
vn -0.280541 -0.947781 -0.151680
vn -0.290483 -0.853363 -0.432887
vn -0.021945 -0.999739 -0.006330
vn 0.356165 -0.889860 -0.285125
vn -0.290483 -0.853363 -0.432887
vn 0.356165 -0.889860 -0.285125
vn -0.066335 0.098526 -0.992921
vn -0.290483 -0.853363 -0.432887
vn -0.095466 -0.975601 -0.197709
vn -0.013491 -0.998515 -0.052787
vn -0.290483 -0.853363 -0.432887
vn -0.013491 -0.998515 -0.052787
vn -0.021945 -0.999739 -0.006330
vn 0.512625 0.716561 -0.473028
vn 0.255311 0.942052 -0.217611
vn 0.314973 0.831506 -0.457591
vn 0.512625 0.716561 -0.473028
vn 0.314973 0.831506 -0.457591
vn 0.526276 0.604551 -0.597956
vn 0.149570 0.835687 0.528447
vn 0.054873 0.629114 0.775374
vn 0.099594 0.556419 0.824911
vn 0.112029 0.816075 0.566984
vn 0.512625 0.716561 -0.473028
vn 0.517027 0.812959 -0.267917
vn 0.281482 0.957916 -0.056252
vn 0.512625 0.716561 -0.473028
vn 0.281482 0.957916 -0.056252
vn 0.255311 0.942052 -0.217611
vn 0.119095 0.923910 0.363602
vn 0.539331 0.758381 0.366033
vn 0.414165 0.908822 0.050103
vn 0.022252 0.999043 -0.037668
vn -0.678211 0.144258 0.720569
vn -0.250058 0.933540 0.256854
vn -0.382776 0.878558 0.285688
vn -0.896697 -0.110759 0.428564
vn 0.892961 0.131706 -0.430435
vn 0.828152 0.413437 -0.378464
vn 0.835420 -0.077353 -0.544142
vn 0.834287 -0.230118 -0.501010
vn 0.171414 0.344489 0.923009
vn 0.084721 0.145230 0.985764
vn -0.011958 0.567269 0.823446
vn 0.073841 0.646613 0.759235
vn -0.303570 0.741317 0.598576
vn -0.347133 0.636027 0.689179
vn 0.060438 0.707281 0.704345
vn 0.028143 0.782628 0.621853
vn 0.824902 0.324976 0.462523
vn 0.785275 0.400708 0.471992
vn 0.618210 0.421621 0.663365
vn 0.666791 0.335582 0.665413
vn -0.013491 -0.998515 -0.052787
vn 0.000168 -0.999852 0.017223
vn -0.015818 -0.999772 0.014331
vn -0.013491 -0.998515 -0.052787
vn -0.015818 -0.999772 0.014331
vn -0.021945 -0.999739 -0.006330
vn -0.013491 -0.998515 -0.052787
vn -0.095466 -0.975601 -0.197709
vn -0.078923 -0.943741 -0.321130
vn -0.013491 -0.998515 -0.052787
vn -0.078923 -0.943741 -0.321130
vn 0.021910 -0.984533 -0.173823
vn 0.123991 0.809022 0.574552
vn -0.000385 -0.356518 0.934288
vn 0.343545 -0.281549 0.895939
vn 0.459070 0.712847 0.530193
vn 0.228693 -0.811300 0.538045
vn 0.024704 -0.974440 0.223285
vn -0.098768 -0.968040 0.230530
vn -0.129422 -0.818815 0.559278
vn 0.851368 0.379559 -0.362087
vn 0.913657 0.396999 -0.087305
vn 0.772123 0.631704 -0.069115
vn 0.851368 0.379559 -0.362087
vn 0.772123 0.631704 -0.069115
vn 0.797275 0.519531 -0.307311
vn -0.750345 0.557237 0.355625
vn -0.836956 0.433373 0.334204
vn -0.718448 0.488115 0.495556
vn -0.651760 0.600039 0.463855
vn 0.851368 0.379559 -0.362087
vn 0.894972 0.275204 -0.351125
vn 0.960615 0.274869 -0.040804
vn 0.851368 0.379559 -0.362087
vn 0.960615 0.274869 -0.040804
vn 0.913657 0.396999 -0.087305
vn -0.117944 -0.694266 0.709989
vn -0.342323 -0.588800 0.732209
vn -0.385023 0.554958 0.737414
vn -0.245801 0.395364 0.885025
vn -0.180862 0.964325 0.193305
vn -0.142472 0.978350 0.150108
vn -0.151873 0.972067 0.178944
vn -0.141603 0.978021 0.153047
vn 0.047546 -0.991751 -0.119037
vn -0.197435 -0.939509 -0.279896
vn -0.107848 -0.991697 -0.070039
vn 0.013654 -0.999796 -0.014866
vn -0.659311 -0.357290 0.661553
vn 0.191605 -0.452396 0.870991
vn -0.008454 -0.816112 0.577831
vn -0.591254 -0.760989 0.267049
vn 0.555825 0.510363 0.656192
vn 0.176865 0.909267 0.376764
vn 0.088671 0.923170 0.374025
vn 0.416697 0.793565 0.443417
vn 0.722529 -0.274613 0.634461
vn 0.948596 -0.182202 0.258780
vn 0.958368 -0.268157 0.098093
vn 0.722529 -0.274613 0.634461
vn 0.958368 -0.268157 0.098093
vn 0.810258 -0.548913 0.205368
vn -0.018285 -0.999599 -0.021606
vn 0.072732 -0.996650 -0.037397
vn 0.022112 -0.997182 -0.071687
vn -0.061293 -0.993483 -0.096101
vn -0.463130 0.878561 -0.116794
vn -0.592728 0.729149 -0.342074
vn -0.804116 0.131864 -0.579664
vn -0.813254 0.426202 -0.396194
vn -0.291624 -0.404832 -0.866641
vn -0.416905 -0.230044 -0.879358
vn -0.572154 -0.378784 -0.727436
vn -0.411444 -0.593950 -0.691330
vn -0.033811 -0.209548 -0.977214
vn -0.159961 -0.184560 -0.969716
vn -0.026634 -0.154600 -0.987618
vn -0.033811 -0.209548 -0.977214
vn -0.026634 -0.154600 -0.987618
vn 0.098315 -0.190101 -0.976830
vn -0.033811 -0.209548 -0.977214
vn 0.098315 -0.190101 -0.976830
vn 0.110096 -0.264311 -0.958133
vn -0.033811 -0.209548 -0.977214
vn 0.110096 -0.264311 -0.958133
vn -0.061690 -0.267948 -0.961456
vn 0.757169 -0.642786 0.116284
vn 0.705566 -0.630501 0.323489
vn 0.478448 -0.849840 0.221042
vn 0.511886 -0.856783 0.062416
vn -0.805641 0.466105 -0.365635
vn -0.876175 -0.040604 -0.480279
vn -0.892904 0.120232 -0.433898
vn -0.733046 0.637181 -0.237999
vn -0.755380 0.130577 0.642145
vn -0.458010 0.290809 0.840034
vn -0.044665 0.917558 0.395085
vn -0.268698 0.876041 0.400441
vn 0.947633 0.193716 -0.253902
vn 0.947554 0.276076 0.161006
vn 0.658722 0.739087 0.140842
vn 0.947633 0.193716 -0.253902
vn 0.658722 0.739087 0.140842
vn 0.682737 0.721402 -0.115970
vn -0.621286 -0.062501 -0.781087
vn -0.765068 0.011135 -0.643854
vn -0.174059 -0.055318 -0.983180
vn -0.036393 -0.095179 -0.994795
vn -0.129734 -0.972985 -0.190968
vn -0.143945 -0.970625 -0.192789
vn -0.127578 -0.975372 -0.179924
vn -0.084689 -0.989723 -0.115223
vn -0.020560 0.720950 0.692682
vn 0.034044 0.700036 0.713296
vn 0.072282 0.710880 0.699589
vn 0.017593 0.731630 0.681475
vn 0.072814 -0.994489 -0.075433
vn 0.114665 -0.991097 -0.067658
vn 0.131533 -0.986520 -0.097354
vn 0.098204 -0.991439 -0.086051
vn 0.042913 0.318008 -0.947116
vn 0.164446 0.088708 -0.982389
vn 0.247320 -0.351171 -0.903057
vn 0.042913 0.318008 -0.947116
vn 0.247320 -0.351171 -0.903057
vn 0.364335 0.001539 -0.931267
vn -0.429394 -0.434124 -0.791933
vn -0.396206 -0.453886 -0.798128
vn -0.338303 -0.359278 -0.869753
vn -0.414324 -0.456820 -0.787179
vn 0.888213 0.241851 -0.390623
vn 0.685659 0.712656 -0.148303
vn 0.495791 0.867858 0.031849
vn 0.865877 0.444900 -0.228738
vn -0.008454 -0.816112 0.577831
vn 0.709498 -0.518154 0.477628
vn 0.241635 -0.938031 0.248417
vn -0.008454 -0.816112 0.577831
vn 0.241635 -0.938031 0.248417
vn 0.023855 -0.967729 0.250861
vn -0.800942 0.145746 -0.580732
vn -0.928147 0.245910 -0.279412
vn -0.931303 0.164942 -0.324760
vn -0.787361 0.144129 -0.599408
vn 0.187901 -0.943175 -0.274069
vn 0.422885 -0.819608 -0.386536
vn 0.489606 -0.840589 -0.231724
vn 0.261466 -0.947679 -0.183142
vn 0.707650 0.248294 0.661500
vn 0.548448 0.206344 0.810325
vn 0.534223 -0.009686 0.845288
vn 0.707650 0.248294 0.661500
vn 0.534223 -0.009686 0.845288
vn 0.208230 0.473508 0.855822
vn 0.707650 0.248294 0.661500
vn 0.208230 0.473508 0.855822
vn 0.328324 0.737882 0.589689
vn -0.727763 -0.502932 0.466283
vn -0.678546 -0.730843 0.073782
vn -0.786920 -0.487732 0.377989
vn -0.545452 -0.656692 0.520804
vn 0.146742 -0.976081 -0.160415
vn 0.021124 -0.995550 -0.091835
vn 0.056089 -0.483892 0.873329
vn 0.119522 -0.989608 -0.079937
vn 0.954077 0.298549 -0.024608
vn 0.422761 0.850007 0.314264
vn 0.074601 0.985993 -0.149174
vn 0.954077 0.298549 -0.024608
vn 0.074601 0.985993 -0.149174
vn 0.542935 0.522802 -0.657191
vn 0.954077 0.298549 -0.024608
vn 0.542935 0.522802 -0.657191
vn 0.836083 -0.415022 -0.358778
vn 0.074601 0.985993 -0.149174
vn 0.422761 0.850007 0.314264
vn 0.219586 0.954919 -0.199777
vn 0.074601 0.985993 -0.149174
vn 0.219586 0.954919 -0.199777
vn 0.542935 0.522802 -0.657191
vn 0.032882 -0.832618 -0.552870
vn 0.045704 -0.616242 -0.786230
vn 0.219235 -0.543866 -0.810028
vn 0.032882 -0.832618 -0.552870
vn 0.219235 -0.543866 -0.810028
vn 0.268032 -0.717982 -0.642386
vn 0.032882 -0.832618 -0.552870
vn -0.206376 -0.755329 -0.622002
vn -0.145497 -0.577880 -0.803047
vn 0.032882 -0.832618 -0.552870
vn -0.145497 -0.577880 -0.803047
vn 0.045704 -0.616242 -0.786230
vn -0.955696 0.077788 0.283891
vn -0.921073 0.161451 0.354341
vn -0.476153 0.607576 0.635712
vn -0.605369 0.522438 0.600489
vn 0.793738 -0.313850 0.521035
vn 0.858286 -0.085157 0.506057
vn 0.749618 -0.038904 0.660726
vn 0.700575 -0.239607 0.672148
vn -0.019358 -0.979755 -0.199264
vn 0.093893 -0.977917 -0.186716
vn 0.100238 -0.976534 -0.190612
vn -0.016862 -0.977341 -0.210996
vn 0.075291 -0.866149 -0.494082
vn -0.181829 -0.250392 -0.950917
vn -0.197435 -0.939509 -0.279896
vn 0.075291 -0.866149 -0.494082
vn -0.197435 -0.939509 -0.279896
vn 0.047546 -0.991751 -0.119037
vn 0.261466 -0.947679 -0.183142
vn 0.480106 -0.778035 -0.405167
vn -0.181829 -0.250392 -0.950917
vn 0.261466 -0.947679 -0.183142
vn -0.181829 -0.250392 -0.950917
vn 0.075291 -0.866149 -0.494082
vn 0.075291 -0.866149 -0.494082
vn 0.047546 -0.991751 -0.119037
vn 0.187901 -0.943175 -0.274069
vn 0.075291 -0.866149 -0.494082
vn 0.187901 -0.943175 -0.274069
vn 0.261466 -0.947679 -0.183142
vn -0.434401 0.668550 0.603602
vn -0.268698 0.876041 0.400441
vn -0.053707 0.934134 0.352859
vn -0.232161 0.921493 0.311372
vn 0.197440 0.915240 0.351216
vn 0.077149 0.940772 0.330145
vn 0.176865 0.909267 0.376764
vn -0.103180 -0.924965 0.365778
vn -0.069921 -0.927868 0.366296
vn -0.127097 -0.758200 0.639515
vn -0.227278 -0.757533 0.611955
vn -0.307433 0.925669 0.220504
vn 0.102844 0.862259 -0.495915
vn -0.418506 0.527408 -0.739387
vn -0.677338 0.706652 -0.204590
vn 0.221781 -0.944656 0.241738
vn -0.008515 -0.914790 0.403839
vn 0.060056 -0.998041 0.017555
vn 0.141660 -0.973124 -0.181556
vn -0.112537 0.852115 0.511113
vn -0.208613 0.927021 0.311630
vn -0.268528 0.893682 0.359479
vn -0.112537 0.852115 0.511113
vn -0.268528 0.893682 0.359479
vn -0.129543 0.839709 0.527358
vn -0.202669 0.074564 -0.976404
vn -0.018362 -0.048135 -0.998672
vn -0.173677 -0.113162 -0.978279
vn -0.349512 -0.018874 -0.936742
vn -0.534705 -0.753716 -0.382104
vn -0.292272 -0.902175 -0.317267
vn -0.334814 -0.928005 -0.163422
vn -0.594243 -0.779474 -0.198231
vn 0.208900 0.354471 0.911434
vn 0.092705 0.313049 0.945202
vn -0.001308 0.256106 0.966648
vn 0.128228 0.538561 0.832772
vn 0.920250 -0.083847 0.382243
vn 0.630234 0.687412 0.360929
vn 0.651981 0.399189 0.644646
vn 0.920250 -0.083847 0.382243
vn 0.651981 0.399189 0.644646
vn 0.844829 -0.267076 0.463611
vn -0.415401 0.899588 0.134849
vn -0.998444 0.048995 -0.026640
vn -0.929442 -0.012183 0.368766
vn -0.260856 0.937470 0.230442
vn 0.413654 0.896766 0.157169
vn 0.208418 0.940674 0.267756
vn 0.159543 0.943242 0.291274
vn 0.347889 0.904361 0.247194
vn 0.119931 -0.895072 -0.429490
vn 0.123075 -0.868235 -0.480645
vn -0.090674 -0.884807 -0.457051
vn -0.079843 -0.908655 -0.409844
vn -0.087206 -0.971372 -0.220979
vn -0.107360 -0.966495 -0.233155
vn -0.112370 -0.964297 -0.239799
vn -0.114982 -0.964461 -0.237894
vn 0.105119 0.948385 0.299192
vn 0.207344 0.956968 0.203029
vn 0.160977 0.980429 0.113339
vn 0.080205 0.972608 0.218178
vn 0.542935 0.522802 -0.657191
vn 0.500541 -0.233230 -0.833704
vn 0.472220 -0.549035 -0.689615
vn 0.542935 0.522802 -0.657191
vn 0.472220 -0.549035 -0.689615
vn 0.836083 -0.415022 -0.358778
vn 0.127339 0.526278 -0.840724
vn 0.545104 0.545824 -0.636347
vn 0.417728 0.727621 -0.544123
vn -0.042675 0.731529 -0.680474
vn 0.472220 -0.549035 -0.689615
vn 0.535678 -0.307808 -0.786323
vn 0.364335 0.001539 -0.931267
vn 0.472220 -0.549035 -0.689615
vn 0.364335 0.001539 -0.931267
vn 0.247320 -0.351171 -0.903057
vn -0.460271 -0.542477 0.702758
vn -0.587009 -0.490121 0.644362
vn -0.430579 0.672325 0.602147
vn -0.432267 0.591735 0.680438
vn 0.797275 0.519531 -0.307311
vn 0.772123 0.631704 -0.069115
vn 0.561517 0.814801 -0.144213
vn 0.700031 0.607929 -0.374672
vn 0.472220 -0.549035 -0.689615
vn 0.332983 -0.646841 -0.686090
vn 0.516825 -0.776907 -0.359593
vn 0.472220 -0.549035 -0.689615
vn 0.516825 -0.776907 -0.359593
vn 0.836083 -0.415022 -0.358778
vn -0.135917 -0.017819 0.990560
vn -0.213321 0.081515 0.973576
vn -0.379307 -0.090384 0.920846
vn -0.368206 -0.218340 0.903743
vn 0.112029 0.816075 0.566984
vn 0.181009 0.950307 0.253283
vn 0.251523 0.930921 0.264805
vn 0.149570 0.835687 0.528447
vn -0.923525 -0.370624 -0.098682
vn -0.909831 -0.413584 0.033983
vn -0.674807 -0.628238 0.387236
vn -0.723409 -0.660091 -0.202386
vn 0.175142 0.071056 -0.981976
vn -0.176131 0.357340 -0.917216
vn 0.042913 0.318008 -0.947116
vn 0.364335 0.001539 -0.931267
vn 0.890065 0.046973 0.453406
vn 0.561377 -0.099307 0.821580
vn 0.391936 0.038790 0.919174
vn 0.503980 0.370223 0.780345
vn 0.776440 0.425473 0.464879
vn 0.477163 0.505511 0.718871
vn 0.508669 0.688301 0.517201
vn 0.765531 0.521515 0.376808
vn 0.465305 -0.357672 -0.809668
vn 0.350624 -0.459085 -0.816275
vn 0.484646 -0.680766 -0.549250
vn 0.465305 -0.357672 -0.809668
vn 0.484646 -0.680766 -0.549250
vn 0.672772 -0.489323 -0.554924
vn 0.199827 0.930988 0.305500
vn 0.195916 0.927054 0.319667
vn 0.159543 0.943242 0.291274
vn 0.208418 0.940674 0.267756
vn 0.312441 0.889425 0.333622
vn 0.448799 0.871108 0.199374
vn 0.370296 0.927851 0.044412
vn 0.207344 0.956968 0.203029
vn 0.155926 -0.973640 -0.166472
vn 0.133688 -0.975881 -0.172579
vn 0.135835 -0.979490 -0.148821
vn 0.152545 -0.976433 -0.152668
vn 0.256711 0.571030 0.779759
vn 0.499189 0.504089 0.704772
vn 0.437439 -0.613659 0.657320
vn 0.155924 -0.593089 0.789894
vn 0.111004 0.663014 0.740331
vn 0.145996 0.641956 0.752714
vn 0.352396 0.398686 0.846680
vn 0.399330 0.406043 0.821988
vn 0.551801 0.819408 0.155197
vn 0.994994 -0.074463 0.066646
vn 0.972342 -0.220745 -0.076310
vn 0.695027 0.717787 0.041470
vn 0.587558 -0.075445 0.805657
vn 0.067075 0.861790 0.502811
vn -0.210952 -0.164155 0.963614
vn 0.587558 -0.075445 0.805657
vn -0.210952 -0.164155 0.963614
vn 0.119616 -0.973377 0.195525
vn 0.587558 -0.075445 0.805657
vn 0.657443 -0.495465 0.567700
vn 0.416697 0.793565 0.443417
vn 0.403849 -0.909206 0.101247
vn 0.439360 -0.897862 0.028410
vn 0.972342 -0.220745 -0.076310
vn 0.994994 -0.074463 0.066646
vn -0.922210 -0.378922 -0.077110
vn -0.911705 -0.350490 -0.214360
vn -0.751348 -0.543036 -0.374951
vn -0.795438 -0.581607 -0.170331
vn -0.210952 -0.164155 0.963614
vn 0.067075 0.861790 0.502811
vn -0.339195 0.714941 0.611397
vn -0.210952 -0.164155 0.963614
vn -0.339195 0.714941 0.611397
vn -0.544225 -0.560182 0.624512
vn -0.245801 0.395364 0.885025
vn -0.361550 0.246527 0.899170
vn -0.116909 -0.780363 0.614301
vn -0.117944 -0.694266 0.709989
vn 0.321218 -0.505432 -0.800848
vn 0.313464 -0.626984 -0.713184
vn 0.071069 -0.369390 -0.926553
vn 0.321218 -0.505432 -0.800848
vn 0.071069 -0.369390 -0.926553
vn 0.181698 -0.249162 -0.951264
vn 0.321218 -0.505432 -0.800848
vn 0.634999 -0.516957 -0.574048
vn 0.566151 -0.708600 -0.421141
vn 0.321218 -0.505432 -0.800848
vn 0.566151 -0.708600 -0.421141
vn 0.313464 -0.626984 -0.713184
vn -0.020725 -0.996555 0.080298
vn -0.000638 -0.999302 0.037343
vn -0.007965 -0.997421 0.071324
vn 0.021027 -0.994774 0.099909
vn -0.995644 0.022620 0.090448
vn -0.796827 0.071010 0.600020
vn -0.736675 -0.080856 0.671396
vn -0.980342 0.015921 0.196664
vn 0.908207 -0.394290 0.140337
vn 0.911076 -0.409122 -0.050591
vn 0.778404 0.624791 0.061025
vn 0.626019 0.753765 0.199845
vn -0.042665 0.998870 -0.020948
vn 0.039657 0.978631 -0.201763
vn -0.073541 0.962359 -0.261644
vn -0.177402 0.971670 -0.156161
vn 0.832692 -0.283090 0.475904
vn 0.908207 -0.394290 0.140337
vn 0.626019 0.753765 0.199845
vn 0.832692 -0.283090 0.475904
vn 0.626019 0.753765 0.199845
vn 0.459070 0.712847 0.530193
vn 0.832692 -0.283090 0.475904
vn 0.153784 -0.972180 0.176683
vn 0.196494 -0.975478 0.099164
vn 0.832692 -0.283090 0.475904
vn 0.196494 -0.975478 0.099164
vn 0.908207 -0.394290 0.140337
vn 0.832692 -0.283090 0.475904
vn 0.459070 0.712847 0.530193
vn 0.343545 -0.281549 0.895939
vn 0.832692 -0.283090 0.475904
vn 0.343545 -0.281549 0.895939
vn 0.153784 -0.972180 0.176683
vn -0.797517 0.178600 0.576254
vn -0.606853 0.234767 0.759350
vn -0.607709 -0.050197 0.792572
vn -0.788032 0.034209 0.614684
vn 0.514314 -0.272410 -0.813187
vn 0.271122 -0.492095 -0.827246
vn 0.389029 -0.233368 -0.891177
vn -0.986579 0.092547 -0.134527
vn -0.652781 0.218166 -0.725452
vn -0.523319 0.165389 -0.835933
vn -0.940242 0.087883 -0.328970
vn -0.079843 -0.908655 -0.409844
vn -0.074710 -0.910245 -0.407274
vn 0.121440 -0.896115 -0.426885
vn 0.119931 -0.895072 -0.429490
vn -0.938896 0.184727 -0.290433
vn -0.932432 0.299051 0.202828
vn -0.977674 0.119964 0.172518
vn -0.938896 0.184727 -0.290433
vn -0.977674 0.119964 0.172518
vn -0.945147 0.003686 -0.326623
vn -0.240577 0.921313 0.305458
vn -0.177484 0.931970 0.316119
vn -0.137303 0.934394 0.328719
vn -0.250833 0.915566 0.314359
vn 0.905805 -0.088625 0.414322
vn 0.948596 -0.182202 0.258780
vn 0.722529 -0.274613 0.634461
vn 0.885041 0.150156 0.440632
vn -0.938896 0.184727 -0.290433
vn -0.653202 0.743089 -0.145418
vn -0.636872 0.756627 0.148020
vn -0.938896 0.184727 -0.290433
vn -0.636872 0.756627 0.148020
vn -0.932432 0.299051 0.202828
vn 0.024704 -0.974440 0.223285
vn 0.228693 -0.811300 0.538045
vn 0.365700 -0.895003 0.255409
vn 0.025444 -0.986563 0.161390
vn 0.457331 -0.431280 -0.777718
vn 0.410930 -0.587708 -0.696948
vn 0.277287 -0.728376 -0.626562
vn 0.355517 -0.517120 -0.778585
vn -0.205555 -0.321456 -0.924345
vn -0.490326 -0.280386 -0.825206
vn -0.243295 -0.038438 -0.969190
vn 0.108110 -0.031745 -0.993632
vn 0.987960 0.144598 -0.055019
vn 0.923388 0.136449 -0.358798
vn 0.843114 0.017842 -0.537438
vn 0.987960 0.144598 -0.055019
vn 0.843114 0.017842 -0.537438
vn 0.888108 -0.064014 -0.455156
vn 0.211325 0.934917 0.285081
vn 0.162388 0.944022 0.287144
vn 0.206628 0.930636 0.302028
vn 0.211325 0.934917 0.285081
vn 0.206628 0.930636 0.302028
vn 0.217471 0.928278 0.301673
vn 0.211325 0.934917 0.285081
vn 0.145860 0.943366 0.297968
vn 0.088383 0.946316 0.310926
vn 0.211325 0.934917 0.285081
vn 0.088383 0.946316 0.310926
vn 0.162388 0.944022 0.287144
vn 0.211325 0.934917 0.285081
vn 0.306840 0.912611 0.270167
vn 0.137480 0.949178 0.283127
vn 0.211325 0.934917 0.285081
vn 0.137480 0.949178 0.283127
vn 0.145860 0.943366 0.297968
vn 0.211325 0.934917 0.285081
vn 0.217471 0.928278 0.301673
vn 0.272152 0.925368 0.263868
vn 0.211325 0.934917 0.285081
vn 0.272152 0.925368 0.263868
vn 0.279900 0.938988 0.199893
vn 0.071497 0.563976 -0.822690
vn 0.656858 0.531922 -0.534413
vn 0.674347 0.147717 -0.723489
vn 0.300178 0.129492 -0.945053
vn -0.246663 0.906726 0.342061
vn -0.240577 0.921313 0.305458
vn -0.222970 0.931485 0.287437
vn -0.213218 0.912163 0.349995
vn -0.991190 0.130823 0.020692
vn -0.803274 0.236091 0.546820
vn -0.796827 0.071010 0.600020
vn -0.995644 0.022620 0.090448
vn 0.249188 0.362550 0.898033
vn 0.589678 0.072138 0.804410
vn 0.312520 -0.851256 0.421539
vn 0.249188 0.362550 0.898033
vn 0.312520 -0.851256 0.421539
vn 0.246156 -0.817412 0.520812
vn -0.046006 -0.991697 0.120087
vn -0.047926 -0.992106 0.115887
vn -0.043906 -0.994855 0.091306
vn -0.016451 -0.994713 0.101372
vn 0.249188 0.362550 0.898033
vn 0.231109 -0.413074 0.880885
vn 0.290998 -0.403748 0.867357
vn 0.249188 0.362550 0.898033
vn 0.290998 -0.403748 0.867357
vn 0.307242 0.636298 0.707621
vn -0.454559 0.128254 0.881434
vn -0.375957 0.109229 0.920177
vn -0.121779 0.515260 0.848338
vn -0.229104 0.658141 0.717190
vn 0.249188 0.362550 0.898033
vn 0.246156 -0.817412 0.520812
vn 0.033782 -0.562696 0.825973
vn 0.249188 0.362550 0.898033
vn 0.033782 -0.562696 0.825973
vn 0.231109 -0.413074 0.880885
vn 0.093865 -0.741834 -0.663982
vn 0.103828 -0.453966 -0.884949
vn 0.513298 -0.465734 -0.720845
vn 0.093865 -0.741834 -0.663982
vn 0.513298 -0.465734 -0.720845
vn 0.263127 -0.823524 -0.502566
vn -0.031805 -0.994343 0.101343
vn -0.055679 -0.991104 0.120885
vn -0.004857 -0.993319 0.115301
vn 0.017689 -0.994552 0.102731
vn -0.280151 0.248689 -0.927184
vn 0.003881 0.164070 -0.986441
vn 0.016069 0.339976 -0.940297
vn -0.255594 0.385814 -0.886464
vn 0.810258 -0.548913 0.205368
vn 0.958368 -0.268157 0.098093
vn 0.957916 -0.285638 -0.028414
vn 0.899564 -0.435001 -0.039475
vn 0.885041 0.150156 0.440632
vn 0.873915 0.302698 0.380323
vn 0.824902 0.324976 0.462523
vn 0.861776 0.188125 0.471117
vn -0.917081 -0.329160 -0.224979
vn -0.972111 -0.201868 -0.119369
vn -0.627173 0.778662 0.018436
vn -0.768207 0.624342 -0.141612
vn 0.991134 0.097023 0.090776
vn 0.827009 0.194518 0.527464
vn 0.701200 0.505840 0.502439
vn 0.947554 0.276076 0.161006
vn 0.405540 -0.232130 0.884111
vn 0.202066 -0.956745 0.209305
vn 0.767129 -0.100832 0.633519
vn 0.405540 -0.232130 0.884111
vn 0.767129 -0.100832 0.633519
vn 0.427055 0.843344 0.326182
vn 0.212359 0.885385 0.413517
vn 0.195916 0.927054 0.319667
vn 0.197440 0.915240 0.351216
vn 0.273761 0.876507 0.395968
vn 0.767129 -0.100832 0.633519
vn 0.202066 -0.956745 0.209305
vn 0.403849 -0.909206 0.101247
vn 0.767129 -0.100832 0.633519
vn 0.403849 -0.909206 0.101247
vn 0.994994 -0.074463 0.066646
vn -0.886248 -0.378576 -0.266916
vn -0.985287 -0.164399 0.046724
vn -0.967962 -0.027341 -0.249606
vn -0.798299 -0.208961 -0.564848
vn 0.180842 -0.063991 0.981428
vn 0.284720 -0.021334 0.958373
vn 0.404790 -0.194598 0.893463
vn 0.411653 -0.215466 0.885503
vn -0.929442 -0.012183 0.368766
vn -0.341099 -0.932954 0.115106
vn -0.567133 0.087718 0.818942
vn -0.929442 -0.012183 0.368766
vn -0.567133 0.087718 0.818942
vn -0.260856 0.937470 0.230442
vn 0.027547 -0.370018 -0.928616
vn -0.450055 -0.385355 -0.805576
vn -0.621286 -0.062501 -0.781087
vn -0.036393 -0.095179 -0.994795
vn -0.256675 0.128003 0.957984
vn -0.190455 0.309054 0.931779
vn -0.191290 0.930895 0.311195
vn -0.256675 0.128003 0.957984
vn -0.191290 0.930895 0.311195
vn -0.206657 0.933299 0.293675
vn -0.362983 0.567385 0.739133
vn 0.084436 0.669039 0.738416
vn 0.060438 0.707281 0.704345
vn -0.347133 0.636027 0.689179
vn 0.028143 0.782628 0.621853
vn 0.302873 0.758322 0.577249
vn 0.183348 0.888441 0.420780
vn 0.012692 0.885233 0.464975
vn 0.043862 -0.979219 0.198004
vn 0.166897 -0.976872 -0.133667
vn 0.132283 -0.990735 -0.030752
vn 0.043862 -0.979219 0.198004
vn 0.132283 -0.990735 -0.030752
vn 0.147662 -0.965286 0.215451
vn 0.043862 -0.979219 0.198004
vn -0.154096 -0.791661 0.591208
vn -0.273302 0.245880 0.929973
vn 0.043862 -0.979219 0.198004
vn -0.273302 0.245880 0.929973
vn -0.040917 -0.856497 0.514527
vn -0.273302 0.245880 0.929973
vn -0.160786 0.348946 0.923247
vn -0.025662 -0.756391 0.653616
vn -0.273302 0.245880 0.929973
vn -0.025662 -0.756391 0.653616
vn -0.040917 -0.856497 0.514527
vn -0.273302 0.245880 0.929973
vn -0.154096 -0.791661 0.591208
vn -0.350216 -0.250265 0.902616
vn -0.273302 0.245880 0.929973
vn -0.350216 -0.250265 0.902616
vn -0.280511 0.662669 0.694394
vn -0.273302 0.245880 0.929973
vn -0.280511 0.662669 0.694394
vn -0.140750 0.538498 0.830789
vn -0.273302 0.245880 0.929973
vn -0.140750 0.538498 0.830789
vn -0.160786 0.348946 0.923247
vn -0.140750 0.538498 0.830789
vn 0.000499 0.538661 0.842523
vn 0.007811 0.257297 0.966301
vn -0.140750 0.538498 0.830789
vn 0.007811 0.257297 0.966301
vn -0.160786 0.348946 0.923247
vn -0.140750 0.538498 0.830789
vn -0.280511 0.662669 0.694394
vn -0.268461 0.602312 0.751764
vn -0.140750 0.538498 0.830789
vn -0.268461 0.602312 0.751764
vn -0.125598 0.527722 0.840080
vn -0.140750 0.538498 0.830789
vn -0.125598 0.527722 0.840080
vn -0.000066 0.518351 0.855168
vn -0.140750 0.538498 0.830789
vn -0.000066 0.518351 0.855168
vn 0.000499 0.538661 0.842523
vn 0.016069 0.339976 -0.940297
vn -0.003692 0.272706 -0.962090
vn -0.240985 0.283103 -0.928321
vn -0.255594 0.385814 -0.886464
vn -0.000066 0.518351 0.855168
vn -0.125598 0.527722 0.840080
vn -0.124850 0.484823 0.865655
vn -0.000066 0.518351 0.855168
vn -0.124850 0.484823 0.865655
vn -0.002612 0.478861 0.877887
vn -0.202883 -0.972129 -0.117485
vn -0.614123 -0.705207 -0.354311
vn -0.558167 -0.743636 -0.368042
vn -0.172626 -0.970200 -0.170038
vn -0.294067 0.892087 0.343084
vn -0.186191 0.956242 0.225686
vn -0.014694 0.967406 0.252805
vn -0.035287 0.908631 0.416107
vn 0.121359 0.516330 0.847747
vn -0.002612 0.478861 0.877887
vn -0.004323 0.432056 0.901836
vn 0.121359 0.516330 0.847747
vn -0.004323 0.432056 0.901836
vn 0.114257 0.469296 0.875618
vn 0.135424 -0.947394 -0.290008
vn 0.124633 -0.888613 -0.441399
vn -0.071133 -0.904433 -0.420644
vn -0.071660 -0.962816 -0.260480
vn 0.465875 -0.050423 0.883413
vn 0.439614 -0.047963 0.896905
vn 0.391936 0.038790 0.919174
vn 0.561377 -0.099307 0.821580
vn 0.145860 0.943366 0.297968
vn 0.137480 0.949178 0.283127
vn -0.014694 0.967406 0.252805
vn -0.051172 0.959990 0.275320
vn -0.677720 -0.206611 0.705697
vn -0.990055 -0.024743 0.138489
vn -0.988504 0.006152 0.151071
vn -0.731256 -0.035148 0.681197
vn 0.205065 -0.969688 0.132869
vn 0.062550 -0.959625 -0.274238
vn 0.114949 -0.905475 -0.408535
vn 0.333800 -0.939890 -0.072000
vn 0.834687 -0.534293 -0.133522
vn 0.597421 -0.788510 -0.146085
vn 0.500454 -0.721253 0.478895
vn 0.743014 -0.570144 0.350522
vn 0.343056 0.481520 0.806505
vn 0.337342 0.360228 0.869733
vn 0.483437 0.387414 0.784983
vn 0.343056 0.481520 0.806505
vn 0.483437 0.387414 0.784983
vn 0.490895 0.519660 0.699268
vn 0.483437 0.387414 0.784983
vn 0.631020 0.404563 0.661923
vn 0.597578 0.532111 0.599799
vn 0.483437 0.387414 0.784983
vn 0.597578 0.532111 0.599799
vn 0.490895 0.519660 0.699268
vn -0.673773 -0.410567 -0.614381
vn -0.588064 -0.629134 -0.508303
vn -0.788314 -0.614627 -0.028169
vn -0.898404 -0.419891 -0.128693
vn 0.483437 0.387414 0.784983
vn 0.481825 0.235946 0.843904
vn 0.643340 0.225242 0.731696
vn 0.483437 0.387414 0.784983
vn 0.643340 0.225242 0.731696
vn 0.631020 0.404563 0.661923
vn 0.844829 -0.267076 0.463611
vn 0.703207 -0.433648 0.563426
vn 0.706575 -0.693987 0.138320
vn 0.836773 -0.543136 0.069391
vn -0.235846 0.713533 0.659733
vn -0.502182 0.140443 0.853281
vn -0.454559 0.128254 0.881434
vn -0.229104 0.658141 0.717190
vn 0.581740 0.220787 -0.782835
vn 0.719513 0.422255 -0.551364
vn 0.784799 0.343339 -0.515955
vn 0.644534 0.124413 -0.754385
vn 0.768068 -0.605922 0.207197
vn 0.845080 -0.493362 0.205996
vn 0.859204 -0.511566 -0.008305
vn 0.776231 -0.630448 0.000015
vn -0.026186 -0.982990 0.181784
vn 0.153784 -0.972180 0.176683
vn 0.343545 -0.281549 0.895939
vn -0.000385 -0.356518 0.934288
vn 0.354236 -0.792629 -0.496243
vn 0.152187 -0.916887 -0.368995
vn 0.032882 -0.832618 -0.552870
vn 0.268032 -0.717982 -0.642386
vn 0.793738 -0.313850 0.521035
vn 0.885474 -0.365983 0.286344
vn 0.957747 -0.115592 0.263363
vn 0.793738 -0.313850 0.521035
vn 0.957747 -0.115592 0.263363
vn 0.858286 -0.085157 0.506057
vn 0.793738 -0.313850 0.521035
vn 0.700575 -0.239607 0.672148
vn 0.639790 -0.417643 0.645169
vn 0.793738 -0.313850 0.521035
vn 0.639790 -0.417643 0.645169
vn 0.717466 -0.500997 0.483989
vn -0.022609 0.571134 0.820545
vn -0.009723 0.772940 0.634404
vn -0.012293 0.788409 0.615028
vn -0.004523 0.535905 0.844266
vn 0.086211 -0.586249 0.805530
vn 0.088099 -0.615083 0.783525
vn 0.224073 -0.617234 0.754197
vn 0.207756 -0.570326 0.794711
vn -0.142479 0.968589 0.203803
vn -0.185693 0.959315 0.212680
vn -0.382776 0.878558 0.285688
vn -0.165830 0.964146 0.207179
vn 0.782180 -0.560460 0.272176
vn 0.708613 -0.662798 0.242006
vn 0.723956 -0.689818 0.006277
vn 0.782180 -0.560460 0.272176
vn 0.723956 -0.689818 0.006277
vn 0.798408 -0.602085 0.006219
vn 0.589678 0.072138 0.804410
vn 0.316565 0.853376 0.414169
vn 0.326487 0.848583 0.416308
vn 0.702081 0.053913 0.710053
vn 0.982893 -0.155724 0.098347
vn 0.987923 -0.088022 0.127514
vn 0.740690 -0.604562 -0.293059
vn 0.792896 -0.557579 -0.245809
vn 0.723956 -0.689818 0.006277
vn 0.726027 -0.687655 0.003901
vn 0.681590 -0.701389 -0.208538
vn 0.723956 -0.689818 0.006277
vn 0.681590 -0.701389 -0.208538
vn 0.683695 -0.696515 -0.217778
vn -0.243149 0.070250 -0.967442
vn -0.010660 0.054727 -0.998444
vn -0.019593 -0.170437 -0.985174
vn -0.254610 -0.150526 -0.955257
vn 0.681590 -0.701389 -0.208538
vn 0.726027 -0.687655 0.003901
vn 0.776231 -0.630448 0.000015
vn 0.681590 -0.701389 -0.208538
vn 0.776231 -0.630448 0.000015
vn 0.726657 -0.645377 -0.235498
vn 0.767594 -0.404786 0.496938
vn 0.364189 -0.527898 0.767262
vn 0.386017 -0.415815 0.823461
vn 0.827637 -0.260819 0.496981
vn 0.654288 -0.614762 -0.440426
vn 0.510597 -0.640209 -0.573954
vn 0.491409 -0.682238 -0.541358
vn 0.654288 -0.614762 -0.440426
vn 0.491409 -0.682238 -0.541358
vn 0.597602 -0.698451 -0.393748
vn 0.654288 -0.614762 -0.440426
vn 0.726657 -0.645377 -0.235498
vn 0.803210 -0.533144 -0.265728
vn -0.266371 0.086411 0.959989
vn -0.206851 -0.168362 0.963777
vn -0.736675 -0.080856 0.671396
vn -0.796827 0.071010 0.600020
vn 0.654288 -0.614762 -0.440426
vn 0.717440 -0.485521 -0.499549
vn 0.550791 -0.529259 -0.645379
vn 0.654288 -0.614762 -0.440426
vn 0.550791 -0.529259 -0.645379
vn 0.510597 -0.640209 -0.573954
vn 0.550791 -0.529259 -0.645379
vn 0.364762 -0.534595 -0.762336
vn 0.332008 -0.639087 -0.693786
vn 0.550791 -0.529259 -0.645379
vn 0.332008 -0.639087 -0.693786
vn 0.510597 -0.640209 -0.573954
vn 0.550791 -0.529259 -0.645379
vn 0.717440 -0.485521 -0.499549
vn 0.779844 -0.283896 -0.557894
vn 0.550791 -0.529259 -0.645379
vn 0.779844 -0.283896 -0.557894
vn 0.617586 -0.248611 -0.746177
vn 0.550791 -0.529259 -0.645379
vn 0.617586 -0.248611 -0.746177
vn 0.420110 -0.245106 -0.873745
vn 0.550791 -0.529259 -0.645379
vn 0.420110 -0.245106 -0.873745
vn 0.364762 -0.534595 -0.762336
vn 0.420110 -0.245106 -0.873745
vn 0.179403 -0.249806 -0.951531
vn 0.147128 -0.553859 -0.819508
vn 0.420110 -0.245106 -0.873745
vn 0.147128 -0.553859 -0.819508
vn 0.364762 -0.534595 -0.762336
vn 0.130145 0.627710 0.767491
vn 0.145996 0.641956 0.752714
vn 0.072282 0.710880 0.699589
vn 0.034044 0.700036 0.713296
vn 0.314965 -0.949057 -0.009398
vn 0.745897 -0.663776 0.055137
vn 0.340954 -0.936872 -0.077602
vn 0.313505 -0.946815 -0.072502
vn 0.181379 0.264842 -0.947080
vn -0.114246 0.180772 -0.976867
vn -0.101970 -0.332991 -0.937400
vn 0.181379 0.264842 -0.947080
vn -0.101970 -0.332991 -0.937400
vn 0.179403 -0.249806 -0.951531
vn 0.181379 0.264842 -0.947080
vn 0.429295 0.204321 -0.879749
vn 0.357993 0.634668 -0.684863
vn 0.181379 0.264842 -0.947080
vn 0.357993 0.634668 -0.684863
vn 0.147426 0.737880 -0.658634
vn 0.181379 0.264842 -0.947080
vn 0.147426 0.737880 -0.658634
vn -0.106917 0.693548 -0.712433
vn 0.181379 0.264842 -0.947080
vn -0.106917 0.693548 -0.712433
vn -0.114246 0.180772 -0.976867
vn -0.106917 0.693548 -0.712433
vn -0.388112 0.395042 -0.832653
vn -0.396112 -0.008932 -0.918159
vn -0.106917 0.693548 -0.712433
vn -0.396112 -0.008932 -0.918159
vn -0.114246 0.180772 -0.976867
vn -0.106917 0.693548 -0.712433
vn 0.147426 0.737880 -0.658634
vn 0.117660 0.927164 -0.355700
vn -0.106917 0.693548 -0.712433
vn 0.117660 0.927164 -0.355700
vn -0.100042 0.901080 -0.421955
vn -0.106917 0.693548 -0.712433
vn -0.100042 0.901080 -0.421955
vn -0.340673 0.707989 -0.618622
vn -0.106917 0.693548 -0.712433
vn -0.340673 0.707989 -0.618622
vn -0.388112 0.395042 -0.832653
vn 0.033782 -0.562696 0.825973
vn 0.246156 -0.817412 0.520812
vn 0.137856 -0.959989 0.243758
vn 0.086975 -0.954252 0.286074
vn 0.719513 0.422255 -0.551364
vn 0.580221 0.617065 -0.531578
vn 0.652890 0.711255 -0.260480
vn 0.745755 0.634211 -0.204026
vn -0.719801 -0.693857 -0.021223
vn -0.834262 -0.504118 -0.223319
vn -0.963281 0.266620 0.031677
vn -0.818443 -0.532661 0.215461
vn -0.101582 0.967889 -0.229939
vn -0.100042 0.901080 -0.421955
vn 0.117660 0.927164 -0.355700
vn -0.101582 0.967889 -0.229939
vn 0.117660 0.927164 -0.355700
vn 0.097138 0.985955 -0.135853
vn -0.026195 -0.973627 -0.226637
vn 0.043212 -0.992557 -0.113856
vn 0.101911 -0.985154 -0.138154
vn 0.093033 -0.964670 -0.246489
vn 0.098188 -0.970078 0.222053
vn 0.202066 -0.956745 0.209305
vn 0.405540 -0.232130 0.884111
vn 0.092495 -0.943682 0.317663
vn -0.836956 0.433373 0.334204
vn -0.889127 0.433801 0.145839
vn -0.941750 0.282358 0.182706
vn -0.867267 0.300704 0.396768
vn -0.101797 0.994798 -0.003891
vn -0.073973 0.968209 0.238955
vn -0.291377 0.950382 0.108962
vn -0.101797 0.994798 -0.003891
vn -0.291377 0.950382 0.108962
vn -0.341594 0.910434 -0.233287
vn -0.606936 -0.198434 -0.769580
vn -0.457544 -0.361951 -0.812185
vn -0.530097 -0.491666 -0.690841
vn -0.669823 -0.285659 -0.685373
vn -0.899255 0.408138 -0.157367
vn -0.542891 0.820975 0.176831
vn -0.372218 0.907878 -0.192901
vn -0.533353 0.611582 -0.584382
vn -0.225161 -0.804710 -0.549313
vn -0.097354 -0.828110 -0.552047
vn -0.072925 -0.791020 -0.607429
vn -0.147245 -0.778883 -0.609640
vn -0.282759 0.893782 0.348139
vn -0.075191 0.906245 0.416013
vn -0.066016 0.842744 0.534252
vn -0.282759 0.893782 0.348139
vn -0.066016 0.842744 0.534252
vn -0.229344 0.836082 0.498365
vn -0.282759 0.893782 0.348139
vn -0.229344 0.836082 0.498365
vn -0.466517 0.803308 0.370214
vn -0.282759 0.893782 0.348139
vn -0.466517 0.803308 0.370214
vn -0.503400 0.836110 0.217964
vn 0.008231 0.752448 0.658600
vn 0.026430 0.736398 0.676033
vn 0.000745 0.738855 0.673865
vn -0.003367 0.766536 0.642193
vn -0.466517 0.803308 0.370214
vn -0.406742 0.804156 0.433467
vn -0.635457 0.742569 0.211626
vn -0.466517 0.803308 0.370214
vn -0.635457 0.742569 0.211626
vn -0.698390 0.700748 0.145615
vn 0.043212 -0.992557 -0.113856
vn 0.084775 -0.996395 -0.003234
vn 0.130302 -0.991435 -0.008807
vn 0.101911 -0.985154 -0.138154
vn -0.713338 0.700811 0.003620
vn -0.718700 0.669979 -0.186005
vn -0.538975 0.841276 -0.041958
vn -0.713338 0.700811 0.003620
vn -0.538975 0.841276 -0.041958
vn -0.503400 0.836110 0.217964
vn 0.091649 0.976245 0.196333
vn 0.081688 0.975986 0.201937
vn 0.103720 0.969731 0.221051
vn 0.073741 0.976142 0.204226
vn 0.007424 0.727440 0.686131
vn -0.004993 0.711803 0.702362
vn 0.000745 0.738855 0.673865
vn 0.026430 0.736398 0.676033
vn -0.817573 0.423378 -0.390289
vn -0.781846 0.326449 -0.531175
vn -0.709871 0.560828 -0.426093
vn -0.817573 0.423378 -0.390289
vn -0.709871 0.560828 -0.426093
vn -0.718700 0.669979 -0.186005
vn -0.733306 0.440293 -0.518078
vn -0.862511 0.444875 -0.241168
vn -0.841352 0.494397 -0.218401
vn -0.705126 0.511259 -0.491337
vn -0.817573 0.423378 -0.390289
vn -0.806382 0.168249 -0.566957
vn -0.772175 0.133997 -0.621121
vn -0.817573 0.423378 -0.390289
vn -0.772175 0.133997 -0.621121
vn -0.781846 0.326449 -0.531175
vn 0.321772 0.898105 -0.299784
vn 0.332153 0.912980 -0.236942
vn 0.296175 0.638468 -0.710380
vn 0.243317 0.625675 -0.741166
vn 0.542689 -0.307815 0.781498
vn 0.504236 -0.481769 0.716690
vn 0.567291 -0.553676 0.609609
vn 0.639790 -0.417643 0.645169
vn -0.700051 -0.009914 -0.714024
vn -0.820968 0.208781 -0.531434
vn -0.820535 0.276120 -0.500480
vn -0.679450 0.043715 -0.732419
vn -0.750526 -0.078628 -0.656146
vn -0.790790 -0.147557 -0.594036
vn -0.813799 0.079196 -0.575725
vn -0.750526 -0.078628 -0.656146
vn -0.813799 0.079196 -0.575725
vn -0.782014 0.111571 -0.613193
vn -0.115267 0.982986 0.143008
vn -0.125144 0.981770 0.143061
vn -0.121474 0.992490 0.014394
vn -0.195501 0.975589 -0.100027
vn -0.750526 -0.078628 -0.656146
vn -0.669823 -0.285659 -0.685373
vn -0.729448 -0.366047 -0.577854
vn -0.750526 -0.078628 -0.656146
vn -0.729448 -0.366047 -0.577854
vn -0.790790 -0.147557 -0.594036
vn 0.244882 0.349201 0.904484
vn 0.260145 0.257932 0.930481
vn 0.088381 0.217571 0.972035
vn 0.078690 0.307887 0.948163
vn -0.268407 -0.368475 -0.890047
vn -0.254610 -0.150526 -0.955257
vn -0.019593 -0.170437 -0.985174
vn -0.030713 -0.393333 -0.918883
vn -0.786628 -0.442794 -0.430290
vn -0.421475 -0.612819 -0.668440
vn -0.414324 -0.456820 -0.787179
vn -0.707670 -0.312510 -0.633672
vn 0.728026 0.118927 0.675155
vn -0.046628 0.153903 0.986985
vn 0.004931 0.396380 0.918073
vn 0.765911 0.316665 0.559556
vn 0.465875 -0.050423 0.883413
vn 0.488256 0.092030 0.867834
vn 0.372004 0.124189 0.919886
vn 0.439614 -0.047963 0.896905
vn 0.277772 -0.958678 -0.061468
vn 0.270826 -0.957646 -0.097816
vn 0.130302 -0.991435 -0.008807
vn 0.129461 -0.991274 0.024810
vn -0.174506 0.964677 0.197349
vn -0.137173 0.971006 0.195782
vn -0.143775 0.971318 0.189392
vn -0.165392 0.966806 0.194762
vn -0.074710 -0.910245 -0.407274
vn -0.079843 -0.908655 -0.409844
vn -0.267837 -0.867891 -0.418363
vn -0.292414 -0.863877 -0.410135
vn -0.177402 0.971670 -0.156161
vn -0.281603 0.955717 -0.085471
vn -0.128904 0.989855 0.059754
vn -0.042665 0.998870 -0.020948
vn -0.040672 0.957052 0.287049
vn -0.003787 0.999840 -0.017464
vn 0.038122 0.998219 -0.045882
vn 0.038835 0.959532 0.278907
vn -0.002067 0.971713 0.236155
vn 0.082389 0.926110 0.368146
vn 0.051386 0.922948 0.381479
vn 0.032536 0.960100 0.277758
vn -0.080100 0.968776 0.234643
vn -0.009530 0.989710 0.142768
vn -0.128904 0.989855 0.059754
vn -0.167621 0.976137 0.138056
vn -0.111484 -0.415988 -0.902510
vn 0.047702 -0.424571 -0.904137
vn 0.045704 -0.616242 -0.786230
vn -0.111484 -0.415988 -0.902510
vn 0.045704 -0.616242 -0.786230
vn -0.145497 -0.577880 -0.803047
vn -0.188199 -0.948597 -0.254450
vn -0.250594 -0.905188 -0.343275
vn -0.103467 -0.843303 -0.527385
vn -0.052636 -0.885003 -0.462600
vn -0.837857 -0.140252 -0.527566
vn -0.310306 0.072714 -0.947852
vn -0.372008 0.209753 -0.904220
vn -0.876746 0.137862 -0.460771
vn -0.107420 0.260957 0.959355
vn -0.164402 0.557384 0.813815
vn 0.099594 0.556419 0.824911
vn 0.027663 0.260688 0.965027
vn -0.416778 0.509467 0.752821
vn -0.411449 0.594552 0.690809
vn -0.543642 0.633103 0.551030
vn -0.579287 0.522987 0.625229
vn 0.370296 0.927851 0.044412
vn 0.552496 0.825359 -0.116323
vn 0.446203 0.854990 -0.264376
vn 0.306973 0.950015 -0.056916
vn 0.118626 -0.976504 0.179913
vn 0.098188 -0.970078 0.222053
vn 0.065213 -0.970384 0.232597
vn 0.044294 -0.980154 0.193225
vn -0.014465 -0.995379 0.094927
vn 0.015914 -0.992642 0.120033
vn 0.007105 -0.994654 0.103017
vn -0.029484 -0.995700 0.087820
vn 0.056281 -0.998081 0.025828
vn 0.129461 -0.991274 0.024810
vn 0.130302 -0.991435 -0.008807
vn 0.084775 -0.996395 -0.003234
vn -0.178646 -0.979847 0.089358
vn -0.822733 -0.539621 -0.178659
vn -0.783238 -0.554762 -0.280673
vn -0.221919 -0.974531 0.032276
vn -0.791651 -0.515269 -0.328308
vn -0.641962 -0.517747 -0.565529
vn -0.581290 -0.652105 -0.486684
vn -0.700094 -0.653606 -0.287518
vn 0.589217 0.438978 -0.678322
vn 0.549625 0.444345 -0.707439
vn 0.313184 0.353656 -0.881387
vn 0.360407 0.352553 -0.863605
vn 0.745755 0.634211 -0.204026
vn 0.601016 0.786178 0.143885
vn 0.661667 0.730135 0.170587
vn 0.799964 0.577295 -0.163671
vn -0.000108 -0.838764 -0.544495
vn -0.052636 -0.885003 -0.462600
vn -0.103467 -0.843303 -0.527385
vn -0.045381 -0.815065 -0.577589
vn 0.549864 0.629717 0.548731
vn 0.597578 0.532111 0.599799
vn 0.693846 0.522682 0.495360
vn 0.600395 0.642481 0.476177
vn 0.092705 0.313049 0.945202
vn 0.110404 0.398617 0.910448
vn -0.002443 0.363398 0.931631
vn -0.001564 0.285016 0.958521
vn -0.284572 -0.039141 0.957855
vn -0.362280 -0.042049 0.931120
vn -0.413475 0.195128 0.889362
vn -0.253045 0.070523 0.964881
vn -0.714189 -0.032010 -0.699220
vn -0.714535 -0.026622 -0.699093
vn -0.591920 -0.161783 -0.789593
vn -0.606936 -0.198434 -0.769580
vn -0.717806 -0.618833 -0.319061
vn -0.885748 0.280125 -0.370108
vn -0.892904 0.120232 -0.433898
vn -0.669868 -0.652787 -0.353759
vn -0.135917 -0.017819 0.990560
vn 0.027663 0.260688 0.965027
vn -0.033110 0.357658 0.933266
vn -0.213321 0.081515 0.973576
vn 0.732976 0.490873 -0.470945
vn 0.545104 0.545824 -0.636347
vn 0.595968 0.319264 -0.736812
vn 0.732976 0.490873 -0.470945
vn 0.595968 0.319264 -0.736812
vn 0.757843 0.340374 -0.556614
vn 0.174861 0.186670 -0.966736
vn -0.461252 0.198816 -0.864708
vn -0.372008 0.209753 -0.904220
vn 0.285382 0.234928 -0.929175
vn 0.732976 0.490873 -0.470945
vn 0.700031 0.607929 -0.374672
vn 0.417728 0.727621 -0.544123
vn 0.732976 0.490873 -0.470945
vn 0.417728 0.727621 -0.544123
vn 0.545104 0.545824 -0.636347
vn -0.796903 0.577423 0.177561
vn -0.889127 0.433801 0.145839
vn -0.836956 0.433373 0.334204
vn -0.750345 0.557237 0.355625
vn 0.462071 -0.612755 0.641110
vn 0.435143 -0.648182 0.624909
vn 0.325445 -0.659314 0.677784
vn 0.334324 -0.650333 0.682125
vn 0.273761 0.876507 0.395968
vn 0.499189 0.504089 0.704772
vn 0.256711 0.571030 0.779759
vn 0.212359 0.885385 0.413517
vn 0.220277 0.972073 -0.080945
vn -0.001018 0.983110 0.183015
vn 0.129880 0.903887 0.407577
vn 0.321013 0.922050 0.216274
vn 0.728309 0.654613 -0.202603
vn 0.697587 0.597516 -0.395408
vn 0.783494 0.349872 -0.513543
vn 0.822428 0.400800 -0.403698
vn 0.246371 0.933972 0.258841
vn 0.092825 0.952059 0.291492
vn 0.098112 0.943429 0.316726
vn 0.228499 0.923648 0.307671
vn -0.583803 -0.073856 -0.808529
vn -0.832992 0.062507 -0.549743
vn -0.544605 0.252173 -0.799884
vn -0.246975 0.238469 -0.939221
vn -0.430573 0.644398 -0.631948
vn -0.409020 0.886506 -0.216355
vn -0.346331 0.918206 -0.192232
vn -0.430573 0.644398 -0.631948
vn -0.346331 0.918206 -0.192232
vn -0.462640 0.598776 -0.653782
vn -0.013289 0.813623 -0.581241
vn -0.094404 0.339748 -0.935767
vn 0.122261 0.221305 -0.967510
vn 0.211998 0.713625 -0.667679
vn -0.039069 -0.996328 0.076185
vn -0.027792 -0.996909 0.073483
vn -0.009929 -0.994574 0.103556
vn -0.014465 -0.995379 0.094927
vn -0.357695 0.335443 -0.871511
vn -0.075556 0.036510 -0.996473
vn -0.082795 0.015974 -0.996439
vn -0.357695 0.335443 -0.871511
vn -0.082795 0.015974 -0.996439
vn -0.280256 0.377920 -0.882402
vn -0.357695 0.335443 -0.871511
vn -0.462640 0.598776 -0.653782
vn -0.303368 0.649234 -0.697469
vn -0.357695 0.335443 -0.871511
vn -0.303368 0.649234 -0.697469
vn -0.176131 0.357340 -0.917216
vn 0.364189 -0.527898 0.767262
vn 0.228693 -0.811300 0.538045
vn -0.129422 -0.818815 0.559278
vn -0.094712 -0.546687 0.831963
vn 0.019014 0.019431 0.999630
vn -0.004523 0.535905 0.844266
vn -0.011958 0.567269 0.823446
vn 0.084721 0.145230 0.985764
vn -0.037176 -0.810262 0.584888
vn -0.043134 -0.878667 0.475482
vn -0.059725 -0.982174 0.178235
vn 0.000038 -0.973651 0.228042
vn 0.204227 -0.310521 -0.928369
vn 0.369255 -0.455031 -0.810307
vn 0.536754 -0.348481 -0.768411
vn 0.204227 -0.310521 -0.928369
vn 0.536754 -0.348481 -0.768411
vn 0.407987 -0.136624 -0.902708
vn 0.204227 -0.310521 -0.928369
vn 0.407987 -0.136624 -0.902708
vn 0.238472 0.207103 -0.948810
vn 0.204227 -0.310521 -0.928369
vn 0.238472 0.207103 -0.948810
vn -0.082795 0.015974 -0.996439
vn 0.932463 -0.331121 0.144467
vn 0.890065 0.046973 0.453406
vn 0.912826 0.232143 0.335944
vn 0.974728 -0.222820 0.016036
vn 0.990084 -0.139444 -0.016992
vn 0.914944 -0.403558 0.004238
vn 0.866014 -0.420157 -0.271086
vn 0.950087 -0.153273 -0.271740
vn -0.081803 -0.695998 0.713369
vn -0.000825 -0.966727 0.255807
vn -0.081541 -0.960494 0.266086
vn -0.232229 -0.640334 0.732149
vn 0.060438 0.707281 0.704345
vn 0.084436 0.669039 0.738416
vn 0.389741 0.654191 0.648179
vn 0.382506 0.643257 0.663256
vn -0.297603 0.935985 0.188053
vn -0.192277 0.947885 0.254053
vn -0.233706 0.949828 0.207866
vn -0.376586 0.923305 0.075433
vn -0.687593 -0.321230 0.651174
vn -0.743804 -0.072469 0.664457
vn -0.876423 0.028915 0.480673
vn -0.820105 -0.262447 0.508477
vn -0.150608 -0.967866 -0.201378
vn -0.158974 -0.969083 -0.188696
vn -0.127578 -0.975372 -0.179924
vn -0.143945 -0.970625 -0.192789
vn 0.914363 -0.218045 -0.341169
vn 0.947513 -0.161925 -0.275679
vn 0.958808 -0.250586 -0.133768
vn 0.914363 -0.218045 -0.341169
vn 0.958808 -0.250586 -0.133768
vn 0.888587 -0.359409 -0.285025
vn 0.914363 -0.218045 -0.341169
vn 0.888587 -0.359409 -0.285025
vn 0.691143 -0.588281 -0.419818
vn 0.914363 -0.218045 -0.341169
vn 0.691143 -0.588281 -0.419818
vn 0.814016 -0.368274 -0.449169
vn 0.914363 -0.218045 -0.341169
vn 0.814016 -0.368274 -0.449169
vn 0.846877 -0.094274 -0.523366
vn 0.914363 -0.218045 -0.341169
vn 0.846877 -0.094274 -0.523366
vn 0.903255 -0.011700 -0.428944
vn 0.948230 -0.317140 -0.016793
vn 0.929145 -0.301536 0.213928
vn 0.974729 -0.057614 0.215833
vn 0.994827 -0.099679 -0.019588
vn -0.677819 0.576998 0.455670
vn -0.803274 0.236091 0.546820
vn -0.991190 0.130823 0.020692
vn -0.867051 0.492322 0.076430
vn 0.018130 -0.988887 0.147561
vn 0.112350 -0.985427 0.127714
vn 0.118626 -0.976504 0.179913
vn 0.044294 -0.980154 0.193225
vn 0.900750 -0.414404 -0.130074
vn 0.912161 -0.409144 0.023720
vn 0.760482 -0.647321 -0.051407
vn 0.900750 -0.414404 -0.130074
vn 0.760482 -0.647321 -0.051407
vn 0.739263 -0.631574 -0.233679
vn -0.974275 -0.082412 0.209755
vn -0.923805 -0.015089 0.382565
vn -0.894466 -0.188840 0.405303
vn -0.926702 -0.313908 0.206606
vn 0.114533 0.969189 0.218070
vn 0.046494 0.979626 0.195375
vn 0.085517 0.978231 0.189081
vn 0.092800 0.971946 0.216123
vn -0.403614 -0.382726 0.831034
vn -0.274493 -0.484405 0.830666
vn -0.247392 -0.633828 0.732843
vn -0.352966 -0.612155 0.707589
vn -0.222247 0.817186 0.531802
vn -0.052528 0.820972 0.568546
vn -0.036927 0.830058 0.556453
vn -0.154259 0.838589 0.522467
vn 0.120102 -0.984741 -0.125938
vn 0.138117 -0.982398 -0.125770
vn 0.135835 -0.979490 -0.148821
vn 0.115329 -0.982169 -0.148469
vn 0.313505 -0.946815 -0.072502
vn 0.296126 -0.954919 0.020972
vn 0.314965 -0.949057 -0.009398
vn -0.008454 -0.816112 0.577831
vn 0.023855 -0.967729 0.250861
vn -0.030335 -0.981346 0.189842
vn -0.152029 -0.977970 0.143047
vn 0.313505 -0.946815 -0.072502
vn 0.340954 -0.936872 -0.077602
vn 0.480106 -0.778035 -0.405167
vn 0.313505 -0.946815 -0.072502
vn 0.480106 -0.778035 -0.405167
vn 0.261466 -0.947679 -0.183142
vn 0.340954 -0.936872 -0.077602
vn 0.745897 -0.663776 0.055137
vn 0.891802 -0.271526 -0.361887
vn 0.340954 -0.936872 -0.077602
vn 0.891802 -0.271526 -0.361887
vn 0.415462 0.173265 -0.892956
vn 0.340954 -0.936872 -0.077602
vn 0.415462 0.173265 -0.892956
vn 0.480106 -0.778035 -0.405167
vn 0.415462 0.173265 -0.892956
vn -0.310306 0.072714 -0.947852
vn -0.181829 -0.250392 -0.950917
vn 0.415462 0.173265 -0.892956
vn -0.181829 -0.250392 -0.950917
vn 0.480106 -0.778035 -0.405167
vn 0.415462 0.173265 -0.892956
vn 0.891802 -0.271526 -0.361887
vn 0.837640 0.190768 -0.511826
vn 0.551801 0.819408 0.155197
vn 0.427055 0.843344 0.326182
vn 0.767129 -0.100832 0.633519
vn 0.994994 -0.074463 0.066646
vn 0.415462 0.173265 -0.892956
vn 0.285382 0.234928 -0.929175
vn -0.372008 0.209753 -0.904220
vn 0.415462 0.173265 -0.892956
vn -0.372008 0.209753 -0.904220
vn -0.310306 0.072714 -0.947852
vn -0.182156 0.962692 0.200109
vn -0.164999 0.965652 0.200729
vn -0.162243 0.965635 0.203045
vn -0.177010 0.963901 0.198906
vn 0.155924 -0.593089 0.789894
vn -0.107100 -0.445097 0.889055
vn 0.031370 0.693388 0.719881
vn 0.256711 0.571030 0.779759
vn -0.375957 0.109229 0.920177
vn -0.213321 0.081515 0.973576
vn -0.033110 0.357658 0.933266
vn -0.121779 0.515260 0.848338
vn -0.279047 0.676542 0.681486
vn -0.400522 0.595966 0.695993
vn -0.813622 0.415179 0.406995
vn -0.721423 0.466147 0.512109
vn -0.709956 -0.533969 0.459172
vn -0.639134 -0.489286 0.593386
vn -0.689668 -0.305469 0.656541
vn -0.775071 -0.362764 0.517365
vn 0.084721 0.145230 0.985764
vn 0.163273 -0.069907 0.984101
vn 0.031360 -0.134032 0.990481
vn 0.019014 0.019431 0.999630
vn 0.772875 0.124700 -0.622185
vn 0.696646 -0.063668 -0.714584
vn 0.688237 -0.057990 -0.723164
vn 0.793648 0.137239 -0.592696
vn -0.868451 -0.150484 -0.472385
vn -0.774119 -0.229692 -0.589900
vn -0.453562 -0.754707 -0.474025
vn -0.558167 -0.743636 -0.368042
vn -0.988504 0.006152 0.151071
vn -0.986587 0.020890 0.161891
vn -0.740170 0.091518 0.666163
vn -0.988504 0.006152 0.151071
vn -0.740170 0.091518 0.666163
vn -0.731256 -0.035148 0.681197
vn -0.740170 0.091518 0.666163
vn -0.046628 0.153903 0.986985
vn -0.041382 -0.055179 0.997619
vn -0.740170 0.091518 0.666163
vn -0.041382 -0.055179 0.997619
vn -0.731256 -0.035148 0.681197
vn -0.406154 -0.802605 -0.436880
vn -0.378898 -0.807929 -0.451317
vn -0.453688 -0.779426 -0.432044
vn -0.449765 -0.779213 -0.436507
vn -0.002612 0.478861 0.877887
vn -0.124850 0.484823 0.865655
vn -0.121349 0.427756 0.895711
vn -0.004323 0.432056 0.901836
vn 0.332983 -0.646841 -0.686090
vn 0.149792 -0.399593 -0.904372
vn 0.071069 -0.369390 -0.926553
vn 0.313464 -0.626984 -0.713184
vn 0.088671 0.923170 0.374025
vn 0.067075 0.861790 0.502811
vn 0.587558 -0.075445 0.805657
vn 0.416697 0.793565 0.443417
vn 0.062791 -0.986868 0.148825
vn 0.119616 -0.973377 0.195525
vn -0.210952 -0.164155 0.963614
vn -0.544225 -0.560182 0.624512
vn 0.111004 0.663014 0.740331
vn 0.086860 0.706339 0.702524
vn 0.027651 0.729285 0.683651
vn 0.065642 0.714550 0.696498
vn 0.018729 0.715790 0.698065
vn -0.035287 0.908631 0.416107
vn 0.263331 0.912029 0.314421
vn 0.018729 0.715790 0.698065
vn 0.263331 0.912029 0.314421
vn 0.653245 0.582997 0.483099
vn 0.263331 0.912029 0.314421
vn 0.411586 0.908855 0.067665
vn 0.859208 0.511417 0.014655
vn 0.263331 0.912029 0.314421
vn 0.859208 0.511417 0.014655
vn 0.653245 0.582997 0.483099
vn -0.122898 0.925590 0.358022
vn -0.028261 0.935919 0.351079
vn 0.040933 0.939396 0.340381
vn -0.060211 0.944243 0.323697
vn 0.263331 0.912029 0.314421
vn 0.137480 0.949178 0.283127
vn 0.306840 0.912611 0.270167
vn -0.733046 0.637181 -0.237999
vn -0.509348 0.860442 -0.014284
vn -0.666420 0.731480 -0.144297
vn -0.805641 0.466105 -0.365635
vn -0.217994 -0.613947 0.758649
vn -0.269956 -0.840280 0.470163
vn -0.361577 -0.727246 0.583417
vn -0.302697 -0.597198 0.742784
vn -0.014694 0.967406 0.252805
vn -0.186191 0.956242 0.225686
vn -0.215372 0.939791 0.265345
vn -0.014694 0.967406 0.252805
vn -0.215372 0.939791 0.265345
vn -0.051172 0.959990 0.275320
vn -0.755029 0.345721 0.557143
vn -0.752220 0.137837 0.644334
vn -0.610923 0.178707 0.771257
vn -0.602954 0.381246 0.700784
vn 0.431252 0.482033 -0.762670
vn 0.312294 0.547986 -0.776005
vn 0.196292 0.415984 -0.887934
vn 0.316245 0.311548 -0.896062
vn -0.051172 0.959990 0.275320
vn -0.124818 0.934143 0.334362
vn 0.088383 0.946316 0.310926
vn -0.051172 0.959990 0.275320
vn 0.088383 0.946316 0.310926
vn 0.145860 0.943366 0.297968
vn 0.871980 0.366538 0.324502
vn 0.872330 0.398142 0.283765
vn 0.883764 0.348720 0.312017
vn 0.862778 0.368155 0.346519
vn -0.124818 0.934143 0.334362
vn -0.167153 0.925630 0.339512
vn 0.004935 0.945588 0.325329
vn -0.124818 0.934143 0.334362
vn 0.004935 0.945588 0.325329
vn 0.088383 0.946316 0.310926
vn 0.457004 0.672101 0.582605
vn 0.473025 0.613833 0.632026
vn 0.549864 0.629717 0.548731
vn 0.518562 0.659268 0.544480
vn 0.004935 0.945588 0.325329
vn -0.167153 0.925630 0.339512
vn -0.176475 0.929946 0.322579
vn 0.004935 0.945588 0.325329
vn -0.176475 0.929946 0.322579
vn -0.060211 0.944243 0.323697
vn 0.256662 -0.034508 -0.965885
vn 0.148732 0.062240 -0.986917
vn 0.296026 0.218637 -0.929821
vn 0.413476 0.065837 -0.908132
vn 0.040933 0.939396 0.340381
vn 0.108668 0.936179 0.334306
vn 0.165417 0.934187 0.316118
vn 0.040933 0.939396 0.340381
vn 0.165417 0.934187 0.316118
vn 0.108737 0.939345 0.325280
vn -0.482092 0.092606 0.871213
vn -0.565473 0.069757 0.821811
vn -0.731275 -0.535546 0.422407
vn -0.636189 -0.519445 0.570474
vn -0.967962 -0.027341 -0.249606
vn -0.985287 -0.164399 0.046724
vn -0.911098 0.191746 0.364875
vn -0.939111 0.319808 0.125671
vn 0.000219 -0.996760 0.080437
vn 0.023378 -0.997637 0.064613
vn 0.021435 -0.995796 0.089056
vn -0.022032 -0.993428 0.112314
vn -0.103993 0.660428 0.743653
vn 0.040390 0.337425 0.940485
vn 0.182184 0.511220 0.839918
vn 0.051199 0.778612 0.625413
vn -0.115877 0.939933 0.321090
vn 0.003578 0.940350 0.340191
vn 0.003809 0.959711 0.280963
vn -0.080100 0.968776 0.234643
vn 0.355011 0.643607 0.678039
vn 0.238290 0.581549 0.777830
vn 0.228785 0.523299 0.820862
vn 0.348985 0.579758 0.736268
vn 0.500541 -0.233230 -0.833704
vn 0.336922 -0.101134 -0.936085
vn 0.432720 -0.374868 -0.819894
vn 0.547864 -0.330762 -0.768402
vn -0.048915 -0.997439 0.052173
vn -0.049113 -0.998684 0.014798
vn -0.097810 -0.995202 -0.002385
vn -0.056491 -0.997289 0.047154
vn -0.445944 -0.171289 -0.878518
vn -0.628956 -0.300255 -0.717120
vn -0.572154 -0.378784 -0.727436
vn -0.555038 -0.360588 -0.749606
vn -0.540158 -0.419066 -0.729804
vn -0.707356 -0.447614 -0.547073
vn -0.632511 -0.599396 -0.490565
vn -0.477809 -0.591359 -0.649609
vn 0.565241 -0.246526 -0.787228
vn 0.551889 -0.195953 -0.810568
vn 0.688237 -0.057990 -0.723164
vn 0.696646 -0.063668 -0.714584
vn 0.094842 -0.635812 0.765994
vn 0.089283 -0.644913 0.759023
vn -0.094322 -0.654087 0.750515
vn -0.100548 -0.627973 0.771712
vn 0.929145 -0.301536 0.213928
vn 0.948230 -0.317140 -0.016793
vn 0.859204 -0.511566 -0.008305
vn 0.845080 -0.493362 0.205996
vn -0.603461 -0.768024 -0.214416
vn -0.719801 -0.693857 -0.021223
vn -0.828715 -0.559444 -0.015939
vn -0.707351 -0.648729 -0.280724
vn 0.208900 0.354471 0.911434
vn 0.128228 0.538561 0.832772
vn 0.446607 0.297945 0.843665
vn 0.337342 0.360228 0.869733
vn -0.146931 0.969436 0.196482
vn -0.132027 0.973583 0.186293
vn -0.123945 0.973877 0.190267
vn -0.137856 0.970204 0.199248
vn -0.030442 -0.182039 -0.982820
vn 0.153550 0.213035 -0.964903
vn 0.122261 0.221305 -0.967510
vn 0.001201 -0.209424 -0.977824
vn -0.003852 -0.992435 0.122712
vn 0.030604 -0.992535 0.118055
vn 0.069609 -0.989282 0.128358
vn 0.037822 -0.991268 0.126318
vn -0.542891 0.820975 0.176831
vn -0.899255 0.408138 -0.157367
vn -0.939111 0.319808 0.125671
vn -0.594541 0.708316 0.380538
vn -0.001018 0.983110 0.183015
vn 0.220277 0.972073 -0.080945
vn 0.102974 0.899238 -0.425168
vn -0.156479 0.977839 -0.139090
vn -0.300704 -0.855352 -0.421842
vn -0.292414 -0.863877 -0.410135
vn -0.406154 -0.802605 -0.436880
vn -0.420255 -0.799343 -0.429460
vn -0.764885 -0.251295 -0.593129
vn -0.907089 -0.267347 -0.325139
vn -0.840095 -0.450154 -0.302658
vn -0.707356 -0.447614 -0.547073
vn 0.040194 -0.992124 0.118638
vn 0.017689 -0.994552 0.102731
vn -0.004857 -0.993319 0.115301
vn 0.022086 -0.993891 0.108131
vn 0.903255 -0.011700 -0.428944
vn 0.846877 -0.094274 -0.523366
vn 0.834830 0.139931 -0.532427
vn 0.855507 0.170429 -0.488938
vn 0.415786 -0.866094 -0.277496
vn 0.648280 -0.737652 0.188687
vn 0.533101 -0.722741 0.439827
vn 0.333800 -0.939890 -0.072000
vn 0.141138 -0.971078 0.192584
vn 0.133527 -0.979293 0.152170
vn 0.069609 -0.989282 0.128358
vn 0.141138 -0.971078 0.192584
vn 0.069609 -0.989282 0.128358
vn 0.080792 -0.985643 0.148255
vn 0.487679 -0.017771 -0.872842
vn 0.413476 0.065837 -0.908132
vn 0.581740 0.220787 -0.782835
vn 0.644534 0.124413 -0.754385
vn 0.069609 -0.989282 0.128358
vn 0.133527 -0.979293 0.152170
vn 0.104298 -0.984615 0.140200
vn 0.069609 -0.989282 0.128358
vn 0.104298 -0.984615 0.140200
vn 0.037822 -0.991268 0.126318
vn -0.081541 -0.960494 0.266086
vn -0.058571 -0.985267 0.160678
vn -0.084673 -0.984142 0.155872
vn -0.161063 -0.957296 0.240089
vn -0.103918 0.033258 0.994030
vn -0.124270 -0.142791 0.981920
vn 0.070378 -0.131919 0.988759
vn 0.064083 0.035661 0.997307
vn 0.192498 0.939374 0.283763
vn 0.313634 0.799708 0.511958
vn 0.095387 0.804398 0.586383
vn 0.077595 0.929810 0.359766
vn -0.003852 -0.992435 0.122712
vn -0.057121 -0.987964 0.143752
vn -0.084673 -0.984142 0.155872
vn -0.003852 -0.992435 0.122712
vn -0.084673 -0.984142 0.155872
vn -0.046006 -0.991697 0.120087
vn -0.084673 -0.984142 0.155872
vn -0.058571 -0.985267 0.160678
vn -0.047926 -0.992106 0.115887
vn -0.084673 -0.984142 0.155872
vn -0.047926 -0.992106 0.115887
vn -0.046006 -0.991697 0.120087
vn -0.084673 -0.984142 0.155872
vn -0.057121 -0.987964 0.143752
vn -0.161024 -0.965011 0.206942
vn -0.084673 -0.984142 0.155872
vn -0.161024 -0.965011 0.206942
vn -0.161063 -0.957296 0.240089
vn -0.287466 0.547006 -0.786223
vn -0.389016 0.329174 -0.860414
vn 0.047114 0.142672 -0.988648
vn 0.196292 0.415984 -0.887934
vn -0.880414 0.118639 -0.459126
vn -0.842898 0.060702 -0.534638
vn -0.764549 0.232644 -0.601117
vn -0.827381 0.277572 -0.488257
vn 0.130319 -0.899995 0.415963
vn 0.284864 -0.830117 0.479331
vn 0.326367 -0.917313 -0.228080
vn 0.135424 -0.947394 -0.290008
vn -0.161063 -0.957296 0.240089
vn -0.161024 -0.965011 0.206942
vn -0.587009 -0.490121 0.644362
vn -0.460271 -0.542477 0.702758
vn -0.921073 0.161451 0.354341
vn -0.955696 0.077788 0.283891
vn -0.925399 -0.370062 -0.081803
vn -0.927411 -0.370596 -0.050670
vn 0.732976 0.490873 -0.470945
vn 0.757843 0.340374 -0.556614
vn 0.808058 0.335549 -0.484199
vn 0.804720 0.426894 -0.412539
vn -0.081803 -0.695998 0.713369
vn -0.214341 0.475170 0.853388
vn -0.190455 0.309054 0.931779
vn -0.081803 -0.695998 0.713369
vn -0.190455 0.309054 0.931779
vn -0.037176 -0.810262 0.584888
vn -0.269102 -0.656018 -0.705142
vn -0.066700 -0.661548 -0.746931
vn -0.078909 -0.579472 -0.811163
vn -0.292417 -0.585667 -0.755967
vn -0.911705 -0.350490 -0.214360
vn -0.922210 -0.378922 -0.077110
vn -0.958769 -0.284147 0.004666
vn -0.957099 -0.271158 -0.102151
vn 0.038835 0.959532 0.278907
vn 0.019599 0.915736 0.401301
vn -0.054281 0.921263 0.385134
vn -0.040672 0.957052 0.287049
vn -0.142479 0.968589 0.203803
vn -0.128511 0.972703 0.193218
vn -0.441260 0.887124 0.135282
vn -0.185693 0.959315 0.212680
vn -0.820535 0.276120 -0.500480
vn -0.835284 0.523005 -0.169605
vn -0.800381 0.582654 -0.141082
vn -0.792082 0.335829 -0.509731
vn 0.031982 -0.988925 0.144932
vn 0.076341 -0.987304 0.139296
vn 0.065018 -0.991377 0.113774
vn 0.062804 -0.993461 0.095349
vn -0.182126 0.946163 0.267593
vn -0.245754 0.939665 0.237980
vn -0.206657 0.933299 0.293675
vn -0.182126 0.946163 0.267593
vn -0.206657 0.933299 0.293675
vn -0.191290 0.930895 0.311195
vn 0.429859 0.292162 0.854320
vn 0.235476 0.239497 0.941909
vn 0.238952 0.049899 0.969748
vn 0.459437 0.081276 0.884484
vn 0.992877 0.115285 -0.030092
vn 0.994827 -0.099679 -0.019588
vn 0.974729 -0.057614 0.215833
vn 0.965705 0.158099 0.205957
vn -0.303368 0.649234 -0.697469
vn -0.023763 0.689648 -0.723755
vn 0.042913 0.318008 -0.947116
vn -0.176131 0.357340 -0.917216
vn 0.715995 0.149429 0.681925
vn 0.666791 0.335582 0.665413
vn 0.429859 0.292162 0.854320
vn 0.459437 0.081276 0.884484
vn -0.167621 0.976137 0.138056
vn -0.333588 0.942719 0.000303
vn -0.355252 0.929632 0.097878
vn -0.239809 0.942141 0.234226
vn -0.561080 0.513170 -0.649496
vn -0.400043 0.261943 -0.878266
vn -0.543069 0.155711 -0.825124
vn -0.705817 0.417483 -0.572303
vn 0.575722 -0.049105 0.816170
vn 0.690163 -0.132897 0.711346
vn 0.439773 0.395198 0.806485
vn 0.431677 0.334970 0.837526
vn -0.842898 0.060702 -0.534638
vn -0.880414 0.118639 -0.459126
vn -0.922394 -0.068531 -0.380122
vn -0.910069 -0.105492 -0.400807
vn -0.062187 -0.970494 -0.232968
vn -0.103033 -0.966251 -0.236098
vn -0.112370 -0.964297 -0.239799
vn -0.103554 -0.965350 -0.239532
vn 0.013654 -0.999796 -0.014866
vn -0.107848 -0.991697 -0.070039
vn -0.146203 -0.989028 0.021158
vn 0.006381 -0.999861 0.015431
vn -0.638415 -0.288051 0.713759
vn -0.137001 -0.422717 0.895846
vn -0.094712 -0.546687 0.831963
vn -0.508597 -0.493583 0.705482
vn -0.124850 0.484823 0.865655
vn -0.267319 0.509489 0.817901
vn -0.260905 0.414726 0.871740
vn -0.121349 0.427756 0.895711
vn 0.263127 -0.823524 -0.502566
vn 0.513298 -0.465734 -0.720845
vn 0.667579 -0.545586 -0.506630
vn 0.334974 -0.884433 -0.324917
vn 0.126378 -0.975840 -0.178227
vn -0.010853 -0.983731 -0.179320
vn -0.003813 -0.983831 -0.179059
vn 0.139107 -0.974681 -0.175061
vn 0.015991 -0.999869 0.002386
vn -0.050290 -0.995780 -0.076764
vn -0.050548 -0.992371 -0.112450
vn 0.049553 -0.997131 -0.057231
vn -0.368206 -0.218340 0.903743
vn -0.449854 -0.207302 0.868710
vn -0.467388 -0.317925 0.824907
vn -0.393959 -0.250981 0.884197
vn -0.034987 0.736978 0.675011
vn -0.021126 0.753939 0.656604
vn -0.198377 0.654638 0.729449
vn -0.198926 0.580072 0.789902
vn -0.922210 -0.378922 -0.077110
vn -0.929740 -0.364234 0.054012
vn -0.948114 -0.296882 0.113761
vn -0.958769 -0.284147 0.004666
vn 0.149890 -0.972296 -0.179367
vn 0.126591 -0.974011 -0.187824
vn 0.114582 -0.977508 -0.177056
vn 0.133688 -0.975881 -0.172579
vn -0.333588 0.942719 0.000303
vn -0.532830 0.838295 -0.115560
vn -0.542283 0.834905 0.094140
vn -0.355252 0.929632 0.097878
vn -0.001938 -0.992816 0.119636
vn -0.019575 -0.995724 0.090283
vn -0.043906 -0.994855 0.091306
vn -0.001938 -0.992816 0.119636
vn -0.043906 -0.994855 0.091306
vn -0.047926 -0.992106 0.115887
vn -0.540116 0.361058 -0.760205
vn -0.812420 0.269401 -0.517105
vn -0.806337 0.258828 -0.531816
vn -0.546841 0.336974 -0.766429
vn -0.043906 -0.994855 0.091306
vn -0.019575 -0.995724 0.090283
vn -0.036276 -0.995956 0.082195
vn -0.043906 -0.994855 0.091306
vn -0.036276 -0.995956 0.082195
vn -0.029484 -0.995700 0.087820
vn 0.054521 0.720480 0.691329
vn 0.065642 0.714550 0.696498
vn 0.027651 0.729285 0.683651
vn 0.049983 0.730436 0.681150
vn 0.326487 0.848583 0.416308
vn 0.321005 0.843396 0.430859
vn 0.772423 -0.069725 0.631269
vn 0.702081 0.053913 0.710053
vn 0.354236 -0.792629 -0.496243
vn 0.554063 -0.620596 -0.554865
vn 0.691143 -0.588281 -0.419818
vn 0.422885 -0.819608 -0.386536
vn 0.007105 -0.994654 0.103017
vn 0.015914 -0.992642 0.120033
vn 0.047260 -0.988146 0.146064
vn 0.007105 -0.994654 0.103017
vn 0.047260 -0.988146 0.146064
vn 0.048964 -0.991277 0.122362
vn 0.568281 0.794164 -0.215317
vn 0.656858 0.531922 -0.534413
vn 0.071497 0.563976 -0.822690
vn -0.009398 0.883724 -0.467915
vn -0.928917 -0.362531 0.075402
vn 0.009249 -0.980736 -0.195121
vn 0.089813 -0.977543 -0.190637
vn -0.226138 -0.974065 -0.007683
vn 0.808749 -0.456697 0.370612
vn -0.013580 -0.982958 -0.183328
vn -0.062187 -0.970494 -0.232968
vn 0.570164 -0.817356 -0.082714
vn -0.388112 0.395042 -0.832653
vn -0.603470 0.225982 -0.764694
vn -0.597405 -0.129332 -0.791442
vn -0.396112 -0.008932 -0.918159
vn 0.070782 -0.975616 0.207757
vn 0.032511 -0.984420 0.172804
vn 0.044294 -0.980154 0.193225
vn 0.070782 -0.975616 0.207757
vn 0.044294 -0.980154 0.193225
vn 0.065213 -0.970384 0.232597
vn 0.070782 -0.975616 0.207757
vn 0.065213 -0.970384 0.232597
vn 0.053636 -0.954229 0.294229
vn 0.070782 -0.975616 0.207757
vn 0.053636 -0.954229 0.294229
vn 0.086975 -0.954252 0.286074
vn 0.412279 0.753479 -0.512149
vn 0.046282 0.840249 -0.540221
vn -0.181245 0.670896 -0.719061
vn 0.312294 0.547986 -0.776005
vn -0.458178 -0.716102 -0.526565
vn -0.267369 -0.848044 -0.457532
vn -0.292272 -0.902175 -0.317267
vn -0.534705 -0.753716 -0.382104
vn 0.341444 0.709394 -0.616584
vn 0.363913 0.549653 -0.751964
vn 0.066486 0.533839 -0.842968
vn 0.086553 0.713582 -0.695204
vn 0.332983 -0.646841 -0.686090
vn 0.313464 -0.626984 -0.713184
vn 0.566151 -0.708600 -0.421141
vn 0.516825 -0.776907 -0.359593
vn 0.083351 0.064383 -0.994438
vn 0.174861 0.186670 -0.966736
vn 0.727674 0.147555 -0.669864
vn 0.635643 0.052403 -0.770203
vn -0.991190 0.130823 0.020692
vn -0.995644 0.022620 0.090448
vn -0.886775 -0.024117 -0.461571
vn -0.848123 -0.055376 -0.526897
vn 0.559599 -0.109451 0.821504
vn 0.487386 -0.345174 0.802066
vn 0.411653 -0.215466 0.885503
vn 0.404790 -0.194598 0.893463
vn 0.182072 0.956920 -0.226170
vn 0.123577 0.958142 0.258250
vn -0.179341 0.954455 0.238438
vn -0.217736 0.939500 -0.264444
vn 0.018130 -0.988887 0.147561
vn 0.009346 -0.990518 0.137065
vn -0.009929 -0.994574 0.103556
vn 0.018130 -0.988887 0.147561
vn -0.009929 -0.994574 0.103556
vn 0.000251 -0.995224 0.097615
vn -0.009929 -0.994574 0.103556
vn -0.027792 -0.996909 0.073483
vn -0.000082 -0.998504 0.054672
vn -0.009929 -0.994574 0.103556
vn -0.000082 -0.998504 0.054672
vn 0.000251 -0.995224 0.097615
vn 0.126378 -0.975840 -0.178227
vn 0.114140 -0.975615 -0.187478
vn -0.019669 -0.983086 -0.182087
vn -0.010853 -0.983731 -0.179320
vn 0.425005 -0.389881 -0.816923
vn 0.397538 -0.567202 -0.721280
vn 0.196863 -0.567677 -0.799367
vn 0.213560 -0.394624 -0.893680
vn -0.111900 -0.977370 0.179518
vn -0.028499 -0.984993 0.170224
vn -0.306906 -0.333878 0.891254
vn -0.537383 -0.384882 0.750390
vn 0.913259 -0.017170 -0.407017
vn 0.833034 -0.008191 -0.553162
vn 0.999810 0.018327 -0.006643
vn 0.991134 0.097023 0.090776
vn -0.300567 0.869588 -0.391759
vn -0.177402 0.971670 -0.156161
vn -0.073541 0.962359 -0.261644
vn -0.117787 0.875772 -0.468134
vn -0.790530 -0.023040 -0.611989
vn -0.787361 0.144129 -0.599408
vn -0.931303 0.164942 -0.324760
vn -0.941587 -0.044185 -0.333858
vn 0.217369 0.921303 0.322415
vn 0.228499 0.923648 0.307671
vn 0.098112 0.943429 0.316726
vn 0.080936 0.936511 0.341171
vn 0.797275 0.519531 -0.307311
vn 0.700031 0.607929 -0.374672
vn 0.732976 0.490873 -0.470945
vn 0.804720 0.426894 -0.412539
vn -0.020725 -0.996555 0.080298
vn -0.169973 -0.984388 0.045712
vn -0.076367 -0.996968 -0.014905
vn -0.020725 -0.996555 0.080298
vn -0.076367 -0.996968 -0.014905
vn -0.000638 -0.999302 0.037343
vn 0.021910 -0.984533 -0.173823
vn -0.078923 -0.943741 -0.321130
vn 0.032882 -0.832618 -0.552870
vn 0.152187 -0.916887 -0.368995
vn 0.695769 -0.032081 0.717549
vn 0.728026 0.118927 0.675155
vn 0.992905 0.036758 0.113089
vn 0.982420 0.013147 0.186220
vn -0.103180 -0.924965 0.365778
vn -0.227278 -0.757533 0.611955
vn -0.296307 -0.768437 0.567192
vn -0.118704 -0.930419 0.346742
vn -0.467960 -0.231618 -0.852858
vn -0.466747 -0.169142 -0.868066
vn -0.446820 -0.430319 -0.784332
vn -0.604990 -0.427255 -0.671893
vn 0.513298 -0.465734 -0.720845
vn 0.103828 -0.453966 -0.884949
vn 0.042408 -0.175699 -0.983530
vn 0.561122 -0.160185 -0.812085
vn -0.400522 0.595966 0.695993
vn -0.279047 0.676542 0.681486
vn -0.025547 0.650257 0.759284
vn -0.141925 0.382552 0.912969
vn 0.538575 -0.217892 -0.813916
vn 0.181698 -0.249162 -0.951264
vn -0.039681 0.061555 -0.997315
vn 0.300178 0.129492 -0.945053
vn -0.304259 -0.554353 0.774673
vn -0.152916 -0.541995 0.826352
vn -0.149072 -0.336178 0.929926
vn -0.332216 -0.363209 0.870467
vn -0.241866 -0.857892 -0.453346
vn -0.414706 -0.860110 -0.297035
vn -0.701879 -0.499338 -0.507964
vn -0.417337 -0.539889 -0.730992
vn 0.497683 0.793737 0.349705
vn 0.278176 0.834043 0.476435
vn 0.286926 0.887367 0.360905
vn 0.522074 0.823250 0.222930
vn 0.088099 -0.615083 0.783525
vn 0.086211 -0.586249 0.805530
vn -0.080114 -0.612066 0.786738
vn -0.086229 -0.637185 0.765872
vn 0.166776 0.155104 -0.973719
vn 0.785713 0.110747 -0.608596
vn 0.833034 -0.008191 -0.553162
vn 0.281184 -0.038819 -0.958868
vn 0.448993 -0.364675 0.815731
vn 0.621417 -0.361237 0.695233
vn 0.709657 -0.115823 0.694962
vn 0.476158 -0.151923 0.866137
vn 0.283961 -0.336220 0.897954
vn 0.265735 -0.138307 0.954073
vn 0.070378 -0.131919 0.988759
vn 0.075983 -0.323620 0.943131
vn 0.040933 0.939396 0.340381
vn 0.108737 0.939345 0.325280
vn 0.004935 0.945588 0.325329
vn -0.060211 0.944243 0.323697
vn 0.008154 0.709104 0.705057
vn 0.348919 0.634203 0.689958
vn 0.464754 0.601786 0.649505
vn 0.073841 0.646613 0.759235
vn 0.410028 -0.908557 -0.080012
vn 0.346027 -0.921601 -0.175832
vn 0.769373 -0.488526 -0.411591
vn 0.410028 -0.908557 -0.080012
vn 0.769373 -0.488526 -0.411591
vn 0.876830 -0.400621 -0.265840
vn 0.410028 -0.908557 -0.080012
vn 0.876830 -0.400621 -0.265840
vn 0.972342 -0.220745 -0.076310
vn 0.410028 -0.908557 -0.080012
vn 0.972342 -0.220745 -0.076310
vn 0.439360 -0.897862 0.028410
vn 0.410028 -0.908557 -0.080012
vn 0.439360 -0.897862 0.028410
vn 0.112350 -0.985427 0.127714
vn 0.410028 -0.908557 -0.080012
vn 0.112350 -0.985427 0.127714
vn 0.089335 -0.994531 0.054110
vn 0.972342 -0.220745 -0.076310
vn 0.876830 -0.400621 -0.265840
vn 0.865877 0.444900 -0.228738
vn 0.972342 -0.220745 -0.076310
vn 0.865877 0.444900 -0.228738
vn 0.695027 0.717787 0.041470
vn -0.516650 0.848196 0.116773
vn -0.677819 0.576998 0.455670
vn -0.867051 0.492322 0.076430
vn -0.666420 0.731480 -0.144297
vn -0.198185 -0.958147 0.206582
vn -0.055679 -0.991104 0.120885
vn -0.031805 -0.994343 0.101343
vn -0.278222 -0.913296 0.297461
vn 0.695027 0.717787 0.041470
vn 0.865877 0.444900 -0.228738
vn 0.495791 0.867858 0.031849
vn 0.695027 0.717787 0.041470
vn 0.495791 0.867858 0.031849
vn 0.279900 0.938988 0.199893
vn 0.547864 -0.330762 -0.768402
vn 0.535678 -0.307808 -0.786323
vn 0.472220 -0.549035 -0.689615
vn 0.500541 -0.233230 -0.833704
vn 0.495791 0.867858 0.031849
vn 0.685659 0.712656 -0.148303
vn 0.411586 0.908855 0.067665
vn 0.495791 0.867858 0.031849
vn 0.306840 0.912611 0.270167
vn 0.211325 0.934917 0.285081
vn 0.495791 0.867858 0.031849
vn 0.211325 0.934917 0.285081
vn 0.279900 0.938988 0.199893
vn -0.422136 0.846484 0.324446
vn -0.723348 0.351190 0.594503
vn -0.665463 0.120101 0.736706
vn -0.501011 0.661279 0.558299
vn 0.888213 0.241851 -0.390623
vn 0.887891 -0.103723 -0.448209
vn 0.901563 0.294129 -0.317290
vn 0.888213 0.241851 -0.390623
vn 0.901563 0.294129 -0.317290
vn 0.685659 0.712656 -0.148303
vn -0.537878 -0.136588 -0.831884
vn -0.417337 -0.539889 -0.730992
vn -0.701879 -0.499338 -0.507964
vn -0.868073 -0.039904 -0.494831
vn 0.888213 0.241851 -0.390623
vn 0.769373 -0.488526 -0.411591
vn 0.701851 -0.587954 -0.402139
vn 0.888213 0.241851 -0.390623
vn 0.701851 -0.587954 -0.402139
vn 0.887891 -0.103723 -0.448209
vn -0.927031 0.249768 -0.279697
vn -0.962498 0.267559 -0.044825
vn -0.891652 0.451476 -0.033556
vn -0.862511 0.444875 -0.241168
vn 0.701851 -0.587954 -0.402139
vn 0.769373 -0.488526 -0.411591
vn 0.346027 -0.921601 -0.175832
vn 0.701851 -0.587954 -0.402139
vn 0.346027 -0.921601 -0.175832
vn 0.348102 -0.914364 -0.206793
vn 0.235803 -0.313367 -0.919890
vn 0.208618 -0.390646 -0.896590
vn 0.047702 -0.424571 -0.904137
vn 0.072035 -0.343577 -0.936358
vn 0.358790 -0.907386 -0.218909
vn 0.334974 -0.884433 -0.324917
vn 0.667579 -0.545586 -0.506630
vn 0.358790 -0.907386 -0.218909
vn 0.667579 -0.545586 -0.506630
vn 0.698549 -0.601934 -0.386918
vn -0.931920 -0.357257 -0.062389
vn -0.927411 -0.370596 -0.050670
vn -0.655634 -0.681418 -0.325291
vn -0.655588 -0.682092 -0.323968
vn -0.477809 -0.591359 -0.649609
vn -0.292417 -0.585667 -0.755967
vn -0.346328 -0.374371 -0.860176
vn -0.540158 -0.419066 -0.729804
vn -0.840095 -0.450154 -0.302658
vn -0.907089 -0.267347 -0.325139
vn -0.956315 -0.291976 -0.014563
vn -0.889998 -0.455772 -0.013232
vn -0.000551 -0.992638 -0.121118
vn 0.221769 -0.930808 -0.290542
vn 0.289151 -0.943034 -0.164554
vn 0.133801 -0.988306 -0.073128
vn -0.930635 0.307193 0.198874
vn -0.848707 0.484367 0.212330
vn -0.870704 0.384846 0.306217
vn -0.891777 0.315598 0.324240
vn -0.248501 -0.631117 0.734805
vn -0.478906 -0.524506 0.703948
vn -0.353370 -0.889367 0.290097
vn -0.136140 -0.922740 0.360578
vn 0.072035 -0.343577 -0.936358
vn 0.047702 -0.424571 -0.904137
vn -0.111484 -0.415988 -0.902510
vn -0.102432 -0.340993 -0.934469
vn -0.042945 -0.960915 0.273492
vn -0.117944 -0.694266 0.709989
vn -0.116909 -0.780363 0.614301
vn -0.028792 -0.970554 0.239158
vn -0.477847 -0.798160 -0.366883
vn -0.796519 -0.163731 -0.582022
vn -0.701879 -0.499338 -0.507964
vn -0.477847 -0.798160 -0.366883
vn -0.701879 -0.499338 -0.507964
vn -0.414706 -0.860110 -0.297035
vn -0.171946 -0.935310 0.309239
vn -0.377203 -0.782577 0.495268
vn -0.467598 -0.797117 0.382043
vn -0.241608 -0.941088 0.236597
vn -0.421475 -0.612819 -0.668440
vn -0.423609 -0.790579 -0.442199
vn -0.223001 -0.786587 -0.575805
vn -0.379789 -0.552908 -0.741656
vn 0.633866 -0.614033 0.470295
vn 0.504483 -0.225405 0.833480
vn 0.484691 -0.419224 0.767676
vn 0.579074 -0.389110 0.716426
vn 0.417635 0.099330 0.903169
vn 0.399897 0.317946 0.859647
vn 0.591583 0.305731 0.746028
vn 0.594019 0.116142 0.796023
vn 0.465265 -0.687822 -0.557162
vn 0.221769 -0.930808 -0.290542
vn 0.031979 -0.877408 -0.478678
vn 0.053987 -0.666443 -0.743599
vn -0.463130 0.878561 -0.116794
vn -0.255178 0.960964 0.106926
vn -0.370161 0.925293 -0.082550
vn -0.463130 0.878561 -0.116794
vn -0.370161 0.925293 -0.082550
vn -0.592728 0.729149 -0.342074
vn 0.514314 -0.272410 -0.813187
vn 0.389029 -0.233368 -0.891177
vn 0.488618 -0.381263 -0.784787
vn 0.465305 -0.357672 -0.809668
vn -0.466747 -0.169142 -0.868066
vn -0.469468 -0.369349 -0.801986
vn -0.538906 -0.377878 -0.752853
vn -0.440030 -0.341102 -0.830676
vn -0.827824 0.453360 0.330413
vn -0.605378 0.642728 0.469486
vn -0.630703 0.499886 0.593573
vn -0.848468 0.385263 0.362870
vn -0.498061 0.089383 0.862523
vn -0.461959 0.305186 0.832740
vn -0.684086 0.341471 0.644533
vn -0.738115 0.181091 0.649918
vn -0.718448 0.488115 0.495556
vn -0.755029 0.345721 0.557143
vn -0.602954 0.381246 0.700784
vn -0.579287 0.522987 0.625229
vn -0.271534 0.936715 0.220985
vn -0.215372 0.939791 0.265345
vn -0.186191 0.956242 0.225686
vn -0.271534 0.936715 0.220985
vn -0.186191 0.956242 0.225686
vn -0.352595 0.925218 0.140176
vn -0.271534 0.936715 0.220985
vn -0.352595 0.925218 0.140176
vn -0.370161 0.925293 -0.082550
vn -0.271534 0.936715 0.220985
vn -0.370161 0.925293 -0.082550
vn -0.255178 0.960964 0.106926
vn -0.258325 -0.960713 0.101479
vn -0.082429 -0.996556 -0.009060
vn -0.114667 -0.947908 -0.297191
vn -0.401561 -0.894351 -0.197194
vn 0.561517 0.814801 -0.144213
vn 0.182072 0.956920 -0.226170
vn 0.417728 0.727621 -0.544123
vn 0.700031 0.607929 -0.374672
vn -0.352595 0.925218 0.140176
vn -0.636872 0.756627 0.148020
vn -0.653202 0.743089 -0.145418
vn -0.352595 0.925218 0.140176
vn -0.653202 0.743089 -0.145418
vn -0.370161 0.925293 -0.082550
vn 0.132910 -0.990299 -0.040540
vn 0.133801 -0.988306 -0.073128
vn 0.289151 -0.943034 -0.164554
vn 0.234011 -0.958010 -0.165699
vn 0.178537 -0.423439 0.888158
vn 0.211097 -0.736104 0.643109
vn -0.008515 -0.914790 0.403839
vn 0.282096 -0.536517 0.795344
vn 0.053638 -0.992546 0.109427
vn 0.022179 -0.992805 0.117670
vn -0.031805 -0.994343 0.101343
vn 0.017689 -0.994552 0.102731
vn 0.082703 -0.988366 0.127647
vn 0.062791 -0.986868 0.148825
vn 0.022179 -0.992805 0.117670
vn 0.053638 -0.992546 0.109427
vn -0.000825 -0.966727 0.255807
vn 0.000038 -0.973651 0.228042
vn 0.006200 -0.986707 0.162391
vn 0.000497 -0.985606 0.169057
vn 0.144221 -0.973721 0.176262
vn 0.657443 -0.495465 0.567700
vn 0.587558 -0.075445 0.805657
vn 0.119616 -0.973377 0.195525
vn 0.816868 -0.530038 -0.227566
vn 0.792896 -0.557579 -0.245809
vn 0.533971 -0.739664 -0.409600
vn 0.551688 -0.735118 -0.394007
vn -0.701879 -0.499338 -0.507964
vn -0.796519 -0.163731 -0.582022
vn -0.819806 0.398557 -0.411181
vn -0.701879 -0.499338 -0.507964
vn -0.819806 0.398557 -0.411181
vn -0.868073 -0.039904 -0.494831
vn -0.145497 -0.577880 -0.803047
vn -0.206376 -0.755329 -0.622002
vn -0.378861 -0.642274 -0.666294
vn -0.301011 -0.489266 -0.818542
vn 0.667579 -0.545586 -0.506630
vn 0.803199 -0.160592 -0.573656
vn 0.883477 -0.160747 -0.440033
vn 0.667579 -0.545586 -0.506630
vn 0.883477 -0.160747 -0.440033
vn 0.698549 -0.601934 -0.386918
vn -0.848468 0.385263 0.362870
vn -0.863713 0.366876 0.345545
vn -0.870704 0.384846 0.306217
vn -0.827824 0.453360 0.330413
vn -0.594243 -0.779474 -0.198231
vn -0.795438 -0.581607 -0.170331
vn -0.751348 -0.543036 -0.374951
vn -0.534705 -0.753716 -0.382104
vn 0.148732 0.062240 -0.986917
vn -0.020422 0.228673 -0.973289
vn 0.146308 0.456236 -0.877748
vn 0.296026 0.218637 -0.929821
vn -0.420875 -0.906067 -0.043656
vn -0.438027 -0.898640 -0.024058
vn -0.972111 -0.201868 -0.119369
vn -0.917081 -0.329160 -0.224979
vn -0.436448 -0.279045 -0.855364
vn -0.270401 -0.366626 -0.890207
vn -0.301011 -0.489266 -0.818542
vn -0.457544 -0.361951 -0.812185
vn 0.552439 -0.032716 -0.832911
vn 0.561122 -0.160185 -0.812085
vn 0.042408 -0.175699 -0.983530
vn 0.552439 -0.032716 -0.832911
vn 0.042408 -0.175699 -0.983530
vn -0.011332 -0.055696 -0.998383
vn 0.042408 -0.175699 -0.983530
vn -0.537878 -0.136588 -0.831884
vn -0.628506 0.003311 -0.777798
vn 0.042408 -0.175699 -0.983530
vn -0.628506 0.003311 -0.777798
vn -0.011332 -0.055696 -0.998383
vn 0.713266 -0.696632 -0.077173
vn 0.792939 -0.237398 0.561151
vn 0.661991 -0.203944 0.721232
vn 0.648280 -0.737652 0.188687
vn -0.181245 0.670896 -0.719061
vn -0.287466 0.547006 -0.786223
vn 0.196292 0.415984 -0.887934
vn 0.312294 0.547986 -0.776005
vn 0.186581 0.782002 0.594693
vn 0.431677 0.334970 0.837526
vn 0.439773 0.395198 0.806485
vn 0.143524 0.763690 0.629427
vn 0.119095 0.923910 0.363602
vn 0.022252 0.999043 -0.037668
vn -0.312029 0.950022 -0.009783
vn -0.208613 0.927021 0.311630
vn 0.794522 -0.160557 -0.585625
vn 0.697747 0.039557 -0.715251
vn 0.407987 -0.136624 -0.902708
vn 0.536754 -0.348481 -0.768411
vn 0.100450 0.223879 -0.969427
vn -0.004199 0.190591 -0.981661
vn 0.787789 -0.049232 -0.613975
vn 0.793750 0.171815 -0.583473
vn 0.919481 -0.056824 -0.389006
vn 0.992905 0.036758 0.113089
vn 0.987960 0.144598 -0.055019
vn 0.919481 -0.056824 -0.389006
vn 0.987960 0.144598 -0.055019
vn 0.888108 -0.064014 -0.455156
vn -0.615317 -0.096525 -0.782348
vn -0.628506 0.003311 -0.777798
vn -0.938896 0.184727 -0.290433
vn -0.945147 0.003686 -0.326623
vn 0.277287 -0.728376 -0.626562
vn 0.596107 -0.672539 -0.438574
vn 0.571081 -0.494547 -0.655202
vn 0.355517 -0.517120 -0.778585
vn -0.413475 0.195128 0.889362
vn -0.730477 0.120725 0.672182
vn -0.813622 0.415179 0.406995
vn -0.400522 0.595966 0.695993
vn 0.439360 -0.897862 0.028410
vn 0.403849 -0.909206 0.101247
vn 0.118626 -0.976504 0.179913
vn 0.112350 -0.985427 0.127714
vn 0.695769 -0.032081 0.717549
vn -0.041382 -0.055179 0.997619
vn -0.046628 0.153903 0.986985
vn 0.695769 -0.032081 0.717549
vn -0.046628 0.153903 0.986985
vn 0.728026 0.118927 0.675155
vn 0.089335 -0.994531 0.054110
vn 0.112350 -0.985427 0.127714
vn 0.018130 -0.988887 0.147561
vn 0.000251 -0.995224 0.097615
vn 0.162388 0.944022 0.287144
vn 0.088383 0.946316 0.310926
vn 0.004935 0.945588 0.325329
vn 0.108737 0.939345 0.325280
vn 0.068737 0.995718 0.061806
vn 0.118698 0.971279 0.206222
vn 0.489754 0.863632 0.119499
vn 0.829650 0.541885 -0.134321
vn 0.119616 -0.973377 0.195525
vn 0.062791 -0.986868 0.148825
vn 0.082703 -0.988366 0.127647
vn 0.144221 -0.973721 0.176262
vn 0.080936 0.936511 0.341171
vn 0.049139 0.922944 0.381785
vn 0.197440 0.915240 0.351216
vn 0.217369 0.921303 0.322415
vn 0.092495 -0.943682 0.317663
vn 0.053636 -0.954229 0.294229
vn 0.065213 -0.970384 0.232597
vn 0.098188 -0.970078 0.222053
vn 0.835420 -0.077353 -0.544142
vn 0.828152 0.413437 -0.378464
vn 0.646520 0.687098 -0.331523
vn 0.838006 0.125015 -0.531147
vn 0.982198 0.064661 -0.176370
vn 0.727674 0.147555 -0.669864
vn 0.837640 0.190768 -0.511826
vn 0.958368 -0.268157 0.098093
vn 0.948596 -0.182202 0.258780
vn 0.911110 -0.368434 0.184756
vn 0.912161 -0.409144 0.023720
vn 0.138632 0.959561 0.244996
vn 0.131778 0.962304 0.237919
vn 0.129176 0.962167 0.239892
vn 0.128101 0.962714 0.238268
vn 0.152545 -0.976433 -0.152668
vn 0.135345 -0.975764 -0.171948
vn 0.136589 -0.976487 -0.166785
vn 0.155926 -0.973640 -0.166472
vn 0.727674 0.147555 -0.669864
vn 0.174861 0.186670 -0.966736
vn 0.285382 0.234928 -0.929175
vn -0.355252 0.929632 0.097878
vn -0.542283 0.834905 0.094140
vn -0.418604 0.846442 0.329100
vn -0.239809 0.942141 0.234226
vn 0.263127 -0.823524 -0.502566
vn 0.334974 -0.884433 -0.324917
vn -0.023505 -0.988309 -0.150641
vn -0.096640 -0.965994 -0.239825
vn 0.644534 0.124413 -0.754385
vn 0.681355 0.043759 -0.730644
vn 0.526034 -0.099546 -0.844618
vn 0.487679 -0.017771 -0.872842
vn -0.071660 -0.962816 -0.260480
vn -0.083668 -0.905050 0.416994
vn 0.130319 -0.899995 0.415963
vn 0.135424 -0.947394 -0.290008
vn 0.262831 -0.537230 0.801439
vn 0.385184 -0.556851 0.735901
vn 0.448993 -0.364675 0.815731
vn 0.283961 -0.336220 0.897954
vn -0.923180 -0.381319 -0.048329
vn -0.815859 0.315934 0.484314
vn -0.877738 0.261619 0.401413
vn -0.931920 -0.357257 -0.062389
vn 0.001065 -0.998719 0.050591
vn -0.152029 -0.977970 0.143047
vn -0.030335 -0.981346 0.189842
vn 0.014584 -0.989829 0.141511
vn 0.809954 -0.540258 0.228247
vn 0.305029 -0.946057 0.109242
vn 0.241635 -0.938031 0.248417
vn 0.809954 -0.540258 0.228247
vn 0.241635 -0.938031 0.248417
vn 0.709498 -0.518154 0.477628
vn -0.932432 0.299051 0.202828
vn -0.636872 0.756627 0.148020
vn -0.294067 0.892087 0.343084
vn -0.551359 0.607048 0.572272
vn 0.781940 0.109385 0.613681
vn 0.594019 0.116142 0.796023
vn 0.591583 0.305731 0.746028
vn 0.776520 0.287984 0.560431
vn 0.685882 0.513258 -0.515880
vn 0.512625 0.716561 -0.473028
vn 0.721578 0.439884 -0.534627
vn 0.750438 0.430268 -0.501710
vn -0.895965 -0.320430 0.307526
vn -0.924560 -0.309824 0.221807
vn -0.895249 -0.247160 0.370731
vn -0.857775 -0.088182 0.506405
vn -0.253045 0.070523 0.964881
vn -0.141925 0.382552 0.912969
vn -0.079469 0.134644 0.987702
vn -0.135286 -0.097069 0.986040
vn 0.054873 0.629114 0.775374
vn 0.149570 0.835687 0.528447
vn 0.007938 0.889598 0.456675
vn -0.031417 0.767329 0.640483
vn 0.478448 -0.849840 0.221042
vn 0.705566 -0.630501 0.323489
vn 0.618065 -0.598949 0.509172
vn 0.478448 -0.849840 0.221042
vn 0.618065 -0.598949 0.509172
vn 0.422917 -0.821016 0.383503
vn 0.504236 -0.481769 0.716690
vn 0.743014 -0.570144 0.350522
vn 0.500454 -0.721253 0.478895
vn 0.392485 -0.569764 0.722028
vn -0.162413 0.709560 0.685673
vn 0.010733 0.739707 0.672843
vn -0.025547 0.650257 0.759284
vn -0.279047 0.676542 0.681486
vn -0.696011 -0.380722 0.608784
vn -0.637446 -0.762085 0.113532
vn -0.353370 -0.889367 0.290097
vn -0.478906 -0.524506 0.703948
vn 0.070782 -0.975616 0.207757
vn 0.079089 -0.981776 0.172803
vn 0.047260 -0.988146 0.146064
vn 0.032511 -0.984420 0.172804
vn -0.033110 0.357658 0.933266
vn 0.027663 0.260688 0.965027
vn 0.099594 0.556419 0.824911
vn 0.054873 0.629114 0.775374
vn 0.867245 -0.337016 0.366478
vn 0.905805 -0.088625 0.414322
vn 0.853494 -0.059589 0.517685
vn 0.867245 -0.337016 0.366478
vn 0.853494 -0.059589 0.517685
vn 0.759675 -0.340228 0.554202
vn 0.006269 0.977923 0.208873
vn 0.259243 0.959880 0.106882
vn 0.321772 0.898105 -0.299784
vn 0.101361 0.959365 -0.263334
vn 0.080210 -0.986236 -0.144585
vn 0.097244 -0.983923 -0.149798
vn 0.114582 -0.977508 -0.177056
vn 0.099706 -0.977905 -0.183738
vn -0.270656 0.088679 -0.958583
vn -0.445944 -0.171289 -0.878518
vn -0.382674 -0.398279 -0.833627
vn -0.342352 -0.358268 -0.868584
vn 0.853494 -0.059589 0.517685
vn 0.709657 -0.115823 0.694962
vn 0.621417 -0.361237 0.695233
vn 0.853494 -0.059589 0.517685
vn 0.621417 -0.361237 0.695233
vn 0.759675 -0.340228 0.554202
vn 0.853494 -0.059589 0.517685
vn 0.905805 -0.088625 0.414322
vn 0.885041 0.150156 0.440632
vn 0.853494 -0.059589 0.517685
vn 0.885041 0.150156 0.440632
vn 0.861776 0.188125 0.471117
vn 0.888108 -0.064014 -0.455156
vn 0.843114 0.017842 -0.537438
vn 0.552439 -0.032716 -0.832911
vn 0.552237 -0.116628 -0.825489
vn 0.000745 0.738855 0.673865
vn -0.029347 0.749207 0.661686
vn -0.012293 0.788409 0.615028
vn -0.003367 0.766536 0.642193
vn 0.724201 0.689347 0.018259
vn 0.841635 0.467172 -0.270926
vn 0.834573 0.522286 -0.175229
vn 0.705102 0.696484 0.133198
vn -0.811878 0.358287 -0.460961
vn -0.775359 0.350629 -0.525241
vn -0.799749 0.256044 -0.542994
vn -0.823135 0.264292 -0.502591
vn 0.448993 -0.364675 0.815731
vn 0.385184 -0.556851 0.735901
vn 0.499904 -0.575799 0.646956
vn 0.448993 -0.364675 0.815731
vn 0.499904 -0.575799 0.646956
vn 0.621417 -0.361237 0.695233
vn -0.473176 0.004885 0.880954
vn -0.464764 0.203408 0.861754
vn -0.610923 0.178707 0.771257
vn -0.597205 -0.036387 0.801262
vn -0.232229 -0.640334 0.732149
vn -0.460271 -0.542477 0.702758
vn -0.432267 0.591735 0.680438
vn -0.315157 0.500305 0.806456
vn 0.268516 -0.760108 0.591722
vn 0.196485 -0.755612 0.624855
vn 0.087893 -0.926505 0.365874
vn 0.268516 -0.760108 0.591722
vn 0.087893 -0.926505 0.365874
vn 0.105720 -0.927136 0.359501
vn 0.445916 -0.118473 -0.887200
vn 0.281184 -0.038819 -0.958868
vn 0.833034 -0.008191 -0.553162
vn 0.913259 -0.017170 -0.407017
vn -0.177402 0.971670 -0.156161
vn -0.300567 0.869588 -0.391759
vn -0.442017 0.855523 -0.269632
vn -0.281603 0.955717 -0.085471
vn -0.876094 -0.460391 -0.143175
vn -0.844689 -0.143452 0.515677
vn -0.786920 -0.487732 0.377989
vn -0.800665 -0.437456 -0.409350
vn -0.710029 0.178128 0.681271
vn -0.869416 -0.462268 0.174424
vn -0.731275 -0.535546 0.422407
vn -0.565473 0.069757 0.821811
vn 0.334324 -0.650333 0.682125
vn 0.365590 -0.527054 0.767176
vn 0.514337 -0.465372 0.720338
vn 0.462071 -0.612755 0.641110
vn 0.865701 0.489341 0.105388
vn 0.790940 0.493456 0.361822
vn 0.862835 0.362999 0.351779
vn 0.920601 0.361504 0.147678
vn -0.152029 -0.977970 0.143047
vn -0.146203 -0.989028 0.021158
vn -0.591254 -0.760989 0.267049
vn -0.152029 -0.977970 0.143047
vn -0.591254 -0.760989 0.267049
vn -0.008454 -0.816112 0.577831
vn -0.611393 0.003437 -0.791320
vn -0.673773 -0.410567 -0.614381
vn -0.898404 -0.419891 -0.128693
vn -0.977241 -0.078419 -0.197108
vn -0.146203 -0.989028 0.021158
vn -0.107848 -0.991697 -0.070039
vn -0.757096 -0.646012 -0.097338
vn -0.146203 -0.989028 0.021158
vn -0.757096 -0.646012 -0.097338
vn -0.591254 -0.760989 0.267049
vn -0.757096 -0.646012 -0.097338
vn -0.107848 -0.991697 -0.070039
vn -0.197435 -0.939509 -0.279896
vn -0.757096 -0.646012 -0.097338
vn -0.197435 -0.939509 -0.279896
vn -0.837857 -0.140252 -0.527566
vn -0.757096 -0.646012 -0.097338
vn -0.837857 -0.140252 -0.527566
vn -0.876746 0.137862 -0.460771
vn -0.757096 -0.646012 -0.097338
vn -0.876746 0.137862 -0.460771
vn -0.989935 -0.114201 0.083582
vn -0.940242 0.087883 -0.328970
vn -0.980342 0.015921 0.196664
vn -0.945549 -0.036710 0.323403
vn -0.986579 0.092547 -0.134527
vn 0.425972 -0.588179 0.687454
vn 0.317412 -0.610996 0.725213
vn 0.325445 -0.659314 0.677784
vn 0.435143 -0.648182 0.624909
vn -0.113560 -0.983273 0.142402
vn -0.221919 -0.974531 0.032276
vn -0.246791 -0.968497 -0.033296
vn -0.097218 -0.992384 0.075647
vn 0.001065 -0.998719 0.050591
vn -0.000117 -0.998602 0.052860
vn 0.000168 -0.999852 0.017223
vn 0.001065 -0.998719 0.050591
vn 0.000168 -0.999852 0.017223
vn 0.006381 -0.999861 0.015431
vn -0.128904 0.989855 0.059754
vn -0.009530 0.989710 0.142768
vn 0.072593 0.996104 0.050066
vn -0.042665 0.998870 -0.020948
vn -0.000117 -0.998602 0.052860
vn -0.005179 -0.998811 0.048477
vn -0.015818 -0.999772 0.014331
vn -0.000117 -0.998602 0.052860
vn -0.015818 -0.999772 0.014331
vn 0.000168 -0.999852 0.017223
vn -0.049113 -0.998684 0.014798
vn -0.000638 -0.999302 0.037343
vn -0.076367 -0.996968 -0.014905
vn -0.077592 -0.995343 -0.057192
vn -0.005179 -0.998811 0.048477
vn 0.365700 -0.895003 0.255409
vn 0.357896 -0.933685 0.011935
vn -0.005179 -0.998811 0.048477
vn 0.357896 -0.933685 0.011935
vn -0.015818 -0.999772 0.014331
vn -0.111484 -0.415988 -0.902510
vn -0.145497 -0.577880 -0.803047
vn -0.301011 -0.489266 -0.818542
vn -0.270401 -0.366626 -0.890207
vn 0.098828 -0.530380 0.841980
vn -0.112714 -0.507097 0.854487
vn -0.121489 -0.240950 0.962904
vn 0.106523 -0.275410 0.955407
vn 0.016186 -0.931038 0.364563
vn 0.046048 -0.764715 0.642721
vn -0.127097 -0.758200 0.639515
vn 0.016186 -0.931038 0.364563
vn -0.127097 -0.758200 0.639515
vn -0.069921 -0.927868 0.366296
vn -0.257066 -0.306677 -0.916442
vn -0.102432 -0.340993 -0.934469
vn -0.111484 -0.415988 -0.902510
vn -0.270401 -0.366626 -0.890207
vn 0.016186 -0.931038 0.364563
vn 0.087893 -0.926505 0.365874
vn 0.196485 -0.755612 0.624855
vn 0.016186 -0.931038 0.364563
vn 0.196485 -0.755612 0.624855
vn 0.046048 -0.764715 0.642721
vn -0.004279 -0.137946 -0.990431
vn 0.552237 -0.116628 -0.825489
vn 0.552439 -0.032716 -0.832911
vn -0.011332 -0.055696 -0.998383
vn -0.023468 0.745851 0.665700
vn -0.035826 0.750791 0.659568
vn -0.021126 0.753939 0.656604
vn -0.034987 0.736978 0.675011
vn -0.561481 0.778262 -0.281154
vn -0.561080 0.513170 -0.649496
vn -0.705817 0.417483 -0.572303
vn -0.719456 0.669756 -0.183873
vn -0.232638 -0.968504 -0.088762
vn -0.202883 -0.972129 -0.117485
vn -0.048578 -0.998711 -0.014716
vn -0.068878 -0.997401 0.021122
vn -0.911098 0.191746 0.364875
vn -0.837552 -0.002824 0.546350
vn -0.516045 0.444704 0.732077
vn -0.600858 0.568444 0.561998
vn 0.360698 0.296303 0.884365
vn -0.301337 0.310167 0.901661
vn -0.269008 0.634521 0.724581
vn 0.268254 0.618183 0.738844
vn 0.086553 0.713582 -0.695204
vn 0.066486 0.533839 -0.842968
vn -0.248838 0.530608 -0.810268
vn -0.184040 0.710296 -0.679418
vn 0.088381 0.217571 0.972035
vn 0.260145 0.257932 0.930481
vn 0.277289 0.065842 0.958528
vn 0.098348 0.022928 0.994888
vn 0.321013 0.922050 0.216274
vn 0.129880 0.903887 0.407577
vn 0.202485 0.848601 0.488750
vn 0.389241 0.845696 0.365088
vn 0.022086 -0.993891 0.108131
vn -0.004857 -0.993319 0.115301
vn -0.002166 -0.990353 0.138549
vn 0.025818 -0.993998 0.106309
vn -0.004993 0.711803 0.702362
vn 0.007424 0.727440 0.686131
vn 0.138886 0.713873 0.686364
vn 0.229099 0.667741 0.708262
vn 0.308142 -0.831938 -0.461441
vn 0.298622 -0.842817 -0.447755
vn 0.121440 -0.896115 -0.426885
vn 0.124633 -0.888613 -0.441399
vn 0.238952 0.049899 0.969748
vn 0.235476 0.239497 0.941909
vn 0.069549 0.211328 0.974938
vn 0.238952 0.049899 0.969748
vn 0.069549 0.211328 0.974938
vn 0.064083 0.035661 0.997307
vn 0.238952 0.049899 0.969748
vn 0.265735 -0.138307 0.954073
vn 0.476158 -0.151923 0.866137
vn 0.238952 0.049899 0.969748
vn 0.476158 -0.151923 0.866137
vn 0.459437 0.081276 0.884484
vn 0.084775 -0.996395 -0.003234
vn 0.057502 -0.998130 -0.020747
vn 0.016829 -0.999857 -0.001356
vn 0.056281 -0.998081 0.025828
vn 0.709498 -0.518154 0.477628
vn 0.725460 -0.313231 0.612858
vn 0.938911 -0.131027 0.318241
vn 0.809954 -0.540258 0.228247
vn -0.121489 -0.240950 0.962904
vn -0.297200 -0.209338 0.931584
vn -0.290567 0.084588 0.953108
vn -0.118330 0.041080 0.992124
vn -0.551359 0.607048 0.572272
vn 0.018729 0.715790 0.698065
vn 0.004931 0.396380 0.918073
vn -0.715246 0.250817 0.652314
vn -0.448903 0.786560 -0.424039
vn 0.046282 0.840249 -0.540221
vn 0.179773 0.974668 -0.133053
vn -0.187522 0.975359 -0.116235
vn 0.655773 -0.635638 0.407341
vn 0.722911 -0.559006 0.406094
vn 0.768068 -0.605922 0.207197
vn 0.701395 -0.680397 0.212380
vn -0.164999 0.965652 0.200729
vn -0.182156 0.962692 0.200109
vn -0.185381 0.962130 0.199851
vn -0.172028 0.964803 0.198903
vn 0.522460 0.851028 -0.052787
vn 0.898223 0.331013 -0.289181
vn 0.646520 0.687098 -0.331523
vn 0.386256 0.917240 -0.097353
vn 0.169769 0.809542 0.561979
vn -0.084373 0.768608 0.634131
vn 0.056089 -0.483892 0.873329
vn 0.241828 -0.398887 0.884538
vn 0.478448 -0.849840 0.221042
vn 0.422917 -0.821016 0.383503
vn 0.193273 -0.953112 0.232860
vn 0.256139 -0.959111 0.120410
vn 0.873915 0.302698 0.380323
vn 0.885041 0.150156 0.440632
vn 0.722529 -0.274613 0.634461
vn 0.873915 0.302698 0.380323
vn 0.722529 -0.274613 0.634461
vn 0.776141 0.296160 0.556682
vn -0.007571 0.742598 0.669695
vn -0.049580 0.730379 0.681240
vn -0.023119 0.738581 0.673769
vn -0.025260 0.734434 0.678210
vn 0.873915 0.302698 0.380323
vn 0.871980 0.366538 0.324502
vn 0.862778 0.368155 0.346519
vn 0.392785 0.414424 0.820959
vn 0.399897 0.317946 0.859647
vn 0.260145 0.257932 0.930481
vn 0.392785 0.414424 0.820959
vn 0.260145 0.257932 0.930481
vn 0.244882 0.349201 0.904484
vn 0.392785 0.414424 0.820959
vn 0.244882 0.349201 0.904484
vn 0.237363 0.352640 0.905154
vn 0.392785 0.414424 0.820959
vn 0.237363 0.352640 0.905154
vn 0.402665 0.407025 0.819873
vn 0.392785 0.414424 0.820959
vn 0.596794 0.405272 0.692525
vn 0.591583 0.305731 0.746028
vn 0.392785 0.414424 0.820959
vn 0.591583 0.305731 0.746028
vn 0.399897 0.317946 0.859647
vn 0.727674 0.147555 -0.669864
vn 0.285382 0.234928 -0.929175
vn 0.415462 0.173265 -0.892956
vn 0.837640 0.190768 -0.511826
vn -0.182706 0.943524 -0.276372
vn -0.734937 0.570979 -0.365856
vn -0.508423 -0.313975 -0.801826
vn -0.811019 0.394144 -0.432317
vn 0.089813 -0.977543 -0.190637
vn 0.106862 -0.973280 -0.203240
vn 0.121463 -0.972220 -0.200087
vn 0.143805 -0.968771 -0.201996
vn 0.228499 0.923648 0.307671
vn 0.211799 0.931739 0.294962
vn 0.300569 0.943637 0.138588
vn 0.246371 0.933972 0.258841
vn -0.666420 0.731480 -0.144297
vn -0.890830 0.411757 -0.192037
vn -0.864693 0.331454 -0.377417
vn -0.805641 0.466105 -0.365635
vn 0.070268 0.971745 0.225330
vn 0.084042 0.968571 0.234109
vn 0.145584 0.962991 0.226833
vn 0.138935 0.963352 0.229458
vn 0.874804 -0.238641 0.421625
vn 0.929145 -0.301536 0.213928
vn 0.845080 -0.493362 0.205996
vn 0.053636 -0.954229 0.294229
vn 0.231109 -0.413074 0.880885
vn 0.033782 -0.562696 0.825973
vn 0.086975 -0.954252 0.286074
vn 0.589217 0.438978 -0.678322
vn 0.759942 0.417298 -0.498348
vn 0.716458 0.482878 -0.503505
vn 0.549625 0.444345 -0.707439
vn 0.110427 -0.107501 -0.988053
vn -0.026634 -0.154600 -0.987618
vn -0.173677 -0.113162 -0.978279
vn -0.018362 -0.048135 -0.998672
vn 0.000038 -0.973651 0.228042
vn -0.000825 -0.966727 0.255807
vn -0.081803 -0.695998 0.713369
vn -0.037176 -0.810262 0.584888
vn 0.004538 0.996236 -0.086564
vn 0.137086 0.968484 -0.207955
vn -0.001795 0.993222 -0.116220
vn -0.010847 0.999026 -0.042775
vn 0.866014 -0.420157 -0.271086
vn 0.751673 -0.611131 -0.248006
vn 0.661527 -0.593537 -0.458362
vn 0.749487 -0.409997 -0.519780
vn 0.992877 0.115285 -0.030092
vn 0.922256 0.144116 -0.358712
vn 0.935556 -0.069163 -0.346340
vn 0.992877 0.115285 -0.030092
vn 0.935556 -0.069163 -0.346340
vn 0.994827 -0.099679 -0.019588
vn 0.992877 0.115285 -0.030092
vn 0.965705 0.158099 0.205957
vn 0.913770 0.349205 0.207556
vn 0.992877 0.115285 -0.030092
vn 0.913770 0.349205 0.207556
vn 0.960615 0.274869 -0.040804
vn 0.992877 0.115285 -0.030092
vn 0.960615 0.274869 -0.040804
vn 0.894972 0.275204 -0.351125
vn 0.992877 0.115285 -0.030092
vn 0.894972 0.275204 -0.351125
vn 0.922256 0.144116 -0.358712
vn -0.464764 0.203408 0.861754
vn -0.473176 0.004885 0.880954
vn -0.455980 -0.083372 0.886076
vn -0.637754 0.198702 0.744169
vn 0.935556 -0.069163 -0.346340
vn 0.889970 -0.333608 -0.310900
vn 0.948230 -0.317140 -0.016793
vn 0.935556 -0.069163 -0.346340
vn 0.948230 -0.317140 -0.016793
vn 0.994827 -0.099679 -0.019588
vn -0.101875 0.551048 0.828231
vn 0.034044 0.700036 0.713296
vn -0.020560 0.720950 0.692682
vn -0.174050 0.568886 0.803788
vn 0.795448 0.143425 -0.588805
vn 0.601663 0.377709 -0.703802
vn 0.637119 0.083387 -0.766241
vn -0.466747 -0.169142 -0.868066
vn -0.467960 -0.231618 -0.852858
vn -0.382674 -0.398279 -0.833627
vn -0.469468 -0.369349 -0.801986
vn 0.795448 0.143425 -0.588805
vn 0.922256 0.144116 -0.358712
vn 0.894972 0.275204 -0.351125
vn 0.795448 0.143425 -0.588805
vn 0.894972 0.275204 -0.351125
vn 0.768561 0.320281 -0.553836
vn 0.795448 0.143425 -0.588805
vn 0.768561 0.320281 -0.553836
vn 0.526276 0.604551 -0.597956
vn 0.795448 0.143425 -0.588805
vn 0.526276 0.604551 -0.597956
vn 0.601663 0.377709 -0.703802
vn 0.768561 0.320281 -0.553836
vn 0.894972 0.275204 -0.351125
vn 0.851368 0.379559 -0.362087
vn 0.768561 0.320281 -0.553836
vn 0.851368 0.379559 -0.362087
vn 0.721578 0.439884 -0.534627
vn 0.768561 0.320281 -0.553836
vn 0.721578 0.439884 -0.534627
vn 0.512625 0.716561 -0.473028
vn 0.768561 0.320281 -0.553836
vn 0.512625 0.716561 -0.473028
vn 0.526276 0.604551 -0.597956
vn -0.117887 0.966547 0.227792
vn -0.242890 0.944445 0.221422
vn -0.140377 0.840453 0.523385
vn 0.005114 0.900801 0.434202
vn -0.736675 -0.080856 0.671396
vn -0.638415 -0.288051 0.713759
vn -0.945549 -0.036710 0.323403
vn -0.980342 0.015921 0.196664
vn -0.477847 -0.798160 -0.366883
vn -0.414706 -0.860110 -0.297035
vn -0.249543 -0.957288 -0.146042
vn -0.240233 -0.951916 -0.190115
vn -0.988504 0.006152 0.151071
vn -0.990055 -0.024743 0.138489
vn -0.904333 0.128484 -0.407031
vn -0.922912 0.049298 -0.381842
vn -0.304259 -0.554353 0.774673
vn -0.332216 -0.363209 0.870467
vn -0.507043 -0.372818 0.777119
vn -0.429957 -0.569037 0.700952
vn 0.701395 -0.680397 0.212380
vn 0.726027 -0.687655 0.003901
vn 0.723956 -0.689818 0.006277
vn 0.708613 -0.662798 0.242006
vn 0.811462 0.307420 -0.497013
vn 0.790455 0.299745 -0.534166
vn 0.750438 0.430268 -0.501710
vn 0.805983 0.394562 -0.441263
vn 0.805983 0.394562 -0.441263
vn 0.804720 0.426894 -0.412539
vn 0.808058 0.335549 -0.484199
vn 0.811462 0.307420 -0.497013
vn 0.007105 -0.994654 0.103017
vn -0.016451 -0.994713 0.101372
vn -0.043906 -0.994855 0.091306
vn -0.029484 -0.995700 0.087820
vn -0.336046 0.672106 0.659808
vn -0.226941 0.706871 0.669949
vn -0.023119 0.738581 0.673769
vn -0.049580 0.730379 0.681240
vn 0.728309 0.654613 -0.202603
vn 0.724201 0.689347 0.018259
vn 0.522074 0.823250 0.222930
vn 0.728309 0.654613 -0.202603
vn 0.522074 0.823250 0.222930
vn 0.534706 0.844765 -0.021502
vn -0.417337 -0.539889 -0.730992
vn -0.537878 -0.136588 -0.831884
vn 0.042408 -0.175699 -0.983530
vn 0.103828 -0.453966 -0.884949
vn 0.571081 -0.494547 -0.655202
vn 0.596107 -0.672539 -0.438574
vn 0.902822 -0.382133 -0.197198
vn 0.863493 -0.300191 -0.405295
vn 0.534706 0.844765 -0.021502
vn 0.284327 0.944218 0.166163
vn 0.281482 0.957916 -0.056252
vn 0.534706 0.844765 -0.021502
vn 0.281482 0.957916 -0.056252
vn 0.517027 0.812959 -0.267917
vn -0.192785 -0.911800 -0.362568
vn -0.250096 -0.621372 -0.742529
vn -0.223001 -0.786587 -0.575805
vn -0.114667 -0.947908 -0.297191
vn 0.015914 -0.992642 0.120033
vn -0.014465 -0.995379 0.094927
vn -0.009929 -0.994574 0.103556
vn 0.009346 -0.990518 0.137065
vn -0.052528 0.820972 0.568546
vn -0.066016 0.842744 0.534252
vn 0.097113 0.844189 0.527175
vn 0.100628 0.823711 0.558009
vn -0.097218 -0.992384 0.075647
vn -0.024066 -0.990892 0.132492
vn -0.044518 -0.979628 0.195822
vn -0.113560 -0.983273 0.142402
vn 0.552439 -0.032716 -0.832911
vn 0.843114 0.017842 -0.537438
vn 0.803199 -0.160592 -0.573656
vn 0.561122 -0.160185 -0.812085
vn 0.097113 0.844189 0.527175
vn 0.278176 0.834043 0.476435
vn 0.252623 0.821610 0.511018
vn 0.097113 0.844189 0.527175
vn 0.252623 0.821610 0.511018
vn 0.100628 0.823711 0.558009
vn -0.700149 -0.682106 0.211003
vn -0.754801 -0.605651 0.251919
vn -0.762028 -0.647151 -0.022566
vn -0.711614 -0.702387 -0.016089
vn 0.015158 0.875410 0.483144
vn -0.061916 0.862445 0.502349
vn -0.120280 0.913757 0.388048
vn -0.020143 0.923344 0.383445
vn 0.252623 0.821610 0.511018
vn 0.452239 0.799141 0.396048
vn 0.389241 0.845696 0.365088
vn 0.252623 0.821610 0.511018
vn 0.389241 0.845696 0.365088
vn 0.202485 0.848601 0.488750
vn -0.558167 -0.743636 -0.368042
vn -0.453562 -0.754707 -0.474025
vn -0.146054 -0.964445 -0.220260
vn -0.172626 -0.970200 -0.170038
vn 0.018644 -0.986675 0.161630
vn 0.083955 -0.985195 0.149473
vn 0.076341 -0.987304 0.139296
vn 0.031982 -0.988925 0.144932
vn 0.202485 0.848601 0.488750
vn 0.129880 0.903887 0.407577
vn -0.032640 0.870126 0.491748
vn 0.202485 0.848601 0.488750
vn -0.032640 0.870126 0.491748
vn 0.074230 0.843104 0.532603
vn 0.473204 0.729392 0.494030
vn 0.569123 0.571117 0.591544
vn 0.690686 0.529998 0.491990
vn 0.572689 0.720019 0.391918
vn -0.389825 0.830271 -0.398355
vn -0.340912 0.816830 -0.465369
vn -0.245272 0.467556 -0.849254
vn -0.298848 0.461111 -0.835504
vn -0.765068 0.011135 -0.643854
vn -0.848123 -0.055376 -0.526897
vn -0.300065 -0.136949 -0.944037
vn -0.174059 -0.055318 -0.983180
vn -0.714561 -0.299562 -0.632191
vn -0.495738 -0.333806 -0.801759
vn -0.477786 -0.524305 -0.704858
vn -0.641962 -0.517747 -0.565529
vn -0.195149 0.913814 0.356175
vn -0.395027 0.914181 0.090705
vn -0.558909 0.808259 0.185305
vn -0.195149 0.913814 0.356175
vn -0.558909 0.808259 0.185305
vn -0.333913 0.843908 0.419907
vn 0.551889 -0.195953 -0.810568
vn 0.543558 -0.162925 -0.823407
vn 0.682537 -0.030760 -0.730204
vn 0.688237 -0.057990 -0.723164
vn 0.653344 -0.611640 0.446136
vn 0.708613 -0.662798 0.242006
vn 0.782180 -0.560460 0.272176
vn 0.717466 -0.500997 0.483989
vn -0.155553 0.893142 0.422020
vn -0.093083 0.956082 0.277925
vn 0.092825 0.952059 0.291492
vn 0.139940 0.887059 0.439936
vn -0.800381 0.582654 -0.141082
vn -0.835284 0.523005 -0.169605
vn -0.698390 0.700748 0.145615
vn -0.800381 0.582654 -0.141082
vn -0.698390 0.700748 0.145615
vn -0.635457 0.742569 0.211626
vn 0.792896 -0.557579 -0.245809
vn 0.816868 -0.530038 -0.227566
vn 0.977708 -0.203596 0.051332
vn 0.982893 -0.155724 0.098347
vn 0.037822 -0.991268 0.126318
vn 0.104298 -0.984615 0.140200
vn 0.055366 -0.988173 0.143000
vn -0.015783 -0.989845 0.141275
vn 0.749487 -0.409997 -0.519780
vn 0.604242 -0.394415 -0.692336
vn 0.664326 -0.170776 -0.727672
vn 0.839746 -0.164542 -0.517448
vn -0.239885 0.922556 0.302235
vn -0.244413 0.918476 0.310907
vn -0.242477 0.929297 0.278590
vn -0.204780 0.938427 0.278244
vn -0.056491 -0.997289 0.047154
vn -0.027792 -0.996909 0.073483
vn -0.039069 -0.996328 0.076185
vn -0.048915 -0.997439 0.052173
vn -0.514045 -0.103837 -0.851455
vn -0.556361 -0.152901 -0.816752
vn -0.700051 -0.009914 -0.714024
vn -0.679450 0.043715 -0.732419
vn -0.003787 0.999840 -0.017464
vn -0.040672 0.957052 0.287049
vn -0.027829 0.962281 0.270630
vn 0.130196 0.990230 -0.049929
vn -0.700051 -0.009914 -0.714024
vn -0.556361 -0.152901 -0.816752
vn -0.591920 -0.161783 -0.789593
vn -0.700051 -0.009914 -0.714024
vn -0.591920 -0.161783 -0.789593
vn -0.714535 -0.026622 -0.699093
vn 0.782854 -0.558883 -0.273477
vn 0.875769 -0.440774 -0.196841
vn 0.280925 -0.959471 -0.022265
vn 0.252654 -0.965705 -0.059836
vn -0.591920 -0.161783 -0.789593
vn -0.556361 -0.152901 -0.816752
vn -0.405560 -0.246487 -0.880208
vn -0.591920 -0.161783 -0.789593
vn -0.405560 -0.246487 -0.880208
vn -0.436448 -0.279045 -0.855364
vn 0.003578 0.940350 0.340191
vn 0.012692 0.885233 0.464975
vn 0.183348 0.888441 0.420780
vn 0.105119 0.948385 0.299192
vn -0.405560 -0.246487 -0.880208
vn -0.556361 -0.152901 -0.816752
vn -0.514045 -0.103837 -0.851455
vn -0.405560 -0.246487 -0.880208
vn -0.514045 -0.103837 -0.851455
vn -0.359945 -0.191817 -0.913042
vn -0.405560 -0.246487 -0.880208
vn -0.359945 -0.191817 -0.913042
vn -0.217614 -0.241721 -0.945630
vn -0.405560 -0.246487 -0.880208
vn -0.217614 -0.241721 -0.945630
vn -0.257066 -0.306677 -0.916442
vn -0.405560 -0.246487 -0.880208
vn -0.257066 -0.306677 -0.916442
vn -0.270401 -0.366626 -0.890207
vn -0.405560 -0.246487 -0.880208
vn -0.270401 -0.366626 -0.890207
vn -0.436448 -0.279045 -0.855364
vn -0.223401 -0.951478 -0.211616
vn -0.573501 -0.668658 -0.473279
vn -0.477847 -0.798160 -0.366883
vn -0.240233 -0.951916 -0.190115
vn 0.032536 0.960100 0.277758
vn 0.013073 0.987466 -0.157290
vn -0.195188 0.960143 -0.200067
vn -0.002067 0.971713 0.236155
vn 0.938911 -0.131027 0.318241
vn 0.725460 -0.313231 0.612858
vn 0.695960 -0.223298 0.682479
vn 0.961854 -0.051996 0.268576
vn 0.653245 0.582997 0.483099
vn 0.765911 0.316665 0.559556
vn 0.004931 0.396380 0.918073
vn 0.018729 0.715790 0.698065
vn -0.035826 0.750791 0.659568
vn -0.025260 0.734434 0.678210
vn -0.023119 0.738581 0.673769
vn -0.021126 0.753939 0.656604
vn -0.833070 -0.146233 0.533489
vn -0.937354 -0.189883 0.292082
vn -0.863068 -0.423831 0.274739
vn -0.775071 -0.362764 0.517365
vn -0.595194 -0.602987 0.531180
vn -0.579772 -0.623124 0.524959
vn -0.445843 -0.625200 0.640584
vn -0.495930 -0.554568 0.668212
vn 0.262502 0.890679 0.371191
vn 0.427055 0.843344 0.326182
vn 0.551801 0.819408 0.155197
vn 0.272152 0.925368 0.263868
vn -0.001308 0.256106 0.966648
vn 0.092705 0.313049 0.945202
vn -0.001564 0.285016 0.958521
vn 0.015553 0.208409 0.977918
vn -0.522052 0.069138 -0.850107
vn -0.922912 0.049298 -0.381842
vn -0.904333 0.128484 -0.407031
vn -0.461252 0.198816 -0.864708
vn 0.341862 -0.106613 -0.933683
vn 0.256662 -0.034508 -0.965885
vn 0.413476 0.065837 -0.908132
vn 0.341862 -0.106613 -0.933683
vn 0.413476 0.065837 -0.908132
vn 0.487679 -0.017771 -0.872842
vn 0.868393 0.462184 -0.179668
vn 0.821484 0.570201 -0.005951
vn 0.861777 0.505326 -0.044565
vn 0.847126 0.500560 -0.178372
vn 0.526034 -0.099546 -0.844618
vn 0.543558 -0.162925 -0.823407
vn 0.394804 -0.252848 -0.883288
vn 0.526034 -0.099546 -0.844618
vn 0.394804 -0.252848 -0.883288
vn 0.385180 -0.182243 -0.904668
vn 0.238952 0.049899 0.969748
vn 0.064083 0.035661 0.997307
vn 0.070378 -0.131919 0.988759
vn 0.265735 -0.138307 0.954073
vn 0.526034 -0.099546 -0.844618
vn 0.681355 0.043759 -0.730644
vn 0.682537 -0.030760 -0.730204
vn 0.526034 -0.099546 -0.844618
vn 0.682537 -0.030760 -0.730204
vn 0.543558 -0.162925 -0.823407
vn 0.348102 -0.914364 -0.206793
vn 0.346027 -0.921601 -0.175832
vn 0.082994 -0.996529 -0.006412
vn 0.089683 -0.995169 -0.039935
vn 0.682537 -0.030760 -0.730204
vn 0.681355 0.043759 -0.730644
vn 0.817754 0.269835 -0.508397
vn 0.682537 -0.030760 -0.730204
vn 0.817754 0.269835 -0.508397
vn 0.811305 0.190315 -0.552779
vn 0.682537 -0.030760 -0.730204
vn 0.811305 0.190315 -0.552779
vn 0.793648 0.137239 -0.592696
vn 0.682537 -0.030760 -0.730204
vn 0.793648 0.137239 -0.592696
vn 0.688237 -0.057990 -0.723164
vn -0.254610 -0.150526 -0.955257
vn -0.501447 -0.128775 -0.855551
vn -0.523657 0.119517 -0.843504
vn -0.243149 0.070250 -0.967442
vn -0.820968 0.208781 -0.531434
vn -0.806382 0.168249 -0.566957
vn -0.817573 0.423378 -0.390289
vn -0.839549 0.474209 -0.265108
vn -0.012293 0.788409 0.615028
vn -0.009723 0.772940 0.634404
vn -0.026069 0.764995 0.643508
vn -0.003367 0.766536 0.642193
vn 0.025818 -0.993998 0.106309
vn 0.051444 -0.995964 0.073545
vn 0.052639 -0.995188 0.082648
vn 0.022086 -0.993891 0.108131
vn -0.636449 0.092749 -0.765722
vn -0.679450 0.043715 -0.732419
vn -0.820535 0.276120 -0.500480
vn -0.792082 0.335829 -0.509731
vn 0.604242 -0.394415 -0.692336
vn 0.749487 -0.409997 -0.519780
vn 0.661527 -0.593537 -0.458362
vn 0.550355 -0.577573 -0.602925
vn 0.133527 -0.979293 0.152170
vn 0.350604 -0.876573 0.329692
vn 0.324502 -0.917709 0.229147
vn 0.104298 -0.984615 0.140200
vn -0.876175 -0.040604 -0.480279
vn -0.868451 -0.150484 -0.472385
vn -0.558167 -0.743636 -0.368042
vn -0.614123 -0.705207 -0.354311
vn 0.324502 -0.917709 0.229147
vn 0.229248 -0.955858 0.183794
vn 0.055366 -0.988173 0.143000
vn 0.104298 -0.984615 0.140200
vn -0.310303 -0.164541 0.936290
vn -0.332216 -0.363209 0.870467
vn -0.149072 -0.336178 0.929926
vn -0.124270 -0.142791 0.981920
vn 0.690302 -0.652621 0.312360
vn 0.248379 -0.968060 -0.034181
vn 0.157688 -0.984951 0.070758
vn 0.615814 -0.443782 0.651023
vn 0.411688 -0.844469 -0.342615
vn 0.724105 -0.479917 -0.495329
vn 0.837175 -0.546934 0.000917
vn 0.527212 -0.841618 0.117158
vn 0.082994 -0.996529 -0.006412
vn -0.000082 -0.998504 0.054672
vn -0.012214 -0.999605 0.025294
vn 0.089683 -0.995169 -0.039935
vn -0.055679 -0.991104 0.120885
vn -0.198185 -0.958147 0.206582
vn -0.124865 -0.958377 0.256754
vn -0.048713 -0.984313 0.169573
vn 0.912826 0.232143 0.335944
vn 0.839286 0.292828 0.458095
vn 0.977708 -0.203596 0.051332
vn 0.974728 -0.222820 0.016036
vn -0.009398 0.883724 -0.467915
vn 0.071497 0.563976 -0.822690
vn -0.245272 0.467556 -0.849254
vn -0.340912 0.816830 -0.465369
vn 0.031982 -0.988925 0.144932
vn -0.022032 -0.993428 0.112314
vn -0.034030 -0.987525 0.153743
vn 0.018644 -0.986675 0.161630
vn 0.280925 -0.959471 -0.022265
vn 0.281518 -0.959326 0.021016
vn 0.021435 -0.995796 0.089056
vn 0.023378 -0.997637 0.064613
vn -0.233733 -0.969787 -0.069873
vn -0.192785 -0.911800 -0.362568
vn -0.114667 -0.947908 -0.297191
vn -0.082429 -0.996556 -0.009060
vn 0.382506 0.643257 0.663256
vn 0.569123 0.571117 0.591544
vn 0.473204 0.729392 0.494030
vn 0.302873 0.758322 0.577249
vn -0.304259 -0.554353 0.774673
vn -0.227278 -0.757533 0.611955
vn -0.127097 -0.758200 0.639515
vn -0.152916 -0.541995 0.826352
vn 0.217471 0.928278 0.301673
vn 0.206628 0.930636 0.302028
vn 0.316565 0.853376 0.414169
vn 0.243937 0.875146 0.417868
vn 0.146308 0.456236 -0.877748
vn -0.020422 0.228673 -0.973289
vn -0.214694 0.427725 -0.878042
vn 0.146308 0.456236 -0.877748
vn -0.214694 0.427725 -0.878042
vn -0.034630 0.693350 -0.719768
vn -0.020422 0.228673 -0.973289
vn 0.148732 0.062240 -0.986917
vn -0.018362 -0.048135 -0.998672
vn -0.020422 0.228673 -0.973289
vn -0.018362 -0.048135 -0.998672
vn -0.202669 0.074564 -0.976404
vn 0.179773 0.974668 -0.133053
vn 0.384838 0.918446 -0.091418
vn 0.251523 0.930921 0.264805
vn 0.181009 0.950307 0.253283
vn -0.815882 -0.578090 -0.012202
vn -0.759950 -0.590336 -0.271990
vn -0.840095 -0.450154 -0.302658
vn -0.889998 -0.455772 -0.013232
vn -0.024066 -0.990892 0.132492
vn 0.000596 -0.988479 0.151357
vn -0.032497 -0.978315 0.204558
vn -0.044518 -0.979628 0.195822
vn -0.910069 -0.105492 -0.400807
vn -0.922394 -0.068531 -0.380122
vn -0.928844 -0.239603 -0.282557
vn -0.946488 -0.221611 -0.234626
vn 0.264282 0.478624 -0.837302
vn -0.025081 0.456691 -0.889272
vn 0.035818 0.835354 -0.548544
vn 0.286618 0.790699 -0.540966
vn 0.244840 -0.235178 -0.940609
vn 0.235803 -0.313367 -0.919890
vn 0.072035 -0.343577 -0.936358
vn 0.244840 -0.235178 -0.940609
vn 0.072035 -0.343577 -0.936358
vn 0.110096 -0.264311 -0.958133
vn -0.030442 -0.182039 -0.982820
vn -0.289399 -0.124297 -0.949104
vn -0.001127 0.239773 -0.970828
vn 0.153550 0.213035 -0.964903
vn 0.146331 0.563341 0.813163
vn 0.000499 0.538661 0.842523
vn -0.000066 0.518351 0.855168
vn 0.130112 0.541647 0.830475
vn -0.144414 0.556246 -0.818374
vn 0.090964 0.652465 -0.752340
vn 0.026944 0.974537 -0.222602
vn -0.213677 0.930872 -0.296345
vn -0.543069 0.155711 -0.825124
vn -0.636449 0.092749 -0.765722
vn -0.792082 0.335829 -0.509731
vn -0.543069 0.155711 -0.825124
vn -0.792082 0.335829 -0.509731
vn -0.705817 0.417483 -0.572303
vn -0.377203 -0.782577 0.495268
vn -0.296307 -0.768437 0.567192
vn -0.429957 -0.569037 0.700952
vn -0.558679 -0.562415 0.609563
vn 0.141138 -0.971078 0.192584
vn 0.312520 -0.851256 0.421539
vn 0.350604 -0.876573 0.329692
vn 0.133527 -0.979293 0.152170
vn -0.632511 -0.599396 -0.490565
vn -0.707356 -0.447614 -0.547073
vn -0.840095 -0.450154 -0.302658
vn -0.759950 -0.590336 -0.271990
vn 0.139940 0.887059 0.439936
vn 0.268254 0.618183 0.738844
vn -0.269008 0.634521 0.724581
vn -0.155553 0.893142 0.422020
vn -0.610923 0.178707 0.771257
vn -0.752220 0.137837 0.644334
vn -0.724734 -0.099221 0.681848
vn -0.597205 -0.036387 0.801262
vn -0.406742 0.804156 0.433467
vn -0.333913 0.843908 0.419907
vn -0.558909 0.808259 0.185305
vn -0.635457 0.742569 0.211626
vn 0.489606 -0.840589 -0.231724
vn 0.422885 -0.819608 -0.386536
vn 0.691143 -0.588281 -0.419818
vn 0.739263 -0.631574 -0.233679
vn -0.164999 0.965652 0.200729
vn -0.137856 0.970204 0.199248
vn -0.142479 0.968589 0.203803
vn -0.162243 0.965635 0.203045
vn 0.402316 0.843312 -0.356323
vn 0.580221 0.617065 -0.531578
vn 0.460517 0.426675 -0.778378
vn 0.293368 0.692120 -0.659474
vn 0.687568 -0.053481 0.724148
vn 0.231335 -0.945604 0.228729
vn 0.328956 -0.855626 0.399615
vn 0.621106 0.208532 0.755475
vn 0.601663 0.377709 -0.703802
vn 0.526276 0.604551 -0.597956
vn 0.314973 0.831506 -0.457591
vn 0.601663 0.377709 -0.703802
vn 0.314973 0.831506 -0.457591
vn 0.357993 0.634668 -0.684863
vn 0.889970 -0.333608 -0.310900
vn 0.779844 -0.283896 -0.557894
vn 0.717440 -0.485521 -0.499549
vn 0.889970 -0.333608 -0.310900
vn 0.803210 -0.533144 -0.265728
vn 0.859204 -0.511566 -0.008305
vn 0.889970 -0.333608 -0.310900
vn 0.859204 -0.511566 -0.008305
vn 0.948230 -0.317140 -0.016793
vn 0.859204 -0.511566 -0.008305
vn 0.803210 -0.533144 -0.265728
vn 0.726657 -0.645377 -0.235498
vn 0.859204 -0.511566 -0.008305
vn 0.726657 -0.645377 -0.235498
vn 0.776231 -0.630448 0.000015
vn -0.027792 -0.996909 0.073483
vn -0.056491 -0.997289 0.047154
vn -0.012214 -0.999605 0.025294
vn -0.000082 -0.998504 0.054672
vn -0.927031 0.249768 -0.279697
vn -0.782434 0.237324 -0.575739
vn -0.773121 -0.045484 -0.632626
vn -0.941011 0.000559 -0.338375
vn 0.768068 -0.605922 0.207197
vn 0.776231 -0.630448 0.000015
vn 0.726027 -0.687655 0.003901
vn 0.768068 -0.605922 0.207197
vn 0.726027 -0.687655 0.003901
vn 0.701395 -0.680397 0.212380
vn -0.896697 -0.110759 0.428564
vn -0.226138 -0.974065 -0.007683
vn -0.245341 -0.928807 0.277714
vn -0.678211 0.144258 0.720569
vn 0.768068 -0.605922 0.207197
vn 0.722911 -0.559006 0.406094
vn 0.797364 -0.434385 0.418951
vn 0.722911 -0.559006 0.406094
vn 0.655773 -0.635638 0.407341
vn 0.584092 -0.603895 0.542354
vn 0.722911 -0.559006 0.406094
vn 0.584092 -0.603895 0.542354
vn 0.619256 -0.557252 0.553166
vn -0.023468 0.745851 0.665700
vn 0.017593 0.731630 0.681475
vn 0.054521 0.720480 0.691329
vn -0.017990 0.732563 0.680462
vn 0.716289 0.526906 0.457493
vn 0.950923 0.204445 0.232268
vn 0.789401 0.560847 0.249595
vn 0.690686 0.529998 0.491990
vn 0.619256 -0.557252 0.553166
vn 0.462071 -0.612755 0.641110
vn 0.514337 -0.465372 0.720338
vn 0.619256 -0.557252 0.553166
vn 0.514337 -0.465372 0.720338
vn 0.683034 -0.413595 0.602000
vn 0.347889 0.904361 0.247194
vn 0.778404 0.624791 0.061025
vn 0.852619 0.515826 -0.083457
vn 0.413654 0.896766 0.157169
vn -0.894466 -0.188840 0.405303
vn -0.923805 -0.015089 0.382565
vn -0.797517 0.178600 0.576254
vn -0.788032 0.034209 0.614684
vn 0.461386 -0.042978 0.886158
vn 0.371727 -0.160247 0.914407
vn 0.445645 -0.293070 0.845878
vn 0.475320 -0.232809 0.848452
vn 0.408029 -0.239563 0.880978
vn 0.365590 -0.527054 0.767176
vn 0.260495 -0.546490 0.795922
vn 0.408029 -0.239563 0.880978
vn 0.260495 -0.546490 0.795922
vn 0.283129 -0.263414 0.922199
vn 0.408029 -0.239563 0.880978
vn 0.283129 -0.263414 0.922199
vn 0.277289 0.065842 0.958528
vn 0.408029 -0.239563 0.880978
vn 0.277289 0.065842 0.958528
vn 0.417635 0.099330 0.903169
vn -0.415302 0.374164 0.829171
vn -0.419852 0.441302 0.793081
vn -0.257748 0.371776 0.891823
vn -0.271290 0.307167 0.912168
vn -0.673045 -0.694577 -0.254115
vn -0.700094 -0.653606 -0.287518
vn -0.581290 -0.652105 -0.486684
vn -0.566602 -0.689664 -0.450917
vn -0.700149 -0.682106 0.211003
vn -0.711614 -0.702387 -0.016089
vn -0.743902 -0.668106 -0.015662
vn -0.711472 -0.674175 0.198233
vn 0.277289 0.065842 0.958528
vn 0.260145 0.257932 0.930481
vn 0.399897 0.317946 0.859647
vn 0.277289 0.065842 0.958528
vn 0.399897 0.317946 0.859647
vn 0.417635 0.099330 0.903169
vn 0.088381 0.217571 0.972035
vn 0.098348 0.022928 0.994888
vn -0.118330 0.041080 0.992124
vn 0.088381 0.217571 0.972035
vn -0.118330 0.041080 0.992124
vn -0.112856 0.216796 0.969672
vn 0.088381 0.217571 0.972035
vn -0.112856 0.216796 0.969672
vn -0.105080 0.299870 0.948175
vn 0.088381 0.217571 0.972035
vn -0.105080 0.299870 0.948175
vn 0.078690 0.307887 0.948163
vn -0.315157 0.500305 0.806456
vn -0.432267 0.591735 0.680438
vn -0.208544 0.917491 0.338704
vn -0.205892 0.924192 0.321680
vn 0.834830 0.139931 -0.532427
vn 0.846877 -0.094274 -0.523366
vn 0.788508 -0.132856 -0.600504
vn 0.809636 0.110741 -0.576391
vn -0.581290 -0.652105 -0.486684
vn -0.641962 -0.517747 -0.565529
vn -0.477786 -0.524305 -0.704858
vn -0.442752 -0.642770 -0.625154
vn 0.073781 0.312657 0.946996
vn -0.104941 0.311249 0.944517
vn -0.101322 0.209338 0.972580
vn 0.073781 0.312657 0.946996
vn -0.101322 0.209338 0.972580
vn 0.069549 0.211328 0.974938
vn -0.241608 -0.941088 0.236597
vn -0.467598 -0.797117 0.382043
vn -0.542756 -0.807308 0.231666
vn -0.310377 -0.939649 0.143966
vn -0.401608 -0.757022 -0.515392
vn -0.442767 -0.780238 -0.441798
vn -0.329632 -0.825331 -0.458445
vn -0.289421 -0.777307 -0.558596
vn -0.713338 0.700811 0.003620
vn -0.503400 0.836110 0.217964
vn -0.466517 0.803308 0.370214
vn -0.698390 0.700748 0.145615
vn -0.101322 0.209338 0.972580
vn -0.103918 0.033258 0.994030
vn 0.064083 0.035661 0.997307
vn -0.101322 0.209338 0.972580
vn 0.064083 0.035661 0.997307
vn 0.069549 0.211328 0.974938
vn 0.889970 -0.333608 -0.310900
vn 0.717440 -0.485521 -0.499549
vn 0.654288 -0.614762 -0.440426
vn 0.803210 -0.533144 -0.265728
vn 0.867245 -0.337016 0.366478
vn 0.759675 -0.340228 0.554202
vn 0.618065 -0.598949 0.509172
vn 0.705566 -0.630501 0.323489
vn 0.316245 0.311548 -0.896062
vn 0.196292 0.415984 -0.887934
vn 0.047114 0.142672 -0.988648
vn 0.108110 -0.031745 -0.993632
vn -0.751348 -0.543036 -0.374951
vn -0.838578 -0.346958 -0.420009
vn -0.729448 -0.366047 -0.577854
vn -0.619311 -0.554283 -0.556079
vn -0.240233 -0.951916 -0.190115
vn -0.147169 -0.985540 -0.083978
vn -0.077592 -0.995343 -0.057192
vn -0.223401 -0.951478 -0.211616
vn 0.839746 -0.164542 -0.517448
vn 0.950087 -0.153273 -0.271740
vn 0.866014 -0.420157 -0.271086
vn 0.749487 -0.409997 -0.519780
vn -0.507043 -0.372818 0.777119
vn -0.687593 -0.321230 0.651174
vn -0.558679 -0.562415 0.609563
vn -0.507043 -0.372818 0.777119
vn -0.558679 -0.562415 0.609563
vn -0.429957 -0.569037 0.700952
vn -0.051579 0.738333 0.672461
vn 0.010092 0.741527 0.670847
vn 0.008231 0.752448 0.658600
vn -0.038916 0.754183 0.655510
vn 0.114257 0.469296 0.875618
vn -0.004323 0.432056 0.901836
vn -0.002443 0.363398 0.931631
vn 0.110404 0.398617 0.910448
vn 0.096877 -0.976735 -0.191319
vn -0.020059 -0.982338 -0.186036
vn -0.019669 -0.983086 -0.182087
vn 0.114140 -0.975615 -0.187478
vn -0.786628 -0.442794 -0.430290
vn -0.946488 -0.221611 -0.234626
vn -0.957099 -0.271158 -0.102151
vn -0.839722 -0.497454 -0.217733
vn 0.446607 0.297945 0.843665
vn 0.481825 0.235946 0.843904
vn 0.483437 0.387414 0.784983
vn 0.337342 0.360228 0.869733
vn 0.415786 -0.866094 -0.277496
vn 0.333800 -0.939890 -0.072000
vn 0.114949 -0.905475 -0.408535
vn 0.200258 -0.822540 -0.532283
vn -0.115811 0.715299 0.689156
vn 0.110201 0.834191 0.540353
vn 0.118847 0.864814 0.487824
vn -0.181722 0.806225 0.563008
vn 0.561122 -0.160185 -0.812085
vn 0.803199 -0.160592 -0.573656
vn 0.667579 -0.545586 -0.506630
vn 0.513298 -0.465734 -0.720845
vn -0.023763 0.689648 -0.723755
vn -0.303368 0.649234 -0.697469
vn -0.195188 0.960143 -0.200067
vn 0.013073 0.987466 -0.157290
vn 0.053987 -0.666443 -0.743599
vn 0.027547 -0.370018 -0.928616
vn 0.607933 -0.320263 -0.726532
vn 0.465265 -0.687822 -0.557162
vn -0.117944 -0.694266 0.709989
vn -0.042945 -0.960915 0.273492
vn -0.124865 -0.958377 0.256754
vn -0.342323 -0.588800 0.732209
vn -0.058571 -0.985267 0.160678
vn 0.000497 -0.985606 0.169057
vn -0.001938 -0.992816 0.119636
vn -0.047926 -0.992106 0.115887
vn 0.839286 0.292828 0.458095
vn 0.912826 0.232143 0.335944
vn 0.464754 0.601786 0.649505
vn 0.348919 0.634203 0.689958
vn 0.785713 0.110747 -0.608596
vn 0.999169 0.016781 -0.037155
vn 0.999810 0.018327 -0.006643
vn 0.833034 -0.008191 -0.553162
vn -0.922912 0.049298 -0.381842
vn -0.522052 0.069138 -0.850107
vn -0.573450 -0.091574 -0.814107
vn -0.939664 -0.034877 -0.340318
vn -0.827381 0.277572 -0.488257
vn -0.764549 0.232644 -0.601117
vn -0.699574 0.397841 -0.593564
vn -0.795100 0.389838 -0.464589
vn 0.794522 -0.160557 -0.585625
vn 0.536754 -0.348481 -0.768411
vn 0.571081 -0.494547 -0.655202
vn 0.863493 -0.300191 -0.405295
vn -0.009398 0.883724 -0.467915
vn 0.022252 0.999043 -0.037668
vn 0.414165 0.908822 0.050103
vn 0.568281 0.794164 -0.215317
vn -0.137001 -0.422717 0.895846
vn -0.638415 -0.288051 0.713759
vn -0.736675 -0.080856 0.671396
vn -0.206851 -0.168362 0.963777
vn 0.999407 -0.033689 0.007131
vn 0.999169 0.016781 -0.037155
vn 0.785713 0.110747 -0.608596
vn 0.999407 -0.033689 0.007131
vn 0.785713 0.110747 -0.608596
vn 0.793750 0.171815 -0.583473
vn 0.499573 -0.127502 0.856837
vn 0.233082 -0.073257 0.969694
vn 0.280553 -0.685336 0.672015
vn 0.533101 -0.722741 0.439827
vn 0.137856 -0.959989 0.243758
vn 0.079089 -0.981776 0.172803
vn 0.070782 -0.975616 0.207757
vn 0.086975 -0.954252 0.286074
vn -0.026069 0.764995 0.643508
vn 0.007752 0.747935 0.663727
vn -0.007571 0.742598 0.669695
vn -0.038916 0.754183 0.655510
vn 0.040760 -0.979477 -0.197392
vn 0.090743 -0.977806 -0.188842
vn 0.121463 -0.972220 -0.200087
vn 0.106862 -0.973280 -0.203240
vn -0.004199 0.190591 -0.981661
vn 0.100450 0.223879 -0.969427
vn -0.652781 0.218166 -0.725452
vn -0.004199 0.190591 -0.981661
vn -0.652781 0.218166 -0.725452
vn -0.735257 0.332041 -0.590886
vn -0.004199 0.190591 -0.981661
vn -0.735257 0.332041 -0.590886
vn -0.718013 -0.584223 -0.378340
vn -0.004199 0.190591 -0.981661
vn -0.718013 -0.584223 -0.378340
vn -0.066335 0.098526 -0.992921
vn -0.735257 0.332041 -0.590886
vn -0.652781 0.218166 -0.725452
vn -0.986579 0.092547 -0.134527
vn -0.735257 0.332041 -0.590886
vn -0.986579 0.092547 -0.134527
vn -0.965796 -0.257589 0.029761
vn -0.735257 0.332041 -0.590886
vn -0.965796 -0.257589 0.029761
vn -0.504163 -0.861957 0.053374
vn -0.735257 0.332041 -0.590886
vn -0.504163 -0.861957 0.053374
vn -0.718013 -0.584223 -0.378340
vn -0.504163 -0.861957 0.053374
vn -0.239578 -0.970821 0.010474
vn -0.280541 -0.947781 -0.151680
vn -0.504163 -0.861957 0.053374
vn -0.280541 -0.947781 -0.151680
vn -0.718013 -0.584223 -0.378340
vn 0.716289 0.526906 0.457493
vn 0.557271 0.589036 0.585223
vn 0.492105 0.687711 0.533747
vn 0.309256 0.939875 0.144900
vn 0.282419 0.411881 0.866368
vn 0.499573 -0.127502 0.856837
vn 0.661991 -0.203944 0.721232
vn 0.352396 0.398686 0.846680
vn -0.193601 -0.977637 0.082130
vn -0.310377 -0.939649 0.143966
vn -0.369735 -0.928222 0.041224
vn -0.193601 -0.977637 0.082130
vn -0.369735 -0.928222 0.041224
vn -0.239578 -0.970821 0.010474
vn 0.122261 0.221305 -0.967510
vn -0.094404 0.339748 -0.935767
vn -0.185126 -0.102563 -0.977348
vn 0.001201 -0.209424 -0.977824
vn 0.104785 -0.994336 0.017790
vn 0.132910 -0.990299 -0.040540
vn 0.056025 -0.998429 -0.000826
vn 0.073500 -0.996566 0.038124
vn 0.148732 0.062240 -0.986917
vn 0.256662 -0.034508 -0.965885
vn 0.110427 -0.107501 -0.988053
vn -0.018362 -0.048135 -0.998672
vn -0.369735 -0.928222 0.041224
vn -0.383924 -0.921508 -0.058532
vn -0.280541 -0.947781 -0.151680
vn -0.369735 -0.928222 0.041224
vn -0.280541 -0.947781 -0.151680
vn -0.239578 -0.970821 0.010474
vn -0.369735 -0.928222 0.041224
vn -0.310377 -0.939649 0.143966
vn -0.542756 -0.807308 0.231666
vn -0.369735 -0.928222 0.041224
vn -0.542756 -0.807308 0.231666
vn -0.586892 -0.806037 0.076558
vn -0.542756 -0.807308 0.231666
vn -0.774654 -0.548616 0.314533
vn -0.806978 -0.571671 0.148256
vn -0.542756 -0.807308 0.231666
vn -0.806978 -0.571671 0.148256
vn -0.586892 -0.806037 0.076558
vn -0.198377 0.654638 0.729449
vn -0.710029 0.178128 0.681271
vn -0.565473 0.069757 0.821811
vn -0.198926 0.580072 0.789902
vn -0.454421 -0.065638 -0.888366
vn -0.291274 -0.145486 -0.945512
vn -0.359945 -0.191817 -0.913042
vn -0.514045 -0.103837 -0.851455
vn -0.839722 -0.497454 -0.217733
vn -0.957099 -0.271158 -0.102151
vn -0.958769 -0.284147 0.004666
vn -0.853224 -0.520399 -0.034544
vn -0.344902 0.933318 0.099804
vn -0.128511 0.972703 0.193218
vn -0.123945 0.973877 0.190267
vn -0.115267 0.982986 0.143008
vn 0.286618 0.790699 -0.540966
vn 0.130196 0.990230 -0.049929
vn 0.306630 0.950550 -0.049324
vn 0.450643 0.751086 -0.482484
vn -0.282759 0.893782 0.348139
vn -0.291377 0.950382 0.108962
vn -0.073973 0.968209 0.238955
vn -0.075191 0.906245 0.416013
vn -0.895249 -0.247160 0.370731
vn -0.924560 -0.309824 0.221807
vn -0.806978 -0.571671 0.148256
vn -0.895249 -0.247160 0.370731
vn -0.806978 -0.571671 0.148256
vn -0.774654 -0.548616 0.314533
vn -0.112714 -0.507097 0.854487
vn -0.100548 -0.627973 0.771712
vn -0.247392 -0.633828 0.732843
vn -0.274493 -0.484405 0.830666
vn -0.876423 0.028915 0.480673
vn -0.864146 0.225470 0.449906
vn -0.809043 0.148700 0.568627
vn -0.876423 0.028915 0.480673
vn -0.809043 0.148700 0.568627
vn -0.857775 -0.088182 0.506405
vn 0.501387 0.469767 -0.726588
vn 0.754864 -0.268347 -0.598474
vn 0.448141 -0.301706 -0.841512
vn 0.275909 0.231166 -0.932972
vn -0.876423 0.028915 0.480673
vn -0.743804 -0.072469 0.664457
vn -0.738115 0.181091 0.649918
vn -0.876423 0.028915 0.480673
vn -0.738115 0.181091 0.649918
vn -0.864146 0.225470 0.449906
vn -0.423390 -0.905496 -0.028610
vn -0.341099 -0.932954 0.115106
vn -0.929442 -0.012183 0.368766
vn -0.998444 0.048995 -0.026640
vn -0.864146 0.225470 0.449906
vn -0.738115 0.181091 0.649918
vn -0.684086 0.341471 0.644533
vn -0.864146 0.225470 0.449906
vn -0.684086 0.341471 0.644533
vn -0.827538 0.313664 0.465614
vn -0.731256 -0.035148 0.681197
vn -0.041382 -0.055179 0.997619
vn 0.053348 -0.302464 0.951667
vn -0.677720 -0.206611 0.705697
vn -0.594243 -0.779474 -0.198231
vn -0.605006 -0.794932 -0.045285
vn -0.809054 -0.587689 -0.007337
vn -0.795438 -0.581607 -0.170331
vn -0.684086 0.341471 0.644533
vn -0.461959 0.305186 0.832740
vn -0.432074 0.410737 0.802874
vn -0.684086 0.341471 0.644533
vn -0.432074 0.410737 0.802874
vn -0.642028 0.412782 0.646073
vn -0.768207 0.624342 -0.141612
vn -0.376586 0.923305 0.075433
vn -0.463130 0.878561 -0.116794
vn -0.813254 0.426202 -0.396194
vn -0.636780 0.767706 -0.071679
vn -0.733046 0.637181 -0.237999
vn -0.892904 0.120232 -0.433898
vn -0.885748 0.280125 -0.370108
vn -0.432074 0.410737 0.802874
vn -0.249760 0.358248 0.899599
vn -0.257748 0.371776 0.891823
vn -0.432074 0.410737 0.802874
vn -0.257748 0.371776 0.891823
vn -0.419852 0.441302 0.793081
vn 0.614161 -0.761388 -0.207594
vn 0.484646 -0.680766 -0.549250
vn 0.553347 -0.607146 -0.570246
vn 0.731241 -0.607668 -0.309880
vn -0.257748 0.371776 0.891823
vn -0.249760 0.358248 0.899599
vn -0.104941 0.311249 0.944517
vn -0.257748 0.371776 0.891823
vn -0.104941 0.311249 0.944517
vn -0.105080 0.299870 0.948175
vn -0.257748 0.371776 0.891823
vn -0.105080 0.299870 0.948175
vn -0.112856 0.216796 0.969672
vn -0.257748 0.371776 0.891823
vn -0.112856 0.216796 0.969672
vn -0.271290 0.307167 0.912168
vn -0.415302 0.374164 0.829171
vn -0.427441 0.216035 0.877851
vn -0.606853 0.234767 0.759350
vn -0.415302 0.374164 0.829171
vn -0.606853 0.234767 0.759350
vn -0.600411 0.351570 0.718265
vn -0.415302 0.374164 0.829171
vn -0.600411 0.351570 0.718265
vn -0.615257 0.413483 0.671186
vn -0.415302 0.374164 0.829171
vn -0.615257 0.413483 0.671186
vn -0.419852 0.441302 0.793081
vn 0.207344 0.956968 0.203029
vn 0.105119 0.948385 0.299192
vn 0.183348 0.888441 0.420780
vn 0.312441 0.889425 0.333622
vn -0.379789 -0.552908 -0.741656
vn -0.429394 -0.434124 -0.791933
vn -0.414324 -0.456820 -0.787179
vn -0.421475 -0.612819 -0.668440
vn -0.290567 0.084588 0.953108
vn -0.433849 -0.060701 0.898938
vn -0.427441 0.216035 0.877851
vn -0.290567 0.084588 0.953108
vn -0.271290 0.307167 0.912168
vn -0.112856 0.216796 0.969672
vn -0.290567 0.084588 0.953108
vn -0.112856 0.216796 0.969672
vn -0.118330 0.041080 0.992124
vn -0.806978 -0.571671 0.148256
vn -0.924560 -0.309824 0.221807
vn -0.929740 -0.364234 0.054012
vn -0.809054 -0.587689 -0.007337
vn 0.765071 0.393337 0.509855
vn 0.631020 0.404563 0.661923
vn 0.643340 0.225242 0.731696
vn 0.776573 0.194784 0.599160
vn -0.121489 -0.240950 0.962904
vn -0.118330 0.041080 0.992124
vn 0.098348 0.022928 0.994888
vn -0.121489 -0.240950 0.962904
vn 0.098348 0.022928 0.994888
vn 0.106523 -0.275410 0.955407
vn 0.872330 0.398142 0.283765
vn 0.871980 0.366538 0.324502
vn 0.776440 0.425473 0.464879
vn 0.765531 0.521515 0.376808
vn -0.156479 0.977839 -0.139090
vn -0.395027 0.914181 0.090705
vn -0.195149 0.913814 0.356175
vn -0.001018 0.983110 0.183015
vn 0.000499 0.538661 0.842523
vn 0.146331 0.563341 0.813163
vn 0.160308 0.240047 0.957433
vn 0.007811 0.257297 0.966301
vn 0.081386 0.879520 -0.468850
vn 0.039657 0.978631 -0.201763
vn 0.185620 0.973268 -0.135260
vn 0.284719 0.875886 -0.389562
vn -0.009530 0.989710 0.142768
vn 0.080205 0.972608 0.218178
vn 0.160977 0.980429 0.113339
vn 0.072593 0.996104 0.050066
vn 0.241160 -0.649539 0.721069
vn 0.260495 -0.546490 0.795922
vn 0.365590 -0.527054 0.767176
vn 0.241160 -0.649539 0.721069
vn 0.365590 -0.527054 0.767176
vn 0.334324 -0.650333 0.682125
vn 0.241160 -0.649539 0.721069
vn 0.334324 -0.650333 0.682125
vn 0.325445 -0.659314 0.677784
vn 0.241160 -0.649539 0.721069
vn 0.325445 -0.659314 0.677784
vn 0.232895 -0.655426 0.718454
vn 0.162388 0.944022 0.287144
vn 0.108737 0.939345 0.325280
vn 0.165417 0.934187 0.316118
vn 0.206628 0.930636 0.302028
vn -0.894466 -0.188840 0.405303
vn -0.760513 -0.182728 0.623081
vn -0.689976 -0.422802 0.587512
vn -0.809066 -0.430745 0.399840
vn 0.021027 -0.994774 0.099909
vn -0.019575 -0.995724 0.090283
vn -0.001938 -0.992816 0.119636
vn 0.019051 -0.991911 0.125495
vn 0.014584 -0.989829 0.141511
vn 0.087893 -0.926505 0.365874
vn 0.016186 -0.931038 0.364563
vn 0.001700 -0.989988 0.141144
vn 0.224073 -0.617234 0.754197
vn 0.088099 -0.615083 0.783525
vn 0.089283 -0.644913 0.759023
vn 0.224073 -0.617234 0.754197
vn 0.089283 -0.644913 0.759023
vn 0.232895 -0.655426 0.718454
vn -0.977674 0.119964 0.172518
vn -0.715246 0.250817 0.652314
vn -0.740170 0.091518 0.666163
vn -0.986587 0.020890 0.161891
vn 0.290285 -0.569499 0.769029
vn 0.367141 -0.772612 0.517955
vn 0.284864 -0.830117 0.479331
vn 0.290285 -0.569499 0.769029
vn 0.284864 -0.830117 0.479331
vn 0.207756 -0.570326 0.794711
vn 0.290285 -0.569499 0.769029
vn 0.317412 -0.610996 0.725213
vn 0.425972 -0.588179 0.687454
vn 0.290285 -0.569499 0.769029
vn 0.425972 -0.588179 0.687454
vn 0.392485 -0.569764 0.722028
vn 0.290285 -0.569499 0.769029
vn 0.392485 -0.569764 0.722028
vn 0.500454 -0.721253 0.478895
vn 0.290285 -0.569499 0.769029
vn 0.500454 -0.721253 0.478895
vn 0.367141 -0.772612 0.517955
vn 0.446203 0.854990 -0.264376
vn 0.533592 0.703793 -0.468992
vn 0.341444 0.709394 -0.616584
vn 0.284719 0.875886 -0.389562
vn 0.548448 0.206344 0.810325
vn 0.575722 -0.049105 0.816170
vn 0.496681 -0.000519 0.867933
vn 0.394726 0.000819 0.918798
vn 0.402316 0.843312 -0.356323
vn 0.506216 0.861333 -0.043022
vn 0.652890 0.711255 -0.260480
vn 0.580221 0.617065 -0.531578
vn 0.070378 -0.131919 0.988759
vn -0.124270 -0.142791 0.981920
vn -0.149072 -0.336178 0.929926
vn 0.075983 -0.323620 0.943131
vn 0.841635 0.467172 -0.270926
vn 0.724201 0.689347 0.018259
vn 0.728309 0.654613 -0.202603
vn 0.822428 0.400800 -0.403698
vn 0.157688 -0.984951 0.070758
vn 0.248379 -0.968060 -0.034181
vn 0.277772 -0.958678 -0.061468
vn 0.129461 -0.991274 0.024810
vn -0.566602 -0.689664 -0.450917
vn -0.434260 -0.679850 -0.590950
vn -0.443221 -0.661094 -0.605401
vn -0.581531 -0.674692 -0.454546
vn -0.806337 0.258828 -0.531816
vn -0.967317 0.162634 -0.194544
vn -0.818746 0.542586 -0.187764
vn -0.661910 0.556305 -0.502393
vn -0.277071 0.905869 0.320365
vn -0.277675 0.938385 0.205744
vn -0.423872 0.902826 0.072371
vn -0.408481 0.879619 0.243751
vn -0.125144 0.981770 0.143061
vn -0.115267 0.982986 0.143008
vn -0.123945 0.973877 0.190267
vn -0.132027 0.973583 0.186293
vn 0.965705 0.158099 0.205957
vn 0.906514 0.226303 0.356398
vn 0.883764 0.348720 0.312017
vn 0.913770 0.349205 0.207556
vn 0.987923 -0.088022 0.127514
vn 0.982893 -0.155724 0.098347
vn 0.734814 0.403167 0.545439
vn 0.601977 0.539803 0.588419
vn -0.315157 0.500305 0.806456
vn -0.214341 0.475170 0.853388
vn -0.081803 -0.695998 0.713369
vn -0.232229 -0.640334 0.732149
vn -0.117787 0.875772 -0.468134
vn 0.081386 0.879520 -0.468850
vn 0.086553 0.713582 -0.695204
vn -0.184040 0.710296 -0.679418
vn -0.035789 0.223628 0.974017
vn 0.136054 -0.034891 0.990087
vn 0.230448 0.036631 0.972395
vn 0.040390 0.337425 0.940485
vn -0.423390 -0.905496 -0.028610
vn -0.998444 0.048995 -0.026640
vn -0.972111 -0.201868 -0.119369
vn -0.438027 -0.898640 -0.024058
vn 0.779844 -0.283896 -0.557894
vn 0.889970 -0.333608 -0.310900
vn 0.935556 -0.069163 -0.346340
vn 0.803240 -0.060030 -0.592622
vn 0.631020 0.404563 0.661923
vn 0.765071 0.393337 0.509855
vn 0.693846 0.522682 0.495360
vn 0.597578 0.532111 0.599799
vn 0.054521 0.720480 0.691329
vn 0.017593 0.731630 0.681475
vn 0.072282 0.710880 0.699589
vn 0.054521 0.720480 0.691329
vn 0.072282 0.710880 0.699589
vn 0.065642 0.714550 0.696498
vn 0.001201 -0.209424 -0.977824
vn -0.139855 -0.491297 -0.859690
vn -0.211904 -0.435132 -0.875075
vn -0.030442 -0.182039 -0.982820
vn 0.789401 0.560847 0.249595
vn 0.950923 0.204445 0.232268
vn 0.929640 0.367981 -0.018986
vn 0.789791 0.613241 -0.012872
vn 0.238290 0.581549 0.777830
vn 0.355011 0.643607 0.678039
vn 0.386102 0.578192 0.718762
vn 0.254874 0.614090 0.746949
vn 0.828152 0.413437 -0.378464
vn 0.892961 0.131706 -0.430435
vn 0.947633 0.193716 -0.253902
vn 0.682737 0.721402 -0.115970
vn -0.537878 -0.136588 -0.831884
vn -0.868073 -0.039904 -0.494831
vn -0.938896 0.184727 -0.290433
vn -0.628506 0.003311 -0.777798
vn 0.149890 -0.972296 -0.179367
vn 0.155926 -0.973640 -0.166472
vn 0.136589 -0.976487 -0.166785
vn 0.145147 -0.974552 -0.170822
vn -0.002443 0.363398 0.931631
vn -0.004323 0.432056 0.901836
vn -0.121349 0.427756 0.895711
vn -0.113492 0.333773 0.935796
vn 0.007938 0.889598 0.456675
vn 0.114233 0.955242 0.272879
vn -0.027829 0.962281 0.270630
vn -0.091828 0.919754 0.381602
vn -0.846475 -0.493881 0.198902
vn -0.809066 -0.430745 0.399840
vn -0.724492 -0.572186 0.384337
vn -0.767721 -0.610143 0.195779
vn 0.568281 0.794164 -0.215317
vn 0.871813 0.449742 0.194098
vn 0.987815 0.117028 -0.102598
vn 0.656858 0.531922 -0.534413
vn -0.863597 -0.116297 -0.490586
vn -0.790790 -0.147557 -0.594036
vn -0.729448 -0.366047 -0.577854
vn -0.838578 -0.346958 -0.420009
vn -0.139544 -0.980838 -0.135955
vn -0.150608 -0.967866 -0.201378
vn -0.126255 -0.966240 -0.224588
vn 0.013968 -0.853448 0.520991
vn 0.306630 0.950550 -0.049324
vn 0.384838 0.918446 -0.091418
vn 0.412279 0.753479 -0.512149
vn 0.450643 0.751086 -0.482484
vn -0.561481 0.778262 -0.281154
vn -0.303925 0.818967 -0.486746
vn -0.393456 0.575546 -0.716896
vn -0.561080 0.513170 -0.649496
vn -0.015783 -0.989845 0.141275
vn -0.057121 -0.987964 0.143752
vn -0.003852 -0.992435 0.122712
vn 0.037822 -0.991268 0.126318
vn -0.603470 0.225982 -0.764694
vn -0.388112 0.395042 -0.832653
vn -0.340673 0.707989 -0.618622
vn -0.546173 0.508456 -0.665708
vn -0.638415 -0.288051 0.713759
vn -0.508597 -0.493583 0.705482
vn -0.806039 -0.437353 0.398778
vn -0.945549 -0.036710 0.323403
vn 0.991134 0.097023 0.090776
vn 0.947554 0.276076 0.161006
vn 0.947633 0.193716 -0.253902
vn 0.913259 -0.017170 -0.407017
vn 0.233082 -0.073257 0.969694
vn -0.107331 0.004965 0.994211
vn -0.166796 -0.620953 0.765896
vn 0.280553 -0.685336 0.672015
vn -0.470954 -0.050073 0.880736
vn -0.485800 -0.014834 0.873944
vn -0.372023 -0.027625 0.927812
vn -0.449854 -0.207302 0.868710
vn -0.049113 -0.998684 0.014798
vn -0.048915 -0.997439 0.052173
vn -0.007965 -0.997421 0.071324
vn -0.000638 -0.999302 0.037343
vn -0.818443 -0.532661 0.215461
vn -0.963281 0.266620 0.031677
vn -0.701874 0.236455 0.671909
vn -0.777848 -0.165542 0.606257
vn -0.108264 0.867879 0.484835
vn -0.229104 0.658141 0.717190
vn -0.121779 0.515260 0.848338
vn -0.031417 0.767329 0.640483
vn -0.427617 -0.501703 0.751956
vn -0.495930 -0.554568 0.668212
vn -0.445843 -0.625200 0.640584
vn -0.367357 -0.581245 0.726088
vn 0.804720 0.426894 -0.412539
vn 0.805983 0.394562 -0.441263
vn 0.851368 0.379559 -0.362087
vn 0.797275 0.519531 -0.307311
vn 0.222254 0.964057 -0.145596
vn 0.211998 0.713625 -0.667679
vn 0.296175 0.638468 -0.710380
vn 0.332153 0.912980 -0.236942
vn 0.350624 -0.459085 -0.816275
vn 0.448141 -0.301706 -0.841512
vn 0.553347 -0.607146 -0.570246
vn 0.484646 -0.680766 -0.549250
vn 0.031592 -0.993921 -0.105468
vn -0.024642 -0.977087 -0.211409
vn -0.013749 -0.982587 -0.185292
vn 0.023492 -0.995003 -0.097045
vn 0.229248 -0.955858 0.183794
vn 0.780532 -0.210542 0.588593
vn 0.705274 -0.123829 0.698037
vn 0.159396 -0.955844 0.246891
vn 0.106523 -0.275410 0.955407
vn 0.098348 0.022928 0.994888
vn 0.277289 0.065842 0.958528
vn 0.283129 -0.263414 0.922199
vn 0.740690 -0.604562 -0.293059
vn 0.731627 -0.626756 -0.268140
vn 0.499983 -0.736764 -0.455188
vn -0.467388 -0.317925 0.824907
vn -0.449854 -0.207302 0.868710
vn -0.372023 -0.027625 0.927812
vn -0.378708 -0.401680 0.833807
vn 0.074230 0.843104 0.532603
vn 0.100628 0.823711 0.558009
vn 0.252623 0.821610 0.511018
vn 0.202485 0.848601 0.488750
vn -0.332216 -0.363209 0.870467
vn -0.310303 -0.164541 0.936290
vn -0.525583 -0.153104 0.836852
vn -0.507043 -0.372818 0.777119
vn -0.899255 0.408138 -0.157367
vn -0.832992 0.062507 -0.549743
vn -0.967962 -0.027341 -0.249606
vn -0.939111 0.319808 0.125671
vn 0.533971 -0.739664 -0.409600
vn 0.396425 -0.792245 -0.463892
vn 0.394959 -0.796951 -0.457030
vn 0.533971 -0.739664 -0.409600
vn 0.394959 -0.796951 -0.457030
vn 0.551688 -0.735118 -0.394007
vn 0.516825 -0.776907 -0.359593
vn 0.566151 -0.708600 -0.421141
vn 0.772980 -0.625862 -0.103919
vn 0.682801 -0.729245 -0.044547
vn -0.904333 0.128484 -0.407031
vn -0.876746 0.137862 -0.460771
vn -0.372008 0.209753 -0.904220
vn -0.461252 0.198816 -0.864708
vn 0.394959 -0.796951 -0.457030
vn 0.308142 -0.831938 -0.461441
vn 0.326367 -0.917313 -0.228080
vn 0.394959 -0.796951 -0.457030
vn 0.326367 -0.917313 -0.228080
vn 0.425520 -0.891142 -0.157476
vn -0.117787 0.875772 -0.468134
vn -0.184040 0.710296 -0.679418
vn -0.401971 0.704676 -0.584681
vn -0.300567 0.869588 -0.391759
vn -0.004279 -0.137946 -0.990431
vn -0.615317 -0.096525 -0.782348
vn -0.573450 -0.091574 -0.814107
vn 0.018048 -0.127612 -0.991660
vn 0.505497 0.456607 -0.732109
vn 0.258870 0.429640 -0.865099
vn 0.313184 0.353656 -0.881387
vn 0.549625 0.444345 -0.707439
vn -0.027829 0.962281 0.270630
vn 0.114233 0.955242 0.272879
vn 0.306630 0.950550 -0.049324
vn 0.130196 0.990230 -0.049929
vn -0.655634 -0.681418 -0.325291
vn -0.927411 -0.370596 -0.050670
vn -0.925399 -0.370062 -0.081803
vn -0.663097 -0.669261 -0.335249
vn -0.152900 -0.062979 0.986233
vn 0.026745 -0.066520 0.997427
vn 0.025746 0.076026 0.996773
vn -0.142198 0.049500 0.988600
vn -0.015783 -0.989845 0.141275
vn -0.111900 -0.977370 0.179518
vn -0.161024 -0.965011 0.206942
vn -0.057121 -0.987964 0.143752
vn 0.141660 -0.973124 -0.181556
vn 0.411688 -0.844469 -0.342615
vn 0.527212 -0.841618 0.117158
vn 0.221781 -0.944656 0.241738
vn 0.019599 0.915736 0.401301
vn 0.038835 0.959532 0.278907
vn 0.167727 0.956680 0.237974
vn 0.107767 0.902871 0.416185
vn 0.861777 0.505326 -0.044565
vn 0.937171 0.346326 -0.042054
vn 0.920353 0.333696 -0.203953
vn 0.847126 0.500560 -0.178372
vn -0.799749 0.256044 -0.542994
vn -0.813799 0.079196 -0.575725
vn -0.851217 0.099955 -0.515206
vn -0.823135 0.264292 -0.502591
vn 0.296175 0.638468 -0.710380
vn 0.211998 0.713625 -0.667679
vn 0.122261 0.221305 -0.967510
vn 0.153550 0.213035 -0.964903
vn -0.361550 0.246527 0.899170
vn -0.245801 0.395364 0.885025
vn -0.213218 0.912163 0.349995
vn -0.277071 0.905869 0.320365
vn -0.182126 0.946163 0.267593
vn -0.191290 0.930895 0.311195
vn -0.186317 0.933801 0.305452
vn -0.183148 0.946118 0.267055
vn 0.533592 0.703793 -0.468992
vn 0.686939 0.682618 -0.249293
vn 0.796640 0.514487 -0.317281
vn 0.575082 0.561279 -0.595185
vn -0.247392 -0.633828 0.732843
vn -0.335591 -0.665060 0.667138
vn -0.352966 -0.612155 0.707589
vn -0.401561 -0.894351 -0.197194
vn -0.114667 -0.947908 -0.297191
vn -0.223001 -0.786587 -0.575805
vn -0.423609 -0.790579 -0.442199
vn -0.435881 -0.750821 -0.496262
vn -0.536137 -0.673187 -0.509290
vn -0.680651 -0.645713 -0.346076
vn -0.603461 -0.768024 -0.214416
vn 0.356165 -0.889860 -0.285125
vn -0.021945 -0.999739 -0.006330
vn -0.015818 -0.999772 0.014331
vn 0.357896 -0.933685 0.011935
vn 0.448799 0.871108 0.199374
vn 0.625836 0.777697 0.059292
vn 0.552496 0.825359 -0.116323
vn 0.370296 0.927851 0.044412
vn -0.403614 -0.382726 0.831034
vn -0.297200 -0.209338 0.931584
vn -0.274493 -0.484405 0.830666
vn -0.583803 -0.073856 -0.808529
vn -0.798299 -0.208961 -0.564848
vn -0.967962 -0.027341 -0.249606
vn -0.832992 0.062507 -0.549743
vn -0.607709 -0.050197 0.792572
vn -0.760513 -0.182728 0.623081
vn -0.788032 0.034209 0.614684
vn -0.891777 0.315598 0.324240
vn -0.788123 0.327913 0.520898
vn -0.797517 0.178600 0.576254
vn -0.919588 0.168847 0.354751
vn -0.607709 -0.050197 0.792572
vn -0.606853 0.234767 0.759350
vn -0.427441 0.216035 0.877851
vn -0.607709 -0.050197 0.792572
vn -0.427441 0.216035 0.877851
vn -0.433849 -0.060701 0.898938
vn 0.135835 -0.979490 -0.148821
vn 0.138117 -0.982398 -0.125770
vn 0.156644 -0.977399 -0.141966
vn 0.152545 -0.976433 -0.152668
vn -0.797517 0.178600 0.576254
vn -0.923805 -0.015089 0.382565
vn -0.919588 0.168847 0.354751
vn 0.004538 0.996236 -0.086564
vn 0.420136 0.872828 -0.248308
vn 0.845609 0.215063 -0.488563
vn 0.137086 0.968484 -0.207955
vn -0.797517 0.178600 0.576254
vn -0.788123 0.327913 0.520898
vn -0.600411 0.351570 0.718265
vn -0.797517 0.178600 0.576254
vn -0.600411 0.351570 0.718265
vn -0.606853 0.234767 0.759350
vn -0.946488 -0.221611 -0.234626
vn -0.786628 -0.442794 -0.430290
vn -0.707670 -0.312510 -0.633672
vn -0.910069 -0.105492 -0.400807
vn 0.080936 0.936511 0.341171
vn 0.098112 0.943429 0.316726
vn -0.103154 0.945403 0.309149
vn -0.137303 0.934394 0.328719
vn -0.970702 0.128896 0.202789
vn -0.974275 -0.082412 0.209755
vn -0.997242 -0.073345 -0.011325
vn -0.970702 0.128896 0.202789
vn -0.997242 -0.073345 -0.011325
vn -0.989226 0.146266 -0.006149
vn -0.970702 0.128896 0.202789
vn -0.989226 0.146266 -0.006149
vn -0.945781 0.324802 -0.001015
vn -0.970702 0.128896 0.202789
vn -0.945781 0.324802 -0.001015
vn -0.930635 0.307193 0.198874
vn -0.344424 0.926944 0.148818
vn -0.516650 0.848196 0.116773
vn -0.666420 0.731480 -0.144297
vn -0.509348 0.860442 -0.014284
vn -0.945781 0.324802 -0.001015
vn -0.928147 0.245910 -0.279412
vn -0.929297 0.270006 -0.251998
vn -0.895965 -0.320430 0.307526
vn -0.559614 -0.708946 0.429217
vn -0.779250 -0.613281 0.129059
vn -0.948114 -0.296882 0.113761
vn -0.945781 0.324802 -0.001015
vn -0.870941 0.491388 -0.000329
vn -0.848707 0.484367 0.212330
vn -0.945781 0.324802 -0.001015
vn -0.848707 0.484367 0.212330
vn -0.930635 0.307193 0.198874
vn -0.380440 -0.391548 0.837828
vn -0.485799 -0.431163 0.760328
vn -0.415544 -0.087721 0.905333
vn -0.378708 -0.401680 0.833807
vn -0.870941 0.491388 -0.000329
vn -0.739794 0.671354 -0.044581
vn -0.719344 0.659412 0.218447
vn -0.870941 0.491388 -0.000329
vn -0.719344 0.659412 0.218447
vn -0.848707 0.484367 0.212330
vn 0.007251 -0.994281 -0.106549
vn 0.023492 -0.995003 -0.097045
vn -0.013749 -0.982587 -0.185292
vn 0.007992 -0.985316 -0.170553
vn -0.739794 0.671354 -0.044581
vn -0.527243 0.846384 -0.075161
vn -0.488039 0.835169 0.253595
vn -0.739794 0.671354 -0.044581
vn -0.488039 0.835169 0.253595
vn -0.719344 0.659412 0.218447
vn -0.488039 0.835169 0.253595
vn -0.605378 0.642728 0.469486
vn -0.827824 0.453360 0.330413
vn -0.488039 0.835169 0.253595
vn -0.827824 0.453360 0.330413
vn -0.719344 0.659412 0.218447
vn -0.488039 0.835169 0.253595
vn -0.527243 0.846384 -0.075161
vn -0.187522 0.975359 -0.116235
vn -0.488039 0.835169 0.253595
vn -0.187522 0.975359 -0.116235
vn -0.104501 0.961212 0.255246
vn -0.488039 0.835169 0.253595
vn -0.104501 0.961212 0.255246
vn -0.194297 0.796132 0.573081
vn -0.488039 0.835169 0.253595
vn -0.194297 0.796132 0.573081
vn -0.605378 0.642728 0.469486
vn -0.194297 0.796132 0.573081
vn -0.164402 0.557384 0.813815
vn -0.630703 0.499886 0.593573
vn -0.194297 0.796132 0.573081
vn -0.630703 0.499886 0.593573
vn -0.605378 0.642728 0.469486
vn 0.715995 0.149429 0.681925
vn 0.709657 -0.115823 0.694962
vn 0.853494 -0.059589 0.517685
vn 0.861776 0.188125 0.471117
vn -0.194297 0.796132 0.573081
vn 0.112029 0.816075 0.566984
vn 0.099594 0.556419 0.824911
vn -0.194297 0.796132 0.573081
vn 0.099594 0.556419 0.824911
vn -0.164402 0.557384 0.813815
vn -0.679450 0.043715 -0.732419
vn -0.636449 0.092749 -0.765722
vn -0.454421 -0.065638 -0.888366
vn -0.514045 -0.103837 -0.851455
vn -0.258945 0.239574 0.935709
vn -0.249760 0.358248 0.899599
vn -0.432074 0.410737 0.802874
vn -0.461959 0.305186 0.832740
vn 0.535678 -0.307808 -0.786323
vn 0.547864 -0.330762 -0.768402
vn 0.546981 -0.417520 -0.725595
vn 0.488251 -0.283042 -0.825529
vn 0.237363 0.352640 0.905154
vn 0.244882 0.349201 0.904484
vn 0.078690 0.307887 0.948163
vn 0.073781 0.312657 0.946996
vn -0.033110 0.357658 0.933266
vn 0.054873 0.629114 0.775374
vn -0.031417 0.767329 0.640483
vn -0.033110 0.357658 0.933266
vn -0.031417 0.767329 0.640483
vn -0.121779 0.515260 0.848338
vn -0.501447 -0.128775 -0.855551
vn -0.254610 -0.150526 -0.955257
vn -0.268407 -0.368475 -0.890047
vn -0.495738 -0.333806 -0.801759
vn -0.779250 -0.613281 0.129059
vn -0.559614 -0.708946 0.429217
vn -0.143483 -0.880965 0.450903
vn -0.258325 -0.960713 0.101479
vn -0.307433 0.925669 0.220504
vn -0.839987 0.344543 0.419180
vn -0.723348 0.351190 0.594503
vn -0.422136 0.846484 0.324446
vn 0.006381 -0.999861 0.015431
vn 0.000168 -0.999852 0.017223
vn -0.013491 -0.998515 -0.052787
vn 0.013654 -0.999796 -0.014866
vn -0.461927 -0.886372 -0.031110
vn -0.420255 -0.799343 -0.429460
vn -0.451002 -0.782173 -0.429886
vn -0.462484 -0.885878 -0.036446
vn 0.394804 -0.252848 -0.883288
vn 0.383171 -0.310401 -0.869960
vn 0.208618 -0.390646 -0.896590
vn 0.235803 -0.313367 -0.919890
vn 0.588727 -0.715290 -0.376510
vn 0.834287 -0.230118 -0.501010
vn 0.835420 -0.077353 -0.544142
vn 0.571629 -0.700800 -0.426755
vn -0.235846 0.713533 0.659733
vn -0.076459 0.889647 0.450202
vn -0.029797 0.875807 0.481740
vn -0.235846 0.713533 0.659733
vn -0.029797 0.875807 0.481740
vn -0.222961 0.717859 0.659520
vn -0.010847 0.999026 -0.042775
vn -0.025040 0.998957 0.038194
vn -0.019608 0.998465 0.051809
vn 0.004538 0.996236 -0.086564
vn -0.016597 0.977351 0.210974
vn -0.020143 0.923344 0.383445
vn -0.120280 0.913757 0.388048
vn -0.163770 0.970506 0.176908
vn -0.034630 0.693350 -0.719768
vn -0.214694 0.427725 -0.878042
vn -0.393456 0.575546 -0.716896
vn -0.303925 0.818967 -0.486746
vn -0.420255 -0.799343 -0.429460
vn -0.461927 -0.886372 -0.031110
vn -0.304845 -0.935670 -0.177738
vn -0.300704 -0.855352 -0.421842
vn -0.525583 -0.153104 0.836852
vn -0.310303 -0.164541 0.936290
vn -0.274677 0.043234 0.960564
vn -0.498061 0.089383 0.862523
vn -0.225201 -0.973391 -0.042364
vn -0.057113 -0.997373 0.044558
vn -0.206677 -0.977626 -0.039143
vn -0.756151 -0.634764 -0.159094
vn -0.516045 0.444704 0.732077
vn -0.115811 0.715299 0.689156
vn -0.181722 0.806225 0.563008
vn -0.516045 0.444704 0.732077
vn -0.181722 0.806225 0.563008
vn -0.600858 0.568444 0.561998
vn 0.362063 -0.609392 0.705374
vn 0.221781 -0.944656 0.241738
vn 0.527212 -0.841618 0.117158
vn 0.588512 -0.510606 0.626845
vn 0.383171 -0.310401 -0.869960
vn 0.394804 -0.252848 -0.883288
vn 0.543558 -0.162925 -0.823407
vn 0.551889 -0.195953 -0.810568
vn 0.089683 -0.995169 -0.039935
vn 0.052675 -0.995369 -0.080408
vn 0.358790 -0.907386 -0.218909
vn 0.348102 -0.914364 -0.206793
vn 0.372539 -0.809124 -0.454459
vn 0.396425 -0.792245 -0.463892
vn 0.533971 -0.739664 -0.409600
vn 0.506141 -0.757764 -0.411843
vn 0.911076 -0.409122 -0.050591
vn 0.875769 -0.440774 -0.196841
vn 0.852619 0.515826 -0.083457
vn 0.778404 0.624791 0.061025
vn -0.773436 0.307905 -0.554067
vn -0.781846 0.326449 -0.531175
vn -0.772175 0.133997 -0.621121
vn -0.782014 0.111571 -0.613193
vn -0.600337 0.616969 -0.508866
vn -0.769284 0.518805 -0.372886
vn -0.789025 0.453109 -0.414887
vn -0.657474 0.521800 -0.543555
vn -0.886248 -0.378576 -0.266916
vn -0.682240 -0.513732 -0.520218
vn -0.707351 -0.648729 -0.280724
vn -0.886248 -0.378576 -0.266916
vn -0.707351 -0.648729 -0.280724
vn -0.828715 -0.559444 -0.015939
vn 0.522074 0.823250 0.222930
vn 0.724201 0.689347 0.018259
vn 0.705102 0.696484 0.133198
vn 0.497683 0.793737 0.349705
vn 0.114582 -0.977508 -0.177056
vn 0.115329 -0.982169 -0.148469
vn 0.135835 -0.979490 -0.148821
vn 0.133688 -0.975881 -0.172579
vn -0.536374 -0.348686 -0.768584
vn -0.289399 -0.124297 -0.949104
vn -0.030442 -0.182039 -0.982820
vn -0.536374 -0.348686 -0.768584
vn -0.030442 -0.182039 -0.982820
vn -0.211904 -0.435132 -0.875075
vn -0.536374 -0.348686 -0.768584
vn -0.211904 -0.435132 -0.875075
vn -0.400394 -0.595097 -0.696810
vn 0.697587 0.597516 -0.395408
vn 0.517027 0.812959 -0.267917
vn 0.512625 0.716561 -0.473028
vn 0.685882 0.513258 -0.515880
vn 0.885454 0.172438 0.431551
vn 0.776573 0.194784 0.599160
vn 0.749618 -0.038904 0.660726
vn 0.858286 -0.085157 0.506057
vn 0.206628 0.930636 0.302028
vn 0.165417 0.934187 0.316118
vn 0.326487 0.848583 0.416308
vn 0.316565 0.853376 0.414169
vn -0.107100 -0.445097 0.889055
vn 0.155924 -0.593089 0.789894
vn 0.011629 -0.971918 0.235031
vn -0.050350 -0.972434 0.227676
vn -0.014694 0.967406 0.252805
vn 0.137480 0.949178 0.283127
vn 0.263331 0.912029 0.314421
vn -0.035287 0.908631 0.416107
vn 0.031370 0.693388 0.719881
vn 0.123991 0.809022 0.574552
vn 0.207879 0.931420 0.298735
vn 0.127588 0.918645 0.373916
vn -0.185126 -0.102563 -0.977348
vn -0.213620 0.133028 -0.967817
vn -0.416905 -0.230044 -0.879358
vn -0.185126 -0.102563 -0.977348
vn -0.416905 -0.230044 -0.879358
vn -0.291624 -0.404832 -0.866641
vn 0.010733 0.739707 0.672843
vn 0.007752 0.747935 0.663727
vn -0.026069 0.764995 0.643508
vn -0.009723 0.772940 0.634404
vn -0.342887 -0.842789 0.414892
vn -0.159080 -0.975069 0.154705
vn -0.193601 -0.977637 0.082130
vn -0.402907 -0.890283 0.212277
vn -0.034630 0.693350 -0.719768
vn 0.102974 0.899238 -0.425168
vn 0.293368 0.692120 -0.659474
vn 0.146308 0.456236 -0.877748
vn -0.297603 0.935985 0.188053
vn -0.245754 0.939665 0.237980
vn -0.182126 0.946163 0.267593
vn -0.192277 0.947885 0.254053
vn -0.967432 0.064374 0.244809
vn -0.998308 0.033283 -0.047689
vn -0.968447 -0.247599 -0.028385
vn -0.937354 -0.189883 0.292082
vn -0.222247 0.817186 0.531802
vn -0.406742 0.804156 0.433467
vn -0.466517 0.803308 0.370214
vn -0.229344 0.836082 0.498365
vn 0.254874 0.614090 0.746949
vn 0.130112 0.541647 0.830475
vn 0.121359 0.516330 0.847747
vn 0.238290 0.581549 0.777830
vn 0.321772 0.898105 -0.299784
vn 0.259243 0.959880 0.106882
vn 0.273619 0.946186 0.172814
vn 0.321772 0.898105 -0.299784
vn 0.273619 0.946186 0.172814
vn 0.332153 0.912980 -0.236942
vn 0.196485 -0.755612 0.624855
vn 0.268516 -0.760108 0.591722
vn 0.385184 -0.556851 0.735901
vn 0.262831 -0.537230 0.801439
vn -0.465038 -0.844666 -0.265103
vn -0.233733 -0.969787 -0.069873
vn -0.353370 -0.889367 0.290097
vn -0.637446 -0.762085 0.113532
vn 0.814016 -0.368274 -0.449169
vn 0.704856 -0.396003 -0.588524
vn 0.788508 -0.132856 -0.600504
vn 0.846877 -0.094274 -0.523366
vn 0.062791 -0.986868 0.148825
vn -0.544225 -0.560182 0.624512
vn -0.320218 -0.815736 0.481700
vn 0.022179 -0.992805 0.117670
vn 0.273619 0.946186 0.172814
vn 0.259243 0.959880 0.106882
vn 0.163456 0.929350 0.331045
vn 0.273619 0.946186 0.172814
vn 0.163456 0.929350 0.331045
vn 0.210333 0.896203 0.390614
vn 0.089272 -0.978718 -0.184777
vn 0.153923 -0.971361 -0.181011
vn 0.145147 -0.974552 -0.170822
vn 0.093893 -0.977917 -0.186716
vn -0.806382 0.168249 -0.566957
vn -0.820968 0.208781 -0.531434
vn -0.700051 -0.009914 -0.714024
vn -0.714535 -0.026622 -0.699093
vn -0.502123 0.455400 -0.735176
vn -0.705126 0.511259 -0.491337
vn -0.812420 0.269401 -0.517105
vn -0.540116 0.361058 -0.760205
vn -0.409020 0.886506 -0.216355
vn -0.217736 0.939500 -0.264444
vn -0.179341 0.954455 0.238438
vn -0.242890 0.944445 0.221422
vn 0.217025 0.050114 -0.974879
vn 0.236533 0.269723 -0.933435
vn 0.499406 0.296959 -0.813885
vn 0.471962 0.063542 -0.879326
vn -0.400043 0.261943 -0.878266
vn -0.214694 0.427725 -0.878042
vn -0.020422 0.228673 -0.973289
vn -0.202669 0.074564 -0.976404
vn -0.669868 -0.652787 -0.353759
vn -0.232638 -0.968504 -0.088762
vn -0.246791 -0.968497 -0.033296
vn -0.717806 -0.618833 -0.319061
vn 0.904020 -0.022225 -0.426912
vn 0.832331 0.148070 -0.534135
vn 0.697747 0.039557 -0.715251
vn 0.794522 -0.160557 -0.585625
vn 0.264282 0.478624 -0.837302
vn 0.286618 0.790699 -0.540966
vn 0.450643 0.751086 -0.482484
vn 0.264282 0.478624 -0.837302
vn 0.450643 0.751086 -0.482484
vn 0.431252 0.482033 -0.762670
vn 0.264282 0.478624 -0.837302
vn 0.431252 0.482033 -0.762670
vn 0.316245 0.311548 -0.896062
vn 0.264282 0.478624 -0.837302
vn 0.316245 0.311548 -0.896062
vn 0.074274 0.264789 -0.961442
vn 0.090666 0.994703 0.048440
vn 0.281482 0.957916 -0.056252
vn 0.284327 0.944218 0.166163
vn 0.091471 0.963323 0.252275
vn -0.097652 -0.969868 -0.223206
vn -0.085151 -0.976699 -0.196999
vn -0.078140 -0.978267 -0.192061
vn -0.092614 -0.983806 -0.153455
vn -0.868186 -0.159640 0.469860
vn -0.616890 -0.552067 0.560954
vn -0.909831 -0.413584 0.033983
vn -0.988165 -0.006023 0.153274
vn 0.573395 -0.189625 0.797032
vn 0.594019 0.116142 0.796023
vn 0.781940 0.109385 0.613681
vn 0.755232 -0.160327 0.635547
vn -0.243295 -0.038438 -0.969190
vn -0.490326 -0.280386 -0.825206
vn -0.572154 -0.378784 -0.727436
vn -0.243295 -0.038438 -0.969190
vn -0.572154 -0.378784 -0.727436
vn -0.416905 -0.230044 -0.879358
vn 0.336922 -0.101134 -0.936085
vn 0.500541 -0.233230 -0.833704
vn 0.542935 0.522802 -0.657191
vn 0.275909 0.231166 -0.932972
vn -0.210711 -0.075839 0.974602
vn -0.187038 -0.057959 0.980641
vn -0.393959 -0.250981 0.884197
vn -0.416750 -0.187690 0.889434
vn -0.548120 -0.447361 -0.706706
vn -0.396206 -0.453886 -0.798128
vn -0.429394 -0.434124 -0.791933
vn -0.548120 -0.447361 -0.706706
vn -0.429394 -0.434124 -0.791933
vn -0.538906 -0.377878 -0.752853
vn 0.396425 -0.792245 -0.463892
vn 0.372539 -0.809124 -0.454459
vn 0.276955 -0.850978 -0.446243
vn 0.298622 -0.842817 -0.447755
vn 0.006381 -0.999861 0.015431
vn -0.146203 -0.989028 0.021158
vn -0.152029 -0.977970 0.143047
vn 0.001065 -0.998719 0.050591
vn -0.217736 0.939500 -0.264444
vn -0.409020 0.886506 -0.216355
vn -0.430573 0.644398 -0.631948
vn -0.042675 0.731529 -0.680474
vn -0.440030 -0.341102 -0.830676
vn -0.379789 -0.552908 -0.741656
vn -0.223001 -0.786587 -0.575805
vn -0.440030 -0.341102 -0.830676
vn -0.223001 -0.786587 -0.575805
vn -0.250096 -0.621372 -0.742529
vn -0.440030 -0.341102 -0.830676
vn -0.446820 -0.430319 -0.784332
vn -0.466747 -0.169142 -0.868066
vn -0.774384 -0.495035 -0.394043
vn -0.813254 0.426202 -0.396194
vn -0.804116 0.131864 -0.579664
vn -0.573501 -0.668658 -0.473279
vn -0.974275 -0.082412 0.209755
vn -0.970702 0.128896 0.202789
vn -0.919588 0.168847 0.354751
vn -0.923805 -0.015089 0.382565
vn -0.841352 0.494397 -0.218401
vn -0.980484 0.120149 -0.155613
vn -0.812420 0.269401 -0.517105
vn -0.705126 0.511259 -0.491337
vn -0.714535 -0.026622 -0.699093
vn -0.714189 -0.032010 -0.699220
vn -0.772175 0.133997 -0.621121
vn -0.806382 0.168249 -0.566957
vn 0.207756 -0.570326 0.794711
vn 0.284864 -0.830117 0.479331
vn 0.130319 -0.899995 0.415963
vn 0.086211 -0.586249 0.805530
vn -0.124865 -0.958377 0.256754
vn -0.198185 -0.958147 0.206582
vn -0.614537 -0.386391 0.687783
vn -0.342323 -0.588800 0.732209
vn -0.775071 -0.362764 0.517365
vn -0.689668 -0.305469 0.656541
vn -0.724734 -0.099221 0.681848
vn -0.833070 -0.146233 0.533489
vn -0.862511 0.444875 -0.241168
vn -0.733306 0.440293 -0.518078
vn -0.782434 0.237324 -0.575739
vn -0.927031 0.249768 -0.279697
vn -0.398941 -0.902070 0.164671
vn -0.188199 -0.948597 -0.254450
vn -0.059120 -0.989267 -0.133622
vn -0.107676 -0.959900 0.258841
vn -0.478994 -0.118843 0.869736
vn -0.473176 0.004885 0.880954
vn -0.597205 -0.036387 0.801262
vn -0.572606 -0.219243 0.789972
vn -0.478906 -0.524506 0.703948
vn -0.248501 -0.631117 0.734805
vn -0.372504 -0.115456 0.920821
vn -0.478906 -0.524506 0.703948
vn -0.372504 -0.115456 0.920821
vn -0.453526 0.031879 0.890673
vn -0.509348 0.860442 -0.014284
vn -0.733046 0.637181 -0.237999
vn -0.636780 0.767706 -0.071679
vn -0.454071 0.877821 0.152477
vn -0.453526 0.031879 0.890673
vn -0.372504 -0.115456 0.920821
vn -0.475525 -0.028949 0.879226
vn -0.453526 0.031879 0.890673
vn -0.475525 -0.028949 0.879226
vn -0.415544 -0.087721 0.905333
vn 0.404790 -0.194598 0.893463
vn 0.178537 -0.423439 0.888158
vn 0.282096 -0.536517 0.795344
vn 0.478932 -0.060580 0.875759
vn 0.176354 -0.963352 -0.202119
vn 0.114140 -0.975615 -0.187478
vn 0.126378 -0.975840 -0.178227
vn 0.188559 -0.960472 -0.204792
vn -0.025547 0.650257 0.759284
vn -0.022609 0.571134 0.820545
vn -0.079469 0.134644 0.987702
vn -0.141925 0.382552 0.912969
vn 0.478932 -0.060580 0.875759
vn 0.412299 -0.034911 0.910379
vn 0.451932 -0.059253 0.890082
vn 0.559599 -0.109451 0.821504
vn 0.176865 0.909267 0.376764
vn 0.077149 0.940772 0.330145
vn -0.044665 0.917558 0.395085
vn 0.088671 0.923170 0.374025
vn -0.380440 -0.391548 0.837828
vn -0.533127 -0.120375 0.837428
vn -0.545452 -0.656692 0.520804
vn -0.819806 0.398557 -0.411181
vn -0.653202 0.743089 -0.145418
vn -0.938896 0.184727 -0.290433
vn -0.868073 -0.039904 -0.494831
vn -0.485799 -0.431163 0.760328
vn -0.603333 -0.007477 0.797454
vn -0.453526 0.031879 0.890673
vn -0.415544 -0.087721 0.905333
vn -0.486148 0.359319 0.796586
vn -0.107420 0.260957 0.959355
vn -0.187038 -0.057959 0.980641
vn -0.210711 -0.075839 0.974602
vn -0.665463 0.120101 0.736706
vn -0.723348 0.351190 0.594503
vn -0.871988 -0.303223 0.384309
vn -0.665463 0.120101 0.736706
vn -0.871988 -0.303223 0.384309
vn -0.727763 -0.502932 0.466283
vn -0.183101 -0.609104 0.771665
vn -0.294843 -0.270550 0.916444
vn -0.372504 -0.115456 0.920821
vn -0.248501 -0.631117 0.734805
vn -0.335591 -0.665060 0.667138
vn -0.472508 -0.621135 0.625242
vn -0.510339 -0.536277 0.672280
vn -0.352966 -0.612155 0.707589
vn -0.372023 -0.027625 0.927812
vn -0.485800 -0.014834 0.873944
vn -0.447084 0.133332 0.884499
vn -0.372023 -0.027625 0.927812
vn -0.447084 0.133332 0.884499
vn -0.293567 0.243380 0.924438
vn -0.028070 0.981035 0.191789
vn 0.091649 0.976245 0.196333
vn 0.073741 0.976142 0.204226
vn -0.052968 0.978624 0.198723
vn -0.467388 -0.317925 0.824907
vn -0.416750 -0.187690 0.889434
vn -0.393959 -0.250981 0.884197
vn 0.029871 0.654482 -0.755488
vn -0.533353 0.611582 -0.584382
vn -0.372218 0.907878 -0.192901
vn 0.101361 0.959365 -0.263334
vn 0.146186 -0.988189 -0.045968
vn 0.156303 -0.985007 -0.073016
vn 0.114665 -0.991097 -0.067658
vn 0.072732 -0.996650 -0.037397
vn -0.239809 0.942141 0.234226
vn -0.418604 0.846442 0.329100
vn -0.204419 0.867198 0.454072
vn -0.115877 0.939933 0.321090
vn -0.587855 -0.669716 -0.453770
vn -0.800665 -0.437456 -0.409350
vn -0.786920 -0.487732 0.377989
vn -0.678546 -0.730843 0.073782
vn -0.588064 -0.629134 -0.508303
vn -0.673773 -0.410567 -0.614381
vn -0.378095 -0.222959 -0.898517
vn -0.342352 -0.358268 -0.868584
vn -0.475525 -0.028949 0.879226
vn -0.372504 -0.115456 0.920821
vn -0.294843 -0.270550 0.916444
vn -0.989935 -0.114201 0.083582
vn -0.990055 -0.024743 0.138489
vn -0.677720 -0.206611 0.705697
vn -0.659311 -0.357290 0.661553
vn -0.498692 0.057272 -0.864885
vn -0.389016 0.329174 -0.860414
vn -0.699574 0.397841 -0.593564
vn -0.764549 0.232644 -0.601117
vn -0.066335 0.098526 -0.992921
vn 0.356165 -0.889860 -0.285125
vn 0.787789 -0.049232 -0.613975
vn -0.004199 0.190591 -0.981661
vn -0.003813 -0.983831 -0.179059
vn -0.137550 -0.970243 -0.199272
vn -0.081864 -0.995246 -0.052755
vn 0.001986 -0.982963 -0.183792
vn 0.145147 -0.974552 -0.170822
vn 0.136589 -0.976487 -0.166785
vn 0.100238 -0.976534 -0.190612
vn 0.093893 -0.977917 -0.186716
vn -0.886775 -0.024117 -0.461571
vn -0.940242 0.087883 -0.328970
vn -0.523319 0.165389 -0.835933
vn -0.415961 -0.046337 -0.908201
vn 0.210333 0.896203 0.390614
vn 0.163456 0.929350 0.331045
vn 0.118847 0.864814 0.487824
vn 0.110201 0.834191 0.540353
vn 0.019051 -0.991911 0.125495
vn -0.059300 -0.992613 0.105841
vn -0.020725 -0.996555 0.080298
vn 0.021027 -0.994774 0.099909
vn -0.291647 -0.723860 -0.625274
vn 0.053987 -0.666443 -0.743599
vn 0.031979 -0.877408 -0.478678
vn -0.174849 -0.924849 -0.337760
vn 0.759942 0.417298 -0.498348
vn 0.851723 0.421381 -0.311459
vn 0.803738 0.502284 -0.318930
vn 0.716458 0.482878 -0.503505
vn 0.152545 -0.976433 -0.152668
vn 0.156644 -0.977399 -0.141966
vn 0.141443 -0.972596 -0.184531
vn 0.135345 -0.975764 -0.171948
vn -0.401561 -0.894351 -0.197194
vn -0.853224 -0.520399 -0.034544
vn -0.779250 -0.613281 0.129059
vn -0.258325 -0.960713 0.101479
vn -0.809054 -0.587689 -0.007337
vn -0.605006 -0.794932 -0.045285
vn -0.586892 -0.806037 0.076558
vn -0.809054 -0.587689 -0.007337
vn -0.586892 -0.806037 0.076558
vn -0.806978 -0.571671 0.148256
vn 0.827009 0.194518 0.527464
vn 0.865098 0.038890 0.500092
vn 0.406566 0.066222 0.911218
vn 0.360698 0.296303 0.884365
vn -0.572606 -0.219243 0.789972
vn -0.597205 -0.036387 0.801262
vn -0.724734 -0.099221 0.681848
vn -0.689668 -0.305469 0.656541
vn -0.333533 -0.814333 -0.474992
vn -0.574504 -0.810326 -0.115401
vn -0.624611 -0.717458 -0.308407
vn -0.401608 -0.757022 -0.515392
vn -0.115877 0.939933 0.321090
vn -0.204419 0.867198 0.454072
vn 0.012692 0.885233 0.464975
vn 0.003578 0.940350 0.340191
vn -0.167621 0.976137 0.138056
vn -0.239809 0.942141 0.234226
vn -0.115877 0.939933 0.321090
vn -0.080100 0.968776 0.234643
vn -0.724492 -0.572186 0.384337
vn -0.689976 -0.422802 0.587512
vn -0.609443 -0.586608 0.533357
vn -0.682114 -0.618718 0.389756
vn -0.928844 -0.239603 -0.282557
vn -0.838578 -0.346958 -0.420009
vn -0.751348 -0.543036 -0.374951
vn -0.928844 -0.239603 -0.282557
vn -0.751348 -0.543036 -0.374951
vn -0.911705 -0.350490 -0.214360
vn 0.757169 -0.642786 0.116284
vn 0.911110 -0.368434 0.184756
vn 0.867245 -0.337016 0.366478
vn 0.705566 -0.630501 0.323489
vn -0.066700 -0.661548 -0.746931
vn -0.269102 -0.656018 -0.705142
vn -0.262894 -0.669017 -0.695200
vn -0.061650 -0.668563 -0.741095
vn -0.851217 0.099955 -0.515206
vn -0.880414 0.118639 -0.459126
vn -0.827381 0.277572 -0.488257
vn -0.851217 0.099955 -0.515206
vn -0.827381 0.277572 -0.488257
vn -0.823135 0.264292 -0.502591
vn 0.788508 -0.132856 -0.600504
vn 0.704856 -0.396003 -0.588524
vn 0.630252 -0.347789 -0.694136
vn 0.740200 -0.106323 -0.663927
vn -0.028792 -0.970554 0.239158
vn -0.044518 -0.979628 0.195822
vn -0.032497 -0.978315 0.204558
vn -0.042945 -0.960915 0.273492
vn -0.049580 0.730379 0.681240
vn -0.092688 0.731448 0.675568
vn -0.476153 0.607576 0.635712
vn -0.336046 0.672106 0.659808
vn -0.799749 0.256044 -0.542994
vn -0.775359 0.350629 -0.525241
vn -0.699299 0.498867 -0.511970
vn -0.799749 0.256044 -0.542994
vn -0.699299 0.498867 -0.511970
vn -0.773436 0.307905 -0.554067
vn -0.799749 0.256044 -0.542994
vn -0.773436 0.307905 -0.554067
vn -0.782014 0.111571 -0.613193
vn -0.799749 0.256044 -0.542994
vn -0.782014 0.111571 -0.613193
vn -0.813799 0.079196 -0.575725
vn -0.699299 0.498867 -0.511970
vn -0.775359 0.350629 -0.525241
vn -0.738264 0.452573 -0.500144
vn -0.699299 0.498867 -0.511970
vn -0.738264 0.452573 -0.500144
vn -0.591198 0.644475 -0.484909
vn -0.181722 0.806225 0.563008
vn -0.136142 0.913505 0.383371
vn -0.594541 0.708316 0.380538
vn -0.600858 0.568444 0.561998
vn -0.411444 -0.593950 -0.691330
vn -0.284356 -0.656624 -0.698560
vn -0.139855 -0.491297 -0.859690
vn -0.291624 -0.404832 -0.866641
vn -0.721423 0.466147 0.512109
vn -0.605369 0.522438 0.600489
vn -0.162413 0.709560 0.685673
vn -0.279047 0.676542 0.681486
vn -0.443221 -0.661094 -0.605401
vn -0.477809 -0.591359 -0.649609
vn -0.632511 -0.599396 -0.490565
vn -0.581531 -0.674692 -0.454546
vn -0.811878 0.358287 -0.460961
vn -0.823135 0.264292 -0.502591
vn -0.827381 0.277572 -0.488257
vn -0.811878 0.358287 -0.460961
vn -0.827381 0.277572 -0.488257
vn -0.795100 0.389838 -0.464589
vn -0.980484 0.120149 -0.155613
vn -0.967317 0.162634 -0.194544
vn -0.806337 0.258828 -0.531816
vn -0.812420 0.269401 -0.517105
vn 0.193273 -0.953112 0.232860
vn 0.241635 -0.938031 0.248417
vn 0.305029 -0.946057 0.109242
vn 0.256139 -0.959111 0.120410
vn -0.789025 0.453109 -0.414887
vn -0.795100 0.389838 -0.464589
vn -0.699574 0.397841 -0.593564
vn -0.789025 0.453109 -0.414887
vn -0.699574 0.397841 -0.593564
vn -0.657474 0.521800 -0.543555
vn 0.124633 -0.888613 -0.441399
vn 0.135424 -0.947394 -0.290008
vn 0.326367 -0.917313 -0.228080
vn 0.308142 -0.831938 -0.461441
vn 0.555825 0.510363 0.656192
vn 0.273761 0.876507 0.395968
vn 0.197440 0.915240 0.351216
vn 0.176865 0.909267 0.376764
vn -0.051579 0.738333 0.672461
vn -0.038916 0.754183 0.655510
vn -0.007571 0.742598 0.669695
vn -0.025260 0.734434 0.678210
vn -0.389825 0.830271 -0.398355
vn -0.298848 0.461111 -0.835504
vn -0.144414 0.556246 -0.818374
vn -0.213677 0.930872 -0.296345
vn -0.162012 -0.981980 -0.097299
vn -0.073630 -0.996722 -0.033533
vn -0.097810 -0.995202 -0.002385
vn -0.147169 -0.985540 -0.083978
vn -0.498692 0.057272 -0.864885
vn -0.623285 -0.127154 -0.771588
vn -0.338303 -0.359278 -0.869753
vn -0.498692 0.057272 -0.864885
vn -0.338303 -0.359278 -0.869753
vn -0.142212 -0.133078 -0.980850
vn -0.338303 -0.359278 -0.869753
vn -0.396206 -0.453886 -0.798128
vn -0.205555 -0.321456 -0.924345
vn -0.338303 -0.359278 -0.869753
vn -0.205555 -0.321456 -0.924345
vn -0.142212 -0.133078 -0.980850
vn -0.208544 0.917491 0.338704
vn -0.176475 0.929946 0.322579
vn -0.218867 0.933065 0.285461
vn -0.205892 0.924192 0.321680
vn 0.341862 -0.106613 -0.933683
vn 0.204056 -0.163901 -0.965141
vn 0.110427 -0.107501 -0.988053
vn 0.256662 -0.034508 -0.965885
vn -0.043134 -0.878667 0.475482
vn -0.217524 -0.894089 0.391519
vn -0.182234 -0.974545 0.130588
vn -0.059725 -0.982174 0.178235
vn -0.464764 0.203408 0.861754
vn -0.637754 0.198702 0.744169
vn -0.267033 0.361290 0.893400
vn -0.427641 0.369679 0.824900
vn -0.185126 -0.102563 -0.977348
vn -0.291624 -0.404832 -0.866641
vn -0.139855 -0.491297 -0.859690
vn 0.001201 -0.209424 -0.977824
vn -0.555038 -0.360588 -0.749606
vn -0.572154 -0.378784 -0.727436
vn -0.490326 -0.280386 -0.825206
vn -0.548120 -0.447361 -0.706706
vn -0.800381 0.582654 -0.141082
vn -0.635457 0.742569 0.211626
vn -0.558909 0.808259 0.185305
vn -0.719456 0.669756 -0.183873
vn 0.047114 0.142672 -0.988648
vn -0.142212 -0.133078 -0.980850
vn -0.205555 -0.321456 -0.924345
vn 0.047114 0.142672 -0.988648
vn -0.205555 -0.321456 -0.924345
vn 0.108110 -0.031745 -0.993632
vn -0.246791 -0.968497 -0.033296
vn -0.232638 -0.968504 -0.088762
vn -0.068878 -0.997401 0.021122
vn -0.097218 -0.992384 0.075647
vn 0.901563 0.294129 -0.317290
vn 0.887891 -0.103723 -0.448209
vn 0.883477 -0.160747 -0.440033
vn 0.923388 0.136449 -0.358798
vn -0.124270 -0.142791 0.981920
vn -0.103918 0.033258 0.994030
vn -0.274677 0.043234 0.960564
vn -0.310303 -0.164541 0.936290
vn -0.181245 0.670896 -0.719061
vn 0.046282 0.840249 -0.540221
vn -0.448903 0.786560 -0.424039
vn -0.181245 0.670896 -0.719061
vn -0.448903 0.786560 -0.424039
vn -0.600337 0.616969 -0.508866
vn -0.416750 -0.187690 0.889434
vn -0.294843 -0.270550 0.916444
vn -0.473110 -0.037787 0.880193
vn -0.210711 -0.075839 0.974602
vn 0.254874 0.614090 0.746949
vn 0.298077 0.609770 0.734391
vn 0.160308 0.240047 0.957433
vn 0.146331 0.563341 0.813163
vn -0.162243 0.965635 0.203045
vn -0.165830 0.964146 0.207179
vn -0.177109 0.963558 0.200469
vn -0.177010 0.963901 0.198906
vn 0.121359 0.516330 0.847747
vn 0.130112 0.541647 0.830475
vn -0.000066 0.518351 0.855168
vn -0.002612 0.478861 0.877887
vn -0.152060 -0.959625 -0.236639
vn -0.142106 -0.964042 -0.224562
vn -0.114982 -0.964461 -0.237894
vn -0.112370 -0.964297 -0.239799
vn 0.459437 0.081276 0.884484
vn 0.476158 -0.151923 0.866137
vn 0.709657 -0.115823 0.694962
vn 0.715995 0.149429 0.681925
vn 0.155964 -0.027917 0.987368
vn 0.593219 0.093965 0.799539
vn 0.168187 0.518863 0.838149
vn -0.091829 0.278741 0.955966
vn 0.948596 -0.182202 0.258780
vn 0.905805 -0.088625 0.414322
vn 0.867245 -0.337016 0.366478
vn 0.911110 -0.368434 0.184756
vn -0.007965 -0.997421 0.071324
vn -0.048915 -0.997439 0.052173
vn -0.039069 -0.996328 0.076185
vn -0.036276 -0.995956 0.082195
vn -0.337821 0.936645 0.092585
vn -0.312029 0.950022 -0.009783
vn -0.340912 0.816830 -0.465369
vn -0.389825 0.830271 -0.398355
vn -0.962498 0.267559 -0.044825
vn -0.927031 0.249768 -0.279697
vn -0.941011 0.000559 -0.338375
vn -0.998308 0.033283 -0.047689
vn 0.098315 -0.190101 -0.976830
vn 0.204056 -0.163901 -0.965141
vn 0.244840 -0.235178 -0.940609
vn 0.110096 -0.264311 -0.958133
vn -0.240985 0.283103 -0.928321
vn -0.243149 0.070250 -0.967442
vn -0.523657 0.119517 -0.843504
vn -0.522855 0.332300 -0.784984
vn -0.054281 0.921263 0.385134
vn 0.019599 0.915736 0.401301
vn -0.029797 0.875807 0.481740
vn -0.054281 0.921263 0.385134
vn -0.029797 0.875807 0.481740
vn -0.076459 0.889647 0.450202
vn -0.924560 -0.309824 0.221807
vn -0.895965 -0.320430 0.307526
vn -0.948114 -0.296882 0.113761
vn -0.929740 -0.364234 0.054012
vn 0.230889 0.687624 0.688377
vn 0.182184 0.511220 0.839918
vn 0.393421 0.106742 0.913141
vn 0.450730 0.185657 0.873140
vn 0.007938 0.889598 0.456675
vn -0.091828 0.919754 0.381602
vn -0.108264 0.867879 0.484835
vn 0.007938 0.889598 0.456675
vn -0.108264 0.867879 0.484835
vn -0.031417 0.767329 0.640483
vn 0.603041 0.004465 -0.797698
vn -0.174059 -0.055318 -0.983180
vn -0.300065 -0.136949 -0.944037
vn 0.445916 -0.118473 -0.887200
vn -0.024066 -0.990892 0.132492
vn -0.097218 -0.992384 0.075647
vn -0.068878 -0.997401 0.021122
vn 0.001596 -0.997403 0.072004
vn 0.179773 0.974668 -0.133053
vn 0.181009 0.950307 0.253283
vn -0.104501 0.961212 0.255246
vn 0.179773 0.974668 -0.133053
vn -0.104501 0.961212 0.255246
vn -0.187522 0.975359 -0.116235
vn 0.079377 -0.822443 -0.563282
vn 0.024488 -0.796555 -0.604070
vn -0.072925 -0.791020 -0.607429
vn -0.097354 -0.828110 -0.552047
vn -0.448903 0.786560 -0.424039
vn -0.187522 0.975359 -0.116235
vn -0.527243 0.846384 -0.075161
vn -0.176928 0.339644 -0.923763
vn -0.611393 0.003437 -0.791320
vn -0.418506 0.527408 -0.739387
vn 0.102844 0.862259 -0.495915
vn 0.229099 0.667741 0.708262
vn 0.348919 0.634203 0.689958
vn 0.008154 0.709104 0.705057
vn -0.004993 0.711803 0.702362
vn -0.081864 -0.995246 -0.052755
vn 0.241828 -0.398887 0.884538
vn 0.056089 -0.483892 0.873329
vn 0.021124 -0.995550 -0.091835
vn 0.202066 -0.956745 0.209305
vn 0.098188 -0.970078 0.222053
vn 0.118626 -0.976504 0.179913
vn 0.403849 -0.909206 0.101247
vn 0.008154 0.709104 0.705057
vn 0.073841 0.646613 0.759235
vn -0.011958 0.567269 0.823446
vn -0.029347 0.749207 0.661686
vn 0.241160 -0.649539 0.721069
vn 0.094842 -0.635812 0.765994
vn 0.098828 -0.530380 0.841980
vn 0.260495 -0.546490 0.795922
vn 0.107767 0.902871 0.416185
vn 0.210333 0.896203 0.390614
vn 0.110201 0.834191 0.540353
vn 0.107767 0.902871 0.416185
vn 0.110201 0.834191 0.540353
vn 0.032106 0.850045 0.525730
vn -0.998308 0.033283 -0.047689
vn -0.967432 0.064374 0.244809
vn -0.941750 0.282358 0.182706
vn -0.962498 0.267559 -0.044825
vn -0.017153 -0.989557 0.143118
vn -0.005179 -0.998811 0.048477
vn -0.000117 -0.998602 0.052860
vn 0.001700 -0.989988 0.141144
vn -0.353370 -0.889367 0.290097
vn -0.233733 -0.969787 -0.069873
vn -0.082429 -0.996556 -0.009060
vn -0.136140 -0.922740 0.360578
vn 0.708613 -0.662798 0.242006
vn 0.653344 -0.611640 0.446136
vn 0.655773 -0.635638 0.407341
vn 0.701395 -0.680397 0.212380
vn -0.050290 -0.995780 -0.076764
vn 0.015991 -0.999869 0.002386
vn 0.011370 -0.999318 0.035146
vn -0.048578 -0.998711 -0.014716
vn -0.054281 0.921263 0.385134
vn -0.091828 0.919754 0.381602
vn -0.027829 0.962281 0.270630
vn -0.040672 0.957052 0.287049
vn 0.290285 -0.569499 0.769029
vn 0.207756 -0.570326 0.794711
vn 0.224073 -0.617234 0.754197
vn 0.317412 -0.610996 0.725213
vn 0.031360 -0.134032 0.990481
vn 0.163273 -0.069907 0.984101
vn 0.182415 -0.026331 0.982869
vn 0.026745 -0.066520 0.997427
vn -0.665879 -0.625662 0.406389
vn -0.595194 -0.602987 0.531180
vn -0.639134 -0.489286 0.593386
vn -0.709956 -0.533969 0.459172
vn -0.147169 -0.985540 -0.083978
vn -0.240233 -0.951916 -0.190115
vn -0.249543 -0.957288 -0.146042
vn -0.162012 -0.981980 -0.097299
vn 0.740690 -0.604562 -0.293059
vn 0.987923 -0.088022 0.127514
vn 0.938247 -0.135507 0.318323
vn 0.731627 -0.626756 -0.268140
vn -0.630703 0.499886 0.593573
vn -0.486148 0.359319 0.796586
vn -0.767491 0.474499 0.431055
vn -0.556898 0.017185 -0.830403
vn -0.270656 0.088679 -0.958583
vn -0.176928 0.339644 -0.923763
vn -0.455324 0.470862 -0.755625
vn -0.342352 -0.358268 -0.868584
vn -0.378095 -0.222959 -0.898517
vn -0.176928 0.339644 -0.923763
vn -0.270656 0.088679 -0.958583
vn 0.325264 -0.389264 0.861787
vn 0.484691 -0.419224 0.767676
vn 0.534223 -0.009686 0.845288
vn 0.394726 0.000819 0.918798
vn 0.999169 0.016781 -0.037155
vn 0.999407 -0.033689 0.007131
vn 0.827637 -0.260819 0.496981
vn 0.867597 -0.107342 0.485544
vn -0.501011 0.661279 0.558299
vn -0.665463 0.120101 0.736706
vn -0.533127 -0.120375 0.837428
vn -0.402157 0.427887 0.809434
vn -0.787361 0.144129 -0.599408
vn -0.790530 -0.023040 -0.611989
vn -0.603470 0.225982 -0.764694
vn -0.787361 0.144129 -0.599408
vn -0.603470 0.225982 -0.764694
vn -0.546173 0.508456 -0.665708
vn -0.787361 0.144129 -0.599408
vn -0.546173 0.508456 -0.665708
vn -0.550123 0.596219 -0.584712
vn -0.787361 0.144129 -0.599408
vn -0.550123 0.596219 -0.584712
vn -0.800942 0.145746 -0.580732
vn -0.627173 0.778662 0.018436
vn -0.415401 0.899588 0.134849
vn -0.245754 0.939665 0.237980
vn -0.297603 0.935985 0.188053
vn -0.790530 -0.023040 -0.611989
vn -0.764885 -0.251295 -0.593129
vn -0.597405 -0.129332 -0.791442
vn -0.790530 -0.023040 -0.611989
vn -0.597405 -0.129332 -0.791442
vn -0.603470 0.225982 -0.764694
vn -0.597405 -0.129332 -0.791442
vn -0.764885 -0.251295 -0.593129
vn -0.707356 -0.447614 -0.547073
vn -0.597405 -0.129332 -0.791442
vn -0.707356 -0.447614 -0.547073
vn -0.540158 -0.419066 -0.729804
vn -0.169973 -0.984388 0.045712
vn -0.216250 -0.974693 0.056660
vn -0.438027 -0.898640 -0.024058
vn -0.420875 -0.906067 -0.043656
vn -0.052636 -0.885003 -0.462600
vn 0.062550 -0.959625 -0.274238
vn -0.059120 -0.989267 -0.133622
vn -0.188199 -0.948597 -0.254450
vn 0.316565 0.853376 0.414169
vn 0.589678 0.072138 0.804410
vn 0.249188 0.362550 0.898033
vn 0.243937 0.875146 0.417868
vn 0.006200 -0.986707 0.162391
vn 0.000038 -0.973651 0.228042
vn -0.059725 -0.982174 0.178235
vn -0.078064 -0.988887 0.126522
vn -0.346328 -0.374371 -0.860176
vn -0.101970 -0.332991 -0.937400
vn -0.114246 0.180772 -0.976867
vn -0.346328 -0.374371 -0.860176
vn -0.114246 0.180772 -0.976867
vn -0.396112 -0.008932 -0.918159
vn 0.000497 -0.985606 0.169057
vn -0.058571 -0.985267 0.160678
vn -0.081541 -0.960494 0.266086
vn -0.000825 -0.966727 0.255807
vn -0.078909 -0.579472 -0.811163
vn -0.066700 -0.661548 -0.746931
vn 0.139937 -0.656029 -0.741649
vn -0.078909 -0.579472 -0.811163
vn 0.139937 -0.656029 -0.741649
vn 0.147128 -0.553859 -0.819508
vn -0.078909 -0.579472 -0.811163
vn 0.147128 -0.553859 -0.819508
vn 0.179403 -0.249806 -0.951531
vn -0.078909 -0.579472 -0.811163
vn 0.179403 -0.249806 -0.951531
vn -0.101970 -0.332991 -0.937400
vn 0.139937 -0.656029 -0.741649
vn -0.066700 -0.661548 -0.746931
vn -0.061650 -0.668563 -0.741095
vn 0.139937 -0.656029 -0.741649
vn -0.061650 -0.668563 -0.741095
vn 0.152666 -0.669836 -0.726645
vn 0.139937 -0.656029 -0.741649
vn 0.152666 -0.669836 -0.726645
vn 0.334681 -0.671984 -0.660626
vn 0.139937 -0.656029 -0.741649
vn 0.334681 -0.671984 -0.660626
vn 0.332008 -0.639087 -0.693786
vn 0.139937 -0.656029 -0.741649
vn 0.332008 -0.639087 -0.693786
vn 0.364762 -0.534595 -0.762336
vn 0.139937 -0.656029 -0.741649
vn 0.364762 -0.534595 -0.762336
vn 0.147128 -0.553859 -0.819508
vn 0.334681 -0.671984 -0.660626
vn 0.152666 -0.669836 -0.726645
vn 0.165130 -0.646418 -0.744900
vn 0.334681 -0.671984 -0.660626
vn 0.165130 -0.646418 -0.744900
vn 0.356809 -0.656387 -0.664713
vn 0.334681 -0.671984 -0.660626
vn 0.356809 -0.656387 -0.664713
vn 0.498709 -0.675569 -0.543043
vn 0.334681 -0.671984 -0.660626
vn 0.498709 -0.675569 -0.543043
vn 0.491409 -0.682238 -0.541358
vn 0.334681 -0.671984 -0.660626
vn 0.491409 -0.682238 -0.541358
vn 0.510597 -0.640209 -0.573954
vn 0.334681 -0.671984 -0.660626
vn 0.510597 -0.640209 -0.573954
vn 0.332008 -0.639087 -0.693786
vn 0.029871 0.654482 -0.755488
vn -0.246975 0.238469 -0.939221
vn -0.544605 0.252173 -0.799884
vn -0.533353 0.611582 -0.584382
vn 0.498709 -0.675569 -0.543043
vn 0.550355 -0.577573 -0.602925
vn 0.661527 -0.593537 -0.458362
vn 0.498709 -0.675569 -0.543043
vn 0.661527 -0.593537 -0.458362
vn 0.602205 -0.689841 -0.401832
vn 0.498709 -0.675569 -0.543043
vn 0.602205 -0.689841 -0.401832
vn 0.597602 -0.698451 -0.393748
vn 0.498709 -0.675569 -0.543043
vn 0.597602 -0.698451 -0.393748
vn 0.491409 -0.682238 -0.541358
vn -0.032497 -0.978315 0.204558
vn -0.048713 -0.984313 0.169573
vn -0.124865 -0.958377 0.256754
vn -0.042945 -0.960915 0.273492
vn -0.225836 -0.643203 0.731633
vn -0.086229 -0.637185 0.765872
vn -0.080114 -0.612066 0.786738
vn -0.217994 -0.613947 0.758649
vn 0.661527 -0.593537 -0.458362
vn 0.751673 -0.611131 -0.248006
vn 0.683695 -0.696515 -0.217778
vn 0.661527 -0.593537 -0.458362
vn 0.683695 -0.696515 -0.217778
vn 0.602205 -0.689841 -0.401832
vn -0.750526 -0.078628 -0.656146
vn -0.782014 0.111571 -0.613193
vn -0.772175 0.133997 -0.621121
vn -0.714189 -0.032010 -0.699220
vn -0.118300 -0.974204 -0.192174
vn -0.110493 -0.976317 -0.186003
vn -0.022488 -0.981361 -0.190854
vn -0.019358 -0.979755 -0.199264
vn 0.228785 0.523299 0.820862
vn 0.238290 0.581549 0.777830
vn 0.121359 0.516330 0.847747
vn 0.114257 0.469296 0.875618
vn -0.777848 -0.165542 0.606257
vn -0.837552 -0.002824 0.546350
vn -0.899242 -0.368980 0.234984
vn -0.818443 -0.532661 0.215461
vn -0.267369 -0.848044 -0.457532
vn -0.206376 -0.755329 -0.622002
vn 0.032882 -0.832618 -0.552870
vn -0.078923 -0.943741 -0.321130
vn 0.065018 -0.991377 0.113774
vn 0.076341 -0.987304 0.139296
vn 0.071597 -0.989338 0.126825
vn 0.040194 -0.992124 0.118638
vn 0.696646 -0.063668 -0.714584
vn 0.740200 -0.106323 -0.663927
vn 0.630252 -0.347789 -0.694136
vn 0.565241 -0.246526 -0.787228
vn 0.724105 -0.479917 -0.495329
vn 0.672772 -0.489323 -0.554924
vn 0.788303 -0.602751 -0.123572
vn 0.837175 -0.546934 0.000917
vn -0.250833 0.915566 0.314359
vn -0.264530 0.926511 0.267583
vn -0.222970 0.931485 0.287437
vn -0.240577 0.921313 0.305458
vn -0.475525 -0.028949 0.879226
vn -0.294843 -0.270550 0.916444
vn -0.416750 -0.187690 0.889434
vn -0.467388 -0.317925 0.824907
vn 0.862835 0.362999 0.351779
vn 0.790940 0.493456 0.361822
vn 0.693846 0.522682 0.495360
vn 0.862835 0.362999 0.351779
vn 0.693846 0.522682 0.495360
vn 0.765071 0.393337 0.509855
vn 0.862835 0.362999 0.351779
vn 0.765071 0.393337 0.509855
vn 0.776573 0.194784 0.599160
vn 0.862835 0.362999 0.351779
vn 0.776573 0.194784 0.599160
vn 0.885454 0.172438 0.431551
vn 0.713266 -0.696632 -0.077173
vn 0.731627 -0.626756 -0.268140
vn 0.938247 -0.135507 0.318323
vn 0.792939 -0.237398 0.561151
vn 0.185620 0.973268 -0.135260
vn 0.306973 0.950015 -0.056916
vn 0.446203 0.854990 -0.264376
vn 0.284719 0.875886 -0.389562
vn 0.363913 0.549653 -0.751964
vn 0.575082 0.561279 -0.595185
vn 0.589217 0.438978 -0.678322
vn 0.360407 0.352553 -0.863605
vn -0.045381 -0.815065 -0.577589
vn -0.147245 -0.778883 -0.609640
vn -0.072925 -0.791020 -0.607429
vn 0.024488 -0.796555 -0.604070
vn 0.091051 0.669158 0.737521
vn 0.360033 0.688430 0.629635
vn 0.389741 0.654191 0.648179
vn 0.084436 0.669039 0.738416
vn -0.269008 0.634521 0.724581
vn -0.677819 0.576998 0.455670
vn -0.367234 0.874779 0.316072
vn -0.155553 0.893142 0.422020
vn 0.098120 0.902650 0.419040
vn 0.091471 0.963323 0.252275
vn 0.284327 0.944218 0.166163
vn 0.286926 0.887367 0.360905
vn 0.199827 0.930988 0.305500
vn 0.217369 0.921303 0.322415
vn 0.197440 0.915240 0.351216
vn 0.195916 0.927054 0.319667
vn 0.268029 0.947157 0.176222
vn 0.522460 0.851028 -0.052787
vn 0.386256 0.917240 -0.097353
vn 0.300569 0.943637 0.138588
vn 0.386102 0.578192 0.718762
vn 0.621106 0.208532 0.755475
vn 0.328956 -0.855626 0.399615
vn 0.386102 0.578192 0.718762
vn 0.328956 -0.855626 0.399615
vn 0.332135 -0.544892 0.769922
vn 0.386102 0.578192 0.718762
vn 0.332135 -0.544892 0.769922
vn 0.298077 0.609770 0.734391
vn 0.386102 0.578192 0.718762
vn 0.298077 0.609770 0.734391
vn 0.254874 0.614090 0.746949
vn -0.955911 0.118395 -0.268731
vn -0.765068 0.011135 -0.643854
vn -0.621286 -0.062501 -0.781087
vn -0.878555 0.118787 -0.462635
vn -0.727763 -0.502932 0.466283
vn -0.545452 -0.656692 0.520804
vn -0.533127 -0.120375 0.837428
vn -0.665463 0.120101 0.736706
vn 0.018160 -0.998845 0.044483
vn 0.056025 -0.998429 -0.000826
vn 0.206789 -0.969279 -0.133182
vn 0.252654 -0.965705 -0.059836
vn 0.648280 -0.737652 0.188687
vn 0.415786 -0.866094 -0.277496
vn 0.471583 -0.762428 -0.443072
vn 0.713266 -0.696632 -0.077173
vn 0.328956 -0.855626 0.399615
vn -0.044155 -0.998866 -0.017812
vn 0.332135 -0.544892 0.769922
vn -0.817573 0.423378 -0.390289
vn -0.718700 0.669979 -0.186005
vn -0.713338 0.700811 0.003620
vn -0.839549 0.474209 -0.265108
vn 0.016829 -0.999857 -0.001356
vn 0.057502 -0.998130 -0.020747
vn 0.014663 -0.998498 -0.052784
vn 0.473025 0.613833 0.632026
vn 0.348985 0.579758 0.736268
vn 0.343056 0.481520 0.806505
vn 0.490895 0.519660 0.699268
vn 0.014663 -0.998498 -0.052784
vn 0.023492 -0.995003 -0.097045
vn 0.007251 -0.994281 -0.106549
vn 0.014663 -0.998498 -0.052784
vn 0.007251 -0.994281 -0.106549
vn -0.040950 -0.990781 -0.129138
vn 0.014663 -0.998498 -0.052784
vn -0.040950 -0.990781 -0.129138
vn -0.132095 -0.986103 -0.100757
vn 0.014663 -0.998498 -0.052784
vn -0.132095 -0.986103 -0.100757
vn -0.044155 -0.998866 -0.017812
vn -0.040950 -0.990781 -0.129138
vn 0.007251 -0.994281 -0.106549
vn -0.084689 -0.989723 -0.115223
vn -0.040950 -0.990781 -0.129138
vn -0.084689 -0.989723 -0.115223
vn -0.127578 -0.975372 -0.179924
vn -0.040950 -0.990781 -0.129138
vn -0.127578 -0.975372 -0.179924
vn -0.158974 -0.969083 -0.188696
vn -0.040950 -0.990781 -0.129138
vn -0.158974 -0.969083 -0.188696
vn -0.132095 -0.986103 -0.100757
vn 0.386102 0.578192 0.718762
vn 0.355011 0.643607 0.678039
vn 0.457004 0.672101 0.582605
vn 0.621106 0.208532 0.755475
vn 0.919481 -0.056824 -0.389006
vn 0.888108 -0.064014 -0.455156
vn 0.552237 -0.116628 -0.825489
vn 0.571997 -0.117670 -0.811772
vn 0.561694 -0.392541 0.728294
vn 0.241828 -0.398887 0.884538
vn -0.081864 -0.995246 -0.052755
vn -0.029381 -0.996436 -0.079068
vn -0.125144 0.981770 0.143061
vn -0.132027 0.973583 0.186293
vn -0.151873 0.972067 0.178944
vn -0.142472 0.978350 0.150108
vn 0.298622 -0.842817 -0.447755
vn 0.308142 -0.831938 -0.461441
vn 0.394959 -0.796951 -0.457030
vn 0.396425 -0.792245 -0.463892
vn -0.126255 -0.966240 -0.224588
vn -0.001416 -0.974875 -0.222749
vn 0.004032 -0.973439 -0.228911
vn -0.830964 0.531864 -0.163157
vn -0.831424 0.485020 -0.271091
vn -0.783238 -0.554762 -0.280673
vn -0.822733 -0.539621 -0.178659
vn -0.707670 -0.312510 -0.633672
vn -0.414324 -0.456820 -0.787179
vn -0.338303 -0.359278 -0.869753
vn -0.623285 -0.127154 -0.771588
vn -0.430579 0.672325 0.602147
vn -0.122898 0.925590 0.358022
vn -0.208544 0.917491 0.338704
vn -0.432267 0.591735 0.680438
vn 0.013968 -0.853448 0.520991
vn 0.160308 0.240047 0.957433
vn 0.251831 -0.445302 0.859236
vn 0.013968 -0.853448 0.520991
vn 0.251831 -0.445302 0.859236
vn -0.139544 -0.980838 -0.135955
vn -0.010660 0.054727 -0.998444
vn -0.243149 0.070250 -0.967442
vn -0.240985 0.283103 -0.928321
vn -0.003692 0.272706 -0.962090
vn -0.427617 -0.501703 0.751956
vn -0.367357 -0.581245 0.726088
vn -0.435708 -0.708692 0.554901
vn -0.674807 -0.628238 0.387236
vn 0.160308 0.240047 0.957433
vn 0.298077 0.609770 0.734391
vn 0.251831 -0.445302 0.859236
vn 0.017734 -0.825396 0.564276
vn 0.004032 -0.973439 -0.228911
vn 0.110254 -0.969134 -0.220505
vn 0.017734 -0.825396 0.564276
vn 0.110254 -0.969134 -0.220505
vn -0.025662 -0.756391 0.653616
vn 0.017734 -0.825396 0.564276
vn -0.025662 -0.756391 0.653616
vn -0.160786 0.348946 0.923247
vn 0.017734 -0.825396 0.564276
vn -0.160786 0.348946 0.923247
vn 0.007811 0.257297 0.966301
vn 0.110254 -0.969134 -0.220505
vn 0.004032 -0.973439 -0.228911
vn -0.001416 -0.974875 -0.222749
vn 0.110254 -0.969134 -0.220505
vn -0.001416 -0.974875 -0.222749
vn 0.106923 -0.973454 -0.202374
vn 0.110254 -0.969134 -0.220505
vn 0.106923 -0.973454 -0.202374
vn 0.141443 -0.972596 -0.184531
vn 0.110254 -0.969134 -0.220505
vn 0.141443 -0.972596 -0.184531
vn 0.150394 -0.969886 -0.191577
vn 0.110254 -0.969134 -0.220505
vn 0.150394 -0.969886 -0.191577
vn -0.040917 -0.856497 0.514527
vn 0.110254 -0.969134 -0.220505
vn -0.040917 -0.856497 0.514527
vn -0.025662 -0.756391 0.653616
vn 0.141443 -0.972596 -0.184531
vn 0.106923 -0.973454 -0.202374
vn 0.104871 -0.975556 -0.193115
vn 0.141443 -0.972596 -0.184531
vn 0.104871 -0.975556 -0.193115
vn 0.135345 -0.975764 -0.171948
vn 0.831841 0.502250 -0.236189
vn 0.630234 0.687412 0.360929
vn 0.920250 -0.083847 0.382243
vn 0.969315 -0.237428 -0.063694
vn -0.461252 0.198816 -0.864708
vn 0.174861 0.186670 -0.966736
vn 0.083351 0.064383 -0.994438
vn -0.522052 0.069138 -0.850107
vn 0.082389 0.926110 0.368146
vn -0.002067 0.971713 0.236155
vn -0.117887 0.966547 0.227792
vn 0.005114 0.900801 0.434202
vn 0.871813 0.449742 0.194098
vn 0.568281 0.794164 -0.215317
vn 0.414165 0.908822 0.050103
vn 0.539331 0.758381 0.366033
vn 0.118940 0.873808 0.471500
vn 0.051199 0.778612 0.625413
vn 0.182184 0.511220 0.839918
vn 0.230889 0.687624 0.688377
vn 0.637119 0.083387 -0.766241
vn 0.617586 -0.248611 -0.746177
vn 0.803240 -0.060030 -0.592622
vn 0.795448 0.143425 -0.588805
vn 0.114728 0.748316 0.653346
vn 0.152358 0.800460 0.579698
vn -0.112537 0.852115 0.511113
vn -0.129543 0.839709 0.527358
vn -0.863597 -0.116297 -0.490586
vn -0.838578 -0.346958 -0.420009
vn -0.928844 -0.239603 -0.282557
vn -0.922394 -0.068531 -0.380122
vn 0.114582 -0.977508 -0.177056
vn 0.097244 -0.983923 -0.149798
vn 0.115329 -0.982169 -0.148469
vn -0.385023 0.554958 0.737414
vn -0.246663 0.906726 0.342061
vn -0.213218 0.912163 0.349995
vn -0.245801 0.395364 0.885025
vn 0.114582 -0.977508 -0.177056
vn 0.126591 -0.974011 -0.187824
vn 0.138938 -0.972196 -0.188494
vn 0.114582 -0.977508 -0.177056
vn 0.138938 -0.972196 -0.188494
vn 0.121463 -0.972220 -0.200087
vn 0.114582 -0.977508 -0.177056
vn 0.121463 -0.972220 -0.200087
vn 0.099706 -0.977905 -0.183738
vn 0.661991 -0.203944 0.721232
vn 0.499573 -0.127502 0.856837
vn 0.533101 -0.722741 0.439827
vn 0.648280 -0.737652 0.188687
vn 0.121463 -0.972220 -0.200087
vn 0.090743 -0.977806 -0.188842
vn 0.099706 -0.977905 -0.183738
vn 0.121463 -0.972220 -0.200087
vn 0.138938 -0.972196 -0.188494
vn 0.146321 -0.968775 -0.200162
vn 0.121463 -0.972220 -0.200087
vn 0.146321 -0.968775 -0.200162
vn 0.143805 -0.968771 -0.201996
vn 0.747011 -0.400253 0.530822
vn 0.837175 -0.546934 0.000917
vn 0.788303 -0.602751 -0.123572
vn 0.750117 -0.651954 0.110818
vn -0.538975 0.841276 -0.041958
vn -0.291377 0.950382 0.108962
vn -0.282759 0.893782 0.348139
vn -0.503400 0.836110 0.217964
vn 0.089813 -0.977543 -0.190637
vn 0.009249 -0.980736 -0.195121
vn 0.106862 -0.973280 -0.203240
vn 0.089813 -0.977543 -0.190637
vn 0.143805 -0.968771 -0.201996
vn 0.180922 -0.961800 -0.205446
vn 0.089813 -0.977543 -0.190637
vn 0.180922 -0.961800 -0.205446
vn 0.126820 -0.980135 -0.152484
vn 0.089813 -0.977543 -0.190637
vn 0.126820 -0.980135 -0.152484
vn -0.245341 -0.928807 0.277714
vn 0.089813 -0.977543 -0.190637
vn -0.245341 -0.928807 0.277714
vn -0.226138 -0.974065 -0.007683
vn 0.805983 0.394562 -0.441263
vn 0.750438 0.430268 -0.501710
vn 0.721578 0.439884 -0.534627
vn 0.851368 0.379559 -0.362087
vn -0.245341 -0.928807 0.277714
vn 0.126820 -0.980135 -0.152484
vn 0.119522 -0.989608 -0.079937
vn -0.245341 -0.928807 0.277714
vn 0.119522 -0.989608 -0.079937
vn -0.275114 -0.529362 0.802551
vn -0.245341 -0.928807 0.277714
vn -0.275114 -0.529362 0.802551
vn -0.359592 0.666877 0.652662
vn -0.245341 -0.928807 0.277714
vn -0.359592 0.666877 0.652662
vn -0.678211 0.144258 0.720569
vn -0.359592 0.666877 0.652662
vn -0.084373 0.768608 0.634131
vn -0.055107 0.985307 0.161658
vn -0.359592 0.666877 0.652662
vn -0.055107 0.985307 0.161658
vn -0.185926 0.945875 0.265993
vn -0.359592 0.666877 0.652662
vn -0.185926 0.945875 0.265993
vn -0.250058 0.933540 0.256854
vn -0.359592 0.666877 0.652662
vn -0.250058 0.933540 0.256854
vn -0.678211 0.144258 0.720569
vn -0.359592 0.666877 0.652662
vn -0.275114 -0.529362 0.802551
vn 0.056089 -0.483892 0.873329
vn -0.359592 0.666877 0.652662
vn 0.056089 -0.483892 0.873329
vn -0.084373 0.768608 0.634131
vn 0.300569 0.943637 0.138588
vn 0.658722 0.739087 0.140842
vn 0.413186 0.847415 0.333414
vn 0.246371 0.933972 0.258841
vn 0.056089 -0.483892 0.873329
vn -0.275114 -0.529362 0.802551
vn 0.119522 -0.989608 -0.079937
vn -0.133323 -0.970898 -0.198952
vn -0.136761 -0.970200 -0.200019
vn -0.003813 -0.983831 -0.179059
vn -0.010853 -0.983731 -0.179320
vn -0.755380 0.130577 0.642145
vn -0.278222 -0.913296 0.297461
vn -0.320218 -0.815736 0.481700
vn -0.458010 0.290809 0.840034
vn -0.342887 -0.842789 0.414892
vn -0.129422 -0.818815 0.559278
vn -0.098768 -0.968040 0.230530
vn -0.159080 -0.975069 0.154705
vn -0.081864 -0.995246 -0.052755
vn 0.021124 -0.995550 -0.091835
vn 0.001986 -0.982963 -0.183792
vn -0.430573 0.644398 -0.631948
vn -0.280256 0.377920 -0.882402
vn 0.127339 0.526278 -0.840724
vn -0.042675 0.731529 -0.680474
vn -0.123064 -0.967824 -0.219480
vn -0.125057 -0.967171 -0.221228
vn -0.143945 -0.970625 -0.192789
vn -0.129734 -0.972985 -0.190968
vn -0.146533 -0.962928 -0.226489
vn -0.103033 -0.966251 -0.236098
vn -0.013580 -0.982958 -0.183328
vn -0.146533 -0.962928 -0.226489
vn -0.013580 -0.982958 -0.183328
vn -0.029381 -0.996436 -0.079068
vn -0.146533 -0.962928 -0.226489
vn -0.137550 -0.970243 -0.199272
vn -0.136761 -0.970200 -0.200019
vn -0.249760 0.358248 0.899599
vn -0.258945 0.239574 0.935709
vn -0.101322 0.209338 0.972580
vn -0.104941 0.311249 0.944517
vn -0.146533 -0.962928 -0.226489
vn -0.152681 -0.960112 -0.234252
vn -0.112370 -0.964297 -0.239799
vn -0.146533 -0.962928 -0.226489
vn -0.112370 -0.964297 -0.239799
vn -0.103033 -0.966251 -0.236098
vn -0.112370 -0.964297 -0.239799
vn -0.107360 -0.966495 -0.233155
vn -0.103554 -0.965350 -0.239532
vn -0.457544 -0.361951 -0.812185
vn -0.606936 -0.198434 -0.769580
vn -0.591920 -0.161783 -0.789593
vn -0.436448 -0.279045 -0.855364
vn -0.112370 -0.964297 -0.239799
vn -0.152681 -0.960112 -0.234252
vn -0.152060 -0.959625 -0.236639
vn -0.781846 0.326449 -0.531175
vn -0.773436 0.307905 -0.554067
vn -0.699299 0.498867 -0.511970
vn -0.709871 0.560828 -0.426093
vn 0.159396 -0.955844 0.246891
vn 0.043871 -0.397776 0.916433
vn -0.306906 -0.333878 0.891254
vn -0.028499 -0.984993 0.170224
vn -0.087206 -0.971372 -0.220979
vn 0.007992 -0.985316 -0.170553
vn -0.013749 -0.982587 -0.185292
vn -0.087206 -0.971372 -0.220979
vn -0.013749 -0.982587 -0.185292
vn -0.107360 -0.966495 -0.233155
vn -0.087206 -0.971372 -0.220979
vn -0.114982 -0.964461 -0.237894
vn -0.097652 -0.969868 -0.223206
vn -0.087206 -0.971372 -0.220979
vn -0.097652 -0.969868 -0.223206
vn -0.092614 -0.983806 -0.153455
vn -0.087206 -0.971372 -0.220979
vn -0.092614 -0.983806 -0.153455
vn -0.029137 -0.986654 -0.160204
vn -0.087206 -0.971372 -0.220979
vn -0.029137 -0.986654 -0.160204
vn 0.007992 -0.985316 -0.170553
vn -0.029137 -0.986654 -0.160204
vn -0.084689 -0.989723 -0.115223
vn 0.007251 -0.994281 -0.106549
vn -0.029137 -0.986654 -0.160204
vn 0.007251 -0.994281 -0.106549
vn 0.007992 -0.985316 -0.170553
vn -0.029137 -0.986654 -0.160204
vn -0.092614 -0.983806 -0.153455
vn -0.078140 -0.978267 -0.192061
vn -0.029137 -0.986654 -0.160204
vn -0.078140 -0.978267 -0.192061
vn -0.109494 -0.968684 -0.222852
vn -0.029137 -0.986654 -0.160204
vn -0.109494 -0.968684 -0.222852
vn -0.129734 -0.972985 -0.190968
vn -0.029137 -0.986654 -0.160204
vn -0.129734 -0.972985 -0.190968
vn -0.084689 -0.989723 -0.115223
vn -0.109494 -0.968684 -0.222852
vn -0.078140 -0.978267 -0.192061
vn -0.118300 -0.974204 -0.192174
vn -0.109494 -0.968684 -0.222852
vn -0.118300 -0.974204 -0.192174
vn -0.123045 -0.970236 -0.208572
vn 0.411653 -0.215466 0.885503
vn 0.347729 -0.228032 0.909443
vn 0.136054 -0.034891 0.990087
vn 0.180842 -0.063991 0.981428
vn -0.123045 -0.970236 -0.208572
vn -0.118300 -0.974204 -0.192174
vn -0.019358 -0.979755 -0.199264
vn -0.123045 -0.970236 -0.208572
vn -0.019358 -0.979755 -0.199264
vn -0.016862 -0.977341 -0.210996
vn -0.123045 -0.970236 -0.208572
vn -0.016862 -0.977341 -0.210996
vn -0.008905 -0.975266 -0.220855
vn -0.123045 -0.970236 -0.208572
vn -0.008905 -0.975266 -0.220855
vn -0.123064 -0.967824 -0.219480
vn -0.008905 -0.975266 -0.220855
vn -0.016862 -0.977341 -0.210996
vn 0.100238 -0.976534 -0.190612
vn -0.008905 -0.975266 -0.220855
vn 0.100238 -0.976534 -0.190612
vn 0.104871 -0.975556 -0.193115
vn -0.008905 -0.975266 -0.220855
vn 0.104871 -0.975556 -0.193115
vn 0.106923 -0.973454 -0.202374
vn -0.008905 -0.975266 -0.220855
vn 0.106923 -0.973454 -0.202374
vn -0.001416 -0.974875 -0.222749
vn -0.008905 -0.975266 -0.220855
vn -0.125057 -0.967171 -0.221228
vn -0.123064 -0.967824 -0.219480
vn -0.447084 0.133332 0.884499
vn -0.485800 -0.014834 0.873944
vn -0.454559 0.128254 0.881434
vn -0.502182 0.140443 0.853281
vn 0.638531 -0.006880 -0.769565
vn 0.603041 0.004465 -0.797698
vn 0.947633 0.193716 -0.253902
vn 0.892961 0.131706 -0.430435
vn 0.100238 -0.976534 -0.190612
vn 0.136589 -0.976487 -0.166785
vn 0.135345 -0.975764 -0.171948
vn 0.100238 -0.976534 -0.190612
vn 0.135345 -0.975764 -0.171948
vn 0.104871 -0.975556 -0.193115
vn 0.336922 -0.101134 -0.936085
vn 0.350624 -0.459085 -0.816275
vn 0.465305 -0.357672 -0.809668
vn 0.432720 -0.374868 -0.819894
vn 0.130145 0.627710 0.767491
vn 0.282419 0.411881 0.866368
vn 0.352396 0.398686 0.846680
vn 0.145996 0.641956 0.752714
vn 0.149890 -0.972296 -0.179367
vn 0.133688 -0.975881 -0.172579
vn 0.155926 -0.973640 -0.166472
vn 0.149890 -0.972296 -0.179367
vn 0.145147 -0.974552 -0.170822
vn 0.153923 -0.971361 -0.181011
vn 0.149890 -0.972296 -0.179367
vn 0.153923 -0.971361 -0.181011
vn 0.178303 -0.966302 -0.185655
vn 0.149890 -0.972296 -0.179367
vn 0.178303 -0.966302 -0.185655
vn 0.156641 -0.967960 -0.196259
vn 0.149890 -0.972296 -0.179367
vn 0.156641 -0.967960 -0.196259
vn 0.126591 -0.974011 -0.187824
vn 0.156641 -0.967960 -0.196259
vn 0.146321 -0.968775 -0.200162
vn 0.138938 -0.972196 -0.188494
vn 0.156641 -0.967960 -0.196259
vn 0.138938 -0.972196 -0.188494
vn 0.126591 -0.974011 -0.187824
vn 0.156641 -0.967960 -0.196259
vn 0.178303 -0.966302 -0.185655
vn 0.176354 -0.963352 -0.202119
vn 0.156641 -0.967960 -0.196259
vn 0.176354 -0.963352 -0.202119
vn 0.188559 -0.960472 -0.204792
vn 0.156641 -0.967960 -0.196259
vn 0.188559 -0.960472 -0.204792
vn 0.190790 -0.958846 -0.210270
vn 0.156641 -0.967960 -0.196259
vn 0.190790 -0.958846 -0.210270
vn 0.146321 -0.968775 -0.200162
vn 0.190790 -0.958846 -0.210270
vn 0.180922 -0.961800 -0.205446
vn 0.143805 -0.968771 -0.201996
vn 0.190790 -0.958846 -0.210270
vn 0.143805 -0.968771 -0.201996
vn 0.146321 -0.968775 -0.200162
vn 0.091649 0.976245 0.196333
vn 0.099827 0.977338 0.186666
vn 0.085517 0.978231 0.189081
vn 0.081688 0.975986 0.201937
vn 0.190790 -0.958846 -0.210270
vn 0.139107 -0.974681 -0.175061
vn 0.146742 -0.976081 -0.160415
vn 0.190790 -0.958846 -0.210270
vn 0.146742 -0.976081 -0.160415
vn 0.180922 -0.961800 -0.205446
vn 0.146742 -0.976081 -0.160415
vn 0.001986 -0.982963 -0.183792
vn 0.021124 -0.995550 -0.091835
vn 0.146742 -0.976081 -0.160415
vn 0.119522 -0.989608 -0.079937
vn 0.126820 -0.980135 -0.152484
vn 0.146742 -0.976081 -0.160415
vn 0.126820 -0.980135 -0.152484
vn 0.180922 -0.961800 -0.205446
vn 0.901563 0.294129 -0.317290
vn 0.923388 0.136449 -0.358798
vn 0.987960 0.144598 -0.055019
vn 0.859208 0.511417 0.014655
vn -0.003813 -0.983831 -0.179059
vn -0.136761 -0.970200 -0.200019
vn -0.137550 -0.970243 -0.199272
vn 0.755232 -0.160327 0.635547
vn 0.683034 -0.413595 0.602000
vn 0.514337 -0.465372 0.720338
vn 0.573395 -0.189625 0.797032
vn 0.475320 -0.232809 0.848452
vn 0.394726 0.000819 0.918798
vn 0.496681 -0.000519 0.867933
vn 0.461386 -0.042978 0.886158
vn -0.133323 -0.970898 -0.198952
vn -0.152060 -0.959625 -0.236639
vn -0.152681 -0.960112 -0.234252
vn -0.133323 -0.970898 -0.198952
vn -0.010853 -0.983731 -0.179320
vn -0.019669 -0.983086 -0.182087
vn -0.133323 -0.970898 -0.198952
vn -0.019669 -0.983086 -0.182087
vn -0.122943 -0.974155 -0.189491
vn -0.133323 -0.970898 -0.198952
vn -0.122943 -0.974155 -0.189491
vn -0.142106 -0.964042 -0.224562
vn -0.133323 -0.970898 -0.198952
vn -0.142106 -0.964042 -0.224562
vn -0.152060 -0.959625 -0.236639
vn 0.009346 -0.990518 0.137065
vn 0.032511 -0.984420 0.172804
vn 0.047260 -0.988146 0.146064
vn 0.015914 -0.992642 0.120033
vn 0.439773 0.395198 0.806485
vn 0.463389 0.438157 0.770252
vn 0.112556 0.751760 0.649760
vn 0.143524 0.763690 0.629427
vn -0.019669 -0.983086 -0.182087
vn -0.020059 -0.982338 -0.186036
vn -0.118609 -0.974600 -0.189965
vn -0.019669 -0.983086 -0.182087
vn -0.118609 -0.974600 -0.189965
vn -0.122943 -0.974155 -0.189491
vn 0.601016 0.786178 0.143885
vn 0.506216 0.861333 -0.043022
vn 0.321013 0.922050 0.216274
vn 0.389241 0.845696 0.365088
vn -0.020059 -0.982338 -0.186036
vn -0.022488 -0.981361 -0.190854
vn -0.110493 -0.976317 -0.186003
vn -0.020059 -0.982338 -0.186036
vn -0.110493 -0.976317 -0.186003
vn -0.118609 -0.974600 -0.189965
vn 0.386017 -0.415815 0.823461
vn 0.364189 -0.527898 0.767262
vn -0.094712 -0.546687 0.831963
vn -0.137001 -0.422717 0.895846
vn 0.089283 -0.644913 0.759023
vn 0.088099 -0.615083 0.783525
vn -0.086229 -0.637185 0.765872
vn -0.094322 -0.654087 0.750515
vn 0.023855 -0.967729 0.250861
vn 0.133523 -0.937087 0.322552
vn 0.105720 -0.927136 0.359501
vn -0.030335 -0.981346 0.189842
vn 0.697587 0.597516 -0.395408
vn 0.685882 0.513258 -0.515880
vn 0.767637 0.320442 -0.555022
vn 0.783494 0.349872 -0.513543
vn -0.731275 -0.535546 0.422407
vn -0.869416 -0.462268 0.174424
vn -0.624611 -0.717458 -0.308407
vn -0.574504 -0.810326 -0.115401
vn -0.495647 0.702564 0.510624
vn -0.671829 -0.097209 0.734299
vn -0.507427 -0.486659 0.711112
vn -0.573630 0.642611 0.507937
vn -0.998444 0.048995 -0.026640
vn -0.415401 0.899588 0.134849
vn -0.627173 0.778662 0.018436
vn -0.972111 -0.201868 -0.119369
vn -0.013749 -0.982587 -0.185292
vn -0.024642 -0.977087 -0.211409
vn -0.103554 -0.965350 -0.239532
vn -0.013749 -0.982587 -0.185292
vn -0.103554 -0.965350 -0.239532
vn -0.107360 -0.966495 -0.233155
vn 0.413186 0.847415 0.333414
vn 0.701200 0.505840 0.502439
vn 0.268254 0.618183 0.738844
vn 0.139940 0.887059 0.439936
vn -0.470954 -0.050073 0.880736
vn -0.375957 0.109229 0.920177
vn -0.454559 0.128254 0.881434
vn -0.485800 -0.014834 0.873944
vn -0.024642 -0.977087 -0.211409
vn -0.026195 -0.973627 -0.226637
vn -0.062187 -0.970494 -0.232968
vn -0.024642 -0.977087 -0.211409
vn -0.062187 -0.970494 -0.232968
vn -0.103554 -0.965350 -0.239532
vn -0.062187 -0.970494 -0.232968
vn -0.026195 -0.973627 -0.226637
vn 0.093033 -0.964670 -0.246489
vn -0.062187 -0.970494 -0.232968
vn 0.093033 -0.964670 -0.246489
vn 0.570164 -0.817356 -0.082714
vn 0.286926 0.887367 0.360905
vn 0.284327 0.944218 0.166163
vn 0.534706 0.844765 -0.021502
vn 0.522074 0.823250 0.222930
vn -0.062187 -0.970494 -0.232968
vn -0.013580 -0.982958 -0.183328
vn -0.103033 -0.966251 -0.236098
vn 0.808749 -0.456697 0.370612
vn 0.570164 -0.817356 -0.082714
vn 0.893318 0.383793 0.233850
vn 0.808749 -0.456697 0.370612
vn 0.893318 0.383793 0.233850
vn 0.502971 0.759658 0.412238
vn 0.808749 -0.456697 0.370612
vn 0.502971 0.759658 0.412238
vn 0.325692 0.816930 0.475973
vn 0.808749 -0.456697 0.370612
vn 0.325692 0.816930 0.475973
vn 0.561694 -0.392541 0.728294
vn 0.808749 -0.456697 0.370612
vn 0.561694 -0.392541 0.728294
vn -0.029381 -0.996436 -0.079068
vn 0.808749 -0.456697 0.370612
vn -0.029381 -0.996436 -0.079068
vn -0.013580 -0.982958 -0.183328
vn 0.325692 0.816930 0.475973
vn 0.502971 0.759658 0.412238
vn 0.172940 0.952871 0.249257
vn 0.325692 0.816930 0.475973
vn 0.172940 0.952871 0.249257
vn 0.125725 0.971227 0.202268
vn -0.076072 0.972569 0.219824
vn -0.052968 0.978624 0.198723
vn 0.073741 0.976142 0.204226
vn 0.064420 0.971059 0.229987
vn -0.448903 0.786560 -0.424039
vn -0.527243 0.846384 -0.075161
vn -0.739794 0.671354 -0.044581
vn -0.726657 0.623836 -0.287746
vn 0.099187 0.970547 0.219546
vn 0.125725 0.971227 0.202268
vn 0.136790 0.967258 0.213777
vn -0.567133 0.087718 0.818942
vn -0.341099 -0.932954 0.115106
vn -0.182234 -0.974545 0.130588
vn -0.217524 -0.894089 0.391519
vn 0.099187 0.970547 0.219546
vn 0.084042 0.968571 0.234109
vn -0.059677 0.986458 0.152771
vn 0.099187 0.970547 0.219546
vn -0.059677 0.986458 0.152771
vn -0.055107 0.985307 0.161658
vn 0.099187 0.970547 0.219546
vn -0.055107 0.985307 0.161658
vn -0.084373 0.768608 0.634131
vn 0.099187 0.970547 0.219546
vn -0.084373 0.768608 0.634131
vn 0.169769 0.809542 0.561979
vn -0.059677 0.986458 0.152771
vn 0.084042 0.968571 0.234109
vn 0.070268 0.971745 0.225330
vn -0.059677 0.986458 0.152771
vn 0.070268 0.971745 0.225330
vn -0.072813 0.977919 0.195890
vn -0.059677 0.986458 0.152771
vn -0.072813 0.977919 0.195890
vn -0.161667 0.965741 0.202998
vn -0.059677 0.986458 0.152771
vn -0.161667 0.965741 0.202998
vn -0.162486 0.963885 0.211009
vn -0.059677 0.986458 0.152771
vn -0.162486 0.963885 0.211009
vn -0.185926 0.945875 0.265993
vn -0.059677 0.986458 0.152771
vn -0.185926 0.945875 0.265993
vn -0.055107 0.985307 0.161658
vn -0.162486 0.963885 0.211009
vn -0.161667 0.965741 0.202998
vn -0.177010 0.963901 0.198906
vn -0.162486 0.963885 0.211009
vn -0.177010 0.963901 0.198906
vn -0.177109 0.963558 0.200469
vn -0.162486 0.963885 0.211009
vn -0.177109 0.963558 0.200469
vn -0.250058 0.933540 0.256854
vn -0.162486 0.963885 0.211009
vn -0.250058 0.933540 0.256854
vn -0.185926 0.945875 0.265993
vn -0.907089 -0.267347 -0.325139
vn -0.764885 -0.251295 -0.593129
vn -0.790530 -0.023040 -0.611989
vn -0.941587 -0.044185 -0.333858
vn 0.175142 0.071056 -0.981976
vn -0.075556 0.036510 -0.996473
vn -0.357695 0.335443 -0.871511
vn -0.176131 0.357340 -0.917216
vn -0.641962 -0.517747 -0.565529
vn -0.791651 -0.515269 -0.328308
vn -0.890725 -0.272991 -0.363436
vn -0.714561 -0.299562 -0.632191
vn -0.382776 0.878558 0.285688
vn -0.185693 0.959315 0.212680
vn -0.505218 0.826569 0.248070
vn 0.237363 0.352640 0.905154
vn 0.235476 0.239497 0.941909
vn 0.429859 0.292162 0.854320
vn 0.402665 0.407025 0.819873
vn -0.854801 0.326697 0.403219
vn -0.809043 0.148700 0.568627
vn -0.864146 0.225470 0.449906
vn -0.827538 0.313664 0.465614
vn 0.022112 -0.997182 -0.071687
vn 0.072732 -0.996650 -0.037397
vn 0.114665 -0.991097 -0.067658
vn 0.072814 -0.994489 -0.075433
vn -0.928917 -0.362531 0.075402
vn -0.987425 -0.090997 -0.129275
vn -0.228016 -0.950123 -0.212779
vn -0.811476 0.478169 -0.335949
vn -0.823303 0.395167 -0.407451
vn -0.789025 0.453109 -0.414887
vn -0.769284 0.518805 -0.372886
vn -0.928917 -0.362531 0.075402
vn -0.226138 -0.974065 -0.007683
vn -0.896697 -0.110759 0.428564
vn 0.040760 -0.979477 -0.197392
vn -0.228016 -0.950123 -0.212779
vn -0.001874 -0.985478 -0.169793
vn 0.040760 -0.979477 -0.197392
vn -0.001874 -0.985478 -0.169793
vn 0.047007 -0.987512 -0.150367
vn 0.040760 -0.979477 -0.197392
vn 0.047007 -0.987512 -0.150367
vn 0.080210 -0.986236 -0.144585
vn 0.040760 -0.979477 -0.197392
vn 0.080210 -0.986236 -0.144585
vn 0.090743 -0.977806 -0.188842
vn 0.040760 -0.979477 -0.197392
vn 0.106862 -0.973280 -0.203240
vn 0.009249 -0.980736 -0.195121
vn 0.080210 -0.986236 -0.144585
vn 0.047007 -0.987512 -0.150367
vn 0.072814 -0.994489 -0.075433
vn 0.080210 -0.986236 -0.144585
vn 0.072814 -0.994489 -0.075433
vn 0.098204 -0.991439 -0.086051
vn 0.080210 -0.986236 -0.144585
vn 0.098204 -0.991439 -0.086051
vn 0.107402 -0.988262 -0.108642
vn 0.080210 -0.986236 -0.144585
vn 0.107402 -0.988262 -0.108642
vn 0.097244 -0.983923 -0.149798
vn 0.080210 -0.986236 -0.144585
vn 0.099706 -0.977905 -0.183738
vn 0.090743 -0.977806 -0.188842
vn -0.630703 0.499886 0.593573
vn -0.164402 0.557384 0.813815
vn -0.107420 0.260957 0.959355
vn -0.486148 0.359319 0.796586
vn 0.653245 0.582997 0.483099
vn 0.859208 0.511417 0.014655
vn 0.987960 0.144598 -0.055019
vn 0.765911 0.316665 0.559556
vn 0.107402 -0.988262 -0.108642
vn 0.120102 -0.984741 -0.125938
vn 0.115329 -0.982169 -0.148469
vn 0.107402 -0.988262 -0.108642
vn 0.115329 -0.982169 -0.148469
vn 0.097244 -0.983923 -0.149798
vn -0.115537 -0.963967 -0.239620
vn -0.605492 -0.643470 0.468323
vn -0.057113 -0.997373 0.044558
vn -0.225201 -0.973391 -0.042364
vn 0.131533 -0.986520 -0.097354
vn -0.095427 -0.985778 0.138330
vn -0.724994 -0.504835 0.468536
vn 0.131533 -0.986520 -0.097354
vn -0.724994 -0.504835 0.468536
vn 0.120403 -0.985740 -0.117555
vn 0.007752 0.747935 0.663727
vn 0.010733 0.739707 0.672843
vn -0.162413 0.709560 0.685673
vn -0.092688 0.731448 0.675568
vn 0.961854 -0.051996 0.268576
vn 0.695960 -0.223298 0.682479
vn 0.695769 -0.032081 0.717549
vn 0.982420 0.013147 0.186220
vn 0.179773 0.974668 -0.133053
vn 0.046282 0.840249 -0.540221
vn 0.412279 0.753479 -0.512149
vn 0.384838 0.918446 -0.091418
vn -0.547449 -0.400079 0.735007
vn -0.495930 -0.554568 0.668212
vn -0.427617 -0.501703 0.751956
vn -0.616890 -0.552067 0.560954
vn 0.022112 -0.997182 -0.071687
vn 0.072814 -0.994489 -0.075433
vn 0.047007 -0.987512 -0.150367
vn 0.022112 -0.997182 -0.071687
vn 0.047007 -0.987512 -0.150367
vn -0.001874 -0.985478 -0.169793
vn 0.022112 -0.997182 -0.071687
vn -0.001874 -0.985478 -0.169793
vn -0.260407 -0.950328 -0.170485
vn 0.022112 -0.997182 -0.071687
vn -0.260407 -0.950328 -0.170485
vn -0.061293 -0.993483 -0.096101
vn -0.260407 -0.950328 -0.170485
vn -0.991202 -0.073224 -0.110262
vn -0.399173 -0.876404 -0.269400
vn -0.260407 -0.950328 -0.170485
vn -0.399173 -0.876404 -0.269400
vn -0.061293 -0.993483 -0.096101
vn -0.260407 -0.950328 -0.170485
vn -0.001874 -0.985478 -0.169793
vn -0.228016 -0.950123 -0.212779
vn -0.260407 -0.950328 -0.170485
vn -0.228016 -0.950123 -0.212779
vn -0.987425 -0.090997 -0.129275
vn -0.260407 -0.950328 -0.170485
vn -0.987425 -0.090997 -0.129275
vn -0.441260 0.887124 0.135282
vn -0.260407 -0.950328 -0.170485
vn -0.441260 0.887124 0.135282
vn -0.991202 -0.073224 -0.110262
vn -0.441260 0.887124 0.135282
vn -0.128511 0.972703 0.193218
vn -0.344902 0.933318 0.099804
vn -0.441260 0.887124 0.135282
vn -0.344902 0.933318 0.099804
vn -0.991202 -0.073224 -0.110262
vn -0.441260 0.887124 0.135282
vn -0.505218 0.826569 0.248070
vn -0.185693 0.959315 0.212680
vn -0.149072 -0.336178 0.929926
vn -0.152916 -0.541995 0.826352
vn 0.069461 -0.538394 0.839826
vn 0.075983 -0.323620 0.943131
vn -0.151873 0.972067 0.178944
vn -0.132027 0.973583 0.186293
vn -0.146931 0.969436 0.196482
vn -0.165392 0.966806 0.194762
vn -0.142479 0.968589 0.203803
vn -0.165830 0.964146 0.207179
vn -0.162243 0.965635 0.203045
vn 0.153784 -0.972180 0.176683
vn -0.026186 -0.982990 0.181784
vn -0.001370 -0.989711 0.143071
vn 0.196494 -0.975478 0.099164
vn -0.269956 -0.840280 0.470163
vn -0.217994 -0.613947 0.758649
vn -0.080114 -0.612066 0.786738
vn -0.083668 -0.905050 0.416994
vn -0.274677 0.043234 0.960564
vn -0.103918 0.033258 0.994030
vn -0.101322 0.209338 0.972580
vn -0.258945 0.239574 0.935709
vn 0.796640 0.514487 -0.317281
vn 0.853950 0.342639 -0.391622
vn 0.589217 0.438978 -0.678322
vn 0.575082 0.561279 -0.595185
vn 0.071497 0.563976 -0.822690
vn 0.300178 0.129492 -0.945053
vn -0.039681 0.061555 -0.997315
vn -0.245272 0.467556 -0.849254
vn -0.146931 0.969436 0.196482
vn -0.137856 0.970204 0.199248
vn -0.164999 0.965652 0.200729
vn -0.146931 0.969436 0.196482
vn -0.164999 0.965652 0.200729
vn -0.172028 0.964803 0.198903
vn -0.917081 -0.329160 -0.224979
vn -0.768207 0.624342 -0.141612
vn -0.813254 0.426202 -0.396194
vn -0.774384 -0.495035 -0.394043
vn -0.151873 0.972067 0.178944
vn -0.143868 0.974463 0.172407
vn -0.141603 0.978021 0.153047
vn -0.941750 0.282358 0.182706
vn -0.889127 0.433801 0.145839
vn -0.891652 0.451476 -0.033556
vn -0.962498 0.267559 -0.044825
vn -0.454421 -0.065638 -0.888366
vn -0.636449 0.092749 -0.765722
vn -0.543069 0.155711 -0.825124
vn -0.349512 -0.018874 -0.936742
vn -0.151873 0.972067 0.178944
vn -0.165392 0.966806 0.194762
vn -0.143775 0.971318 0.189392
vn -0.151873 0.972067 0.178944
vn -0.143775 0.971318 0.189392
vn -0.143868 0.974463 0.172407
vn 0.876830 -0.400621 -0.265840
vn 0.769373 -0.488526 -0.411591
vn 0.888213 0.241851 -0.390623
vn 0.865877 0.444900 -0.228738
vn 0.006269 0.977923 0.208873
vn -0.542891 0.820975 0.176831
vn -0.594541 0.708316 0.380538
vn -0.136142 0.913505 0.383371
vn -0.143775 0.971318 0.189392
vn -0.137173 0.971006 0.195782
vn -0.005932 0.980690 0.195480
vn -0.143775 0.971318 0.189392
vn -0.005932 0.980690 0.195480
vn -0.028070 0.981035 0.191789
vn -0.462484 -0.885878 -0.036446
vn -0.435708 -0.708692 0.554901
vn -0.361577 -0.727246 0.583417
vn -0.461927 -0.886372 -0.031110
vn -0.005932 0.980690 0.195480
vn -0.137173 0.971006 0.195782
vn -0.116883 0.971792 0.204840
vn -0.005932 0.980690 0.195480
vn -0.116883 0.971792 0.204840
vn 0.024385 0.977247 0.210700
vn -0.005932 0.980690 0.195480
vn 0.024385 0.977247 0.210700
vn 0.119067 0.969955 0.212157
vn -0.005932 0.980690 0.195480
vn 0.119067 0.969955 0.212157
vn 0.099827 0.977338 0.186666
vn 0.024385 0.977247 0.210700
vn -0.116883 0.971792 0.204840
vn -0.091074 0.976076 0.197438
vn -0.196561 -0.198833 0.960119
vn -0.011676 0.049515 0.998705
vn -0.227538 0.074941 0.970881
vn -0.612050 -0.163612 0.773709
vn 0.790940 0.493456 0.361822
vn 0.640602 0.760750 0.104351
vn 0.767455 0.557407 0.316719
vn 0.654937 0.650758 0.384150
vn 0.138935 0.963352 0.229458
vn 0.124710 0.963708 0.236038
vn 0.092800 0.971946 0.216123
vn 0.138935 0.963352 0.229458
vn 0.092800 0.971946 0.216123
vn 0.119067 0.969955 0.212157
vn 0.138935 0.963352 0.229458
vn 0.053130 0.969244 0.240299
vn 0.070268 0.971745 0.225330
vn -0.510339 -0.536277 0.672280
vn -0.567967 -0.337109 0.750847
vn -0.403614 -0.382726 0.831034
vn -0.352966 -0.612155 0.707589
vn 0.138935 0.963352 0.229458
vn 0.145584 0.962991 0.226833
vn 0.129176 0.962167 0.239892
vn 0.138935 0.963352 0.229458
vn 0.129176 0.962167 0.239892
vn 0.124710 0.963708 0.236038
vn 0.129176 0.962167 0.239892
vn 0.131778 0.962304 0.237919
vn 0.114533 0.969189 0.218070
vn 0.129176 0.962167 0.239892
vn 0.114533 0.969189 0.218070
vn 0.124710 0.963708 0.236038
vn 0.129176 0.962167 0.239892
vn 0.145584 0.962991 0.226833
vn 0.136790 0.967258 0.213777
vn 0.129176 0.962167 0.239892
vn 0.136790 0.967258 0.213777
vn 0.128101 0.962714 0.238268
vn 0.810258 -0.548913 0.205368
vn 0.899564 -0.435001 -0.039475
vn 0.529145 -0.830951 -0.171829
vn 0.322831 -0.919706 0.223430
vn 0.138632 0.959561 0.244996
vn 0.118698 0.971279 0.206222
vn 0.076497 0.979918 0.184147
vn 0.138632 0.959561 0.244996
vn 0.076497 0.979918 0.184147
vn 0.131778 0.962304 0.237919
vn -0.136263 0.934353 -0.329267
vn 0.102844 0.862259 -0.495915
vn -0.307433 0.925669 0.220504
vn -0.422136 0.846484 0.324446
vn 0.138632 0.959561 0.244996
vn 0.232932 0.938519 0.254802
vn 0.489754 0.863632 0.119499
vn 0.138632 0.959561 0.244996
vn 0.489754 0.863632 0.119499
vn 0.118698 0.971279 0.206222
vn 0.208900 0.354471 0.911434
vn 0.337342 0.360228 0.869733
vn 0.343056 0.481520 0.806505
vn 0.219600 0.442520 0.869455
vn 0.489754 0.863632 0.119499
vn 0.232932 0.938519 0.254802
vn 0.893318 0.383793 0.233850
vn 0.489754 0.863632 0.119499
vn 0.893318 0.383793 0.233850
vn 0.955128 -0.222094 -0.195969
vn 0.489754 0.863632 0.119499
vn 0.955128 -0.222094 -0.195969
vn 0.663153 -0.716078 -0.217855
vn 0.489754 0.863632 0.119499
vn 0.663153 -0.716078 -0.217855
vn 0.829650 0.541885 -0.134321
vn 0.663153 -0.716078 -0.217855
vn 0.270826 -0.957646 -0.097816
vn 0.862120 -0.319060 -0.393636
vn 0.663153 -0.716078 -0.217855
vn 0.862120 -0.319060 -0.393636
vn 0.829650 0.541885 -0.134321
vn 0.902822 -0.382133 -0.197198
vn 0.899564 -0.435001 -0.039475
vn 0.957916 -0.285638 -0.028414
vn 0.958808 -0.250586 -0.133768
vn -0.925399 -0.370062 -0.081803
vn -0.955696 0.077788 0.283891
vn -0.980764 0.026482 0.193391
vn -0.923525 -0.370624 -0.098682
vn 0.602205 -0.689841 -0.401832
vn 0.683695 -0.696515 -0.217778
vn 0.681590 -0.701389 -0.208538
vn 0.597602 -0.698451 -0.393748
vn 0.211998 0.713625 -0.667679
vn 0.222254 0.964057 -0.145596
vn 0.038122 0.998219 -0.045882
vn -0.013289 0.813623 -0.581241
vn -0.188199 -0.948597 -0.254450
vn -0.398941 -0.902070 0.164671
vn -0.495569 -0.866351 0.062024
vn -0.250594 -0.905188 -0.343275
vn 0.277772 -0.958678 -0.061468
vn 0.248379 -0.968060 -0.034181
vn 0.497127 -0.854604 -0.150056
vn 0.277772 -0.958678 -0.061468
vn 0.497127 -0.854604 -0.150056
vn 0.531698 -0.815464 -0.228724
vn -0.927411 -0.370596 -0.050670
vn -0.931920 -0.357257 -0.062389
vn -0.877738 0.261619 0.401413
vn -0.921073 0.161451 0.354341
vn -0.232638 -0.968504 -0.088762
vn -0.669868 -0.652787 -0.353759
vn -0.614123 -0.705207 -0.354311
vn -0.202883 -0.972129 -0.117485
vn -0.304845 -0.935670 -0.177738
vn -0.071660 -0.962816 -0.260480
vn -0.071133 -0.904433 -0.420644
vn -0.300704 -0.855352 -0.421842
vn 0.157688 -0.984951 0.070758
vn 0.129461 -0.991274 0.024810
vn 0.056281 -0.998081 0.025828
vn 0.157688 -0.984951 0.070758
vn 0.056281 -0.998081 0.025828
vn 0.231335 -0.945604 0.228729
vn -0.193601 -0.977637 0.082130
vn -0.239578 -0.970821 0.010474
vn -0.504163 -0.861957 0.053374
vn -0.402907 -0.890283 0.212277
vn 0.690302 -0.652621 0.312360
vn 0.804991 0.397685 0.440267
vn 0.767455 0.557407 0.316719
vn 0.690302 -0.652621 0.312360
vn 0.767455 0.557407 0.316719
vn 0.709498 -0.693544 -0.124938
vn -0.294067 0.892087 0.343084
vn -0.035287 0.908631 0.416107
vn 0.018729 0.715790 0.698065
vn -0.551359 0.607048 0.572272
vn 0.690302 -0.652621 0.312360
vn 0.615814 -0.443782 0.651023
vn 0.614573 0.521653 0.591759
vn 0.690302 -0.652621 0.312360
vn 0.614573 0.521653 0.591759
vn 0.804991 0.397685 0.440267
vn 0.709498 -0.693544 -0.124938
vn 0.767455 0.557407 0.316719
vn 0.953797 -0.287659 -0.086737
vn 0.709498 -0.693544 -0.124938
vn 0.953797 -0.287659 -0.086737
vn 0.497095 0.309480 -0.810628
vn 0.709498 -0.693544 -0.124938
vn 0.497095 0.309480 -0.810628
vn 0.862591 -0.008988 -0.505822
vn 0.709498 -0.693544 -0.124938
vn 0.862591 -0.008988 -0.505822
vn 0.497127 -0.854604 -0.150056
vn 0.862591 -0.008988 -0.505822
vn 0.497095 0.309480 -0.810628
vn 0.953797 -0.287659 -0.086737
vn 0.862591 -0.008988 -0.505822
vn 0.953797 -0.287659 -0.086737
vn 0.412309 0.850349 -0.326967
vn -0.091074 0.976076 0.197438
vn -0.072813 0.977919 0.195890
vn 0.053130 0.969244 0.240299
vn 0.024385 0.977247 0.210700
vn -0.093083 0.956082 0.277925
vn -0.155553 0.893142 0.422020
vn -0.367234 0.874779 0.316072
vn -0.236046 0.942540 0.236435
vn 0.707650 0.248294 0.661500
vn 0.799472 -0.513959 0.310951
vn 0.760447 -0.084498 0.643880
vn 0.690163 -0.132897 0.711346
vn 0.845609 0.215063 -0.488563
vn 0.420136 0.872828 -0.248308
vn 0.862120 -0.319060 -0.393636
vn 0.845609 0.215063 -0.488563
vn 0.862120 -0.319060 -0.393636
vn 0.531698 -0.815464 -0.228724
vn -0.059300 -0.992613 0.105841
vn -0.078064 -0.988887 0.126522
vn -0.205165 -0.976757 0.062079
vn -0.216250 -0.974693 0.056660
vn 0.420136 0.872828 -0.248308
vn 0.068737 0.995718 0.061806
vn 0.829650 0.541885 -0.134321
vn 0.420136 0.872828 -0.248308
vn 0.829650 0.541885 -0.134321
vn 0.862120 -0.319060 -0.393636
vn 0.790455 0.299745 -0.534166
vn 0.811462 0.307420 -0.497013
vn 0.834830 0.139931 -0.532427
vn 0.809636 0.110741 -0.576391
vn -0.019608 0.998465 0.051809
vn -0.025040 0.998957 0.038194
vn 0.017536 0.988625 0.149376
vn -0.019608 0.998465 0.051809
vn 0.017536 0.988625 0.149376
vn 0.076497 0.979918 0.184147
vn -0.019608 0.998465 0.051809
vn 0.076497 0.979918 0.184147
vn 0.118698 0.971279 0.206222
vn -0.019608 0.998465 0.051809
vn 0.118698 0.971279 0.206222
vn 0.068737 0.995718 0.061806
vn 0.017536 0.988625 0.149376
vn -0.025040 0.998957 0.038194
vn 0.035017 0.998122 0.050262
vn 0.017536 0.988625 0.149376
vn 0.035017 0.998122 0.050262
vn 0.011723 0.992314 0.123186
vn 0.017536 0.988625 0.149376
vn 0.011723 0.992314 0.123186
vn 0.046494 0.979626 0.195375
vn 0.017536 0.988625 0.149376
vn 0.046494 0.979626 0.195375
vn 0.114533 0.969189 0.218070
vn 0.017536 0.988625 0.149376
vn 0.114533 0.969189 0.218070
vn 0.131778 0.962304 0.237919
vn 0.017536 0.988625 0.149376
vn 0.131778 0.962304 0.237919
vn 0.076497 0.979918 0.184147
vn 0.011723 0.992314 0.123186
vn 0.035017 0.998122 0.050262
vn 0.118962 0.973204 0.196781
vn 0.011723 0.992314 0.123186
vn 0.118962 0.973204 0.196781
vn 0.103720 0.969731 0.221051
vn 0.011723 0.992314 0.123186
vn 0.103720 0.969731 0.221051
vn 0.081688 0.975986 0.201937
vn 0.011723 0.992314 0.123186
vn 0.081688 0.975986 0.201937
vn 0.046494 0.979626 0.195375
vn 0.138886 0.713873 0.686364
vn 0.601977 0.539803 0.588419
vn 0.734814 0.403167 0.545439
vn 0.229099 0.667741 0.708262
vn 0.032106 0.850045 0.525730
vn -0.163730 0.722512 0.671691
vn -0.222961 0.717859 0.659520
vn -0.029797 0.875807 0.481740
vn -0.472508 -0.621135 0.625242
vn -0.609443 -0.586608 0.533357
vn -0.689976 -0.422802 0.587512
vn -0.510339 -0.536277 0.672280
vn 0.181379 0.264842 -0.947080
vn 0.179403 -0.249806 -0.951531
vn 0.420110 -0.245106 -0.873745
vn 0.429295 0.204321 -0.879749
vn -0.076072 0.972569 0.219824
vn 0.064420 0.971059 0.229987
vn 0.077595 0.929810 0.359766
vn -0.076072 0.972569 0.219824
vn 0.077595 0.929810 0.359766
vn -0.118489 0.930708 0.346040
vn -0.076072 0.972569 0.219824
vn -0.118489 0.930708 0.346040
vn -0.180862 0.964325 0.193305
vn -0.076072 0.972569 0.219824
vn -0.180862 0.964325 0.193305
vn -0.141603 0.978021 0.153047
vn -0.076072 0.972569 0.219824
vn -0.141603 0.978021 0.153047
vn -0.143868 0.974463 0.172407
vn -0.076072 0.972569 0.219824
vn -0.143868 0.974463 0.172407
vn -0.052968 0.978624 0.198723
vn -0.180862 0.964325 0.193305
vn -0.118489 0.930708 0.346040
vn -0.170818 0.809581 0.561605
vn -0.180862 0.964325 0.193305
vn -0.170818 0.809581 0.561605
vn -0.334130 0.876828 0.345731
vn -0.180862 0.964325 0.193305
vn -0.334130 0.876828 0.345731
vn -0.285869 0.958056 0.020166
vn -0.180862 0.964325 0.193305
vn -0.285869 0.958056 0.020166
vn -0.108595 0.993221 0.041472
vn -0.180862 0.964325 0.193305
vn -0.108595 0.993221 0.041472
vn -0.142472 0.978350 0.150108
vn -0.108595 0.993221 0.041472
vn -0.285869 0.958056 0.020166
vn -0.182706 0.943524 -0.276372
vn -0.108595 0.993221 0.041472
vn -0.182706 0.943524 -0.276372
vn -0.121474 0.992490 0.014394
vn -0.108595 0.993221 0.041472
vn -0.121474 0.992490 0.014394
vn -0.125144 0.981770 0.143061
vn -0.108595 0.993221 0.041472
vn -0.125144 0.981770 0.143061
vn -0.142472 0.978350 0.150108
vn -0.121474 0.992490 0.014394
vn -0.182706 0.943524 -0.276372
vn -0.811019 0.394144 -0.432317
vn -0.121474 0.992490 0.014394
vn -0.811019 0.394144 -0.432317
vn -0.195501 0.975589 -0.100027
vn 0.451932 -0.059253 0.890082
vn 0.412299 -0.034911 0.910379
vn 0.431884 -0.060521 0.899896
vn 0.296315 -0.280846 0.912865
vn -0.195501 0.975589 -0.100027
vn -0.811019 0.394144 -0.432317
vn -0.756151 -0.634764 -0.159094
vn -0.195501 0.975589 -0.100027
vn -0.756151 -0.634764 -0.159094
vn -0.829226 0.267797 -0.490580
vn -0.195501 0.975589 -0.100027
vn -0.829226 0.267797 -0.490580
vn -0.344902 0.933318 0.099804
vn -0.195501 0.975589 -0.100027
vn -0.344902 0.933318 0.099804
vn -0.115267 0.982986 0.143008
vn -0.829226 0.267797 -0.490580
vn -0.756151 -0.634764 -0.159094
vn -0.206677 -0.977626 -0.039143
vn -0.829226 0.267797 -0.490580
vn -0.206677 -0.977626 -0.039143
vn -0.399173 -0.876404 -0.269400
vn -0.829226 0.267797 -0.490580
vn -0.399173 -0.876404 -0.269400
vn -0.991202 -0.073224 -0.110262
vn -0.829226 0.267797 -0.490580
vn -0.991202 -0.073224 -0.110262
vn -0.344902 0.933318 0.099804
vn 0.538575 -0.217892 -0.813916
vn 0.868701 -0.130758 -0.477767
vn 0.878047 -0.425169 -0.219694
vn 0.634999 -0.516957 -0.574048
vn 0.268032 -0.717982 -0.642386
vn 0.219235 -0.543866 -0.810028
vn 0.393143 -0.416371 -0.819801
vn 0.466600 -0.562644 -0.682434
vn -0.709956 -0.533969 0.459172
vn -0.775071 -0.362764 0.517365
vn -0.863068 -0.423831 0.274739
vn -0.754801 -0.605651 0.251919
vn 0.296126 -0.954919 0.020972
vn 0.313505 -0.946815 -0.072502
vn 0.525428 -0.847840 -0.071369
vn 0.511886 -0.856783 0.062416
vn -0.057113 -0.997373 0.044558
vn -0.605492 -0.643470 0.468323
vn -0.507427 -0.486659 0.711112
vn -0.057113 -0.997373 0.044558
vn -0.507427 -0.486659 0.711112
vn 0.113884 -0.992549 -0.043330
vn -0.285869 0.958056 0.020166
vn -0.334130 0.876828 0.345731
vn -0.554722 0.712618 0.429487
vn -0.285869 0.958056 0.020166
vn -0.554722 0.712618 0.429487
vn -0.572286 0.819629 0.026411
vn -0.285869 0.958056 0.020166
vn -0.572286 0.819629 0.026411
vn -0.734937 0.570979 -0.365856
vn -0.285869 0.958056 0.020166
vn -0.734937 0.570979 -0.365856
vn -0.182706 0.943524 -0.276372
vn -0.334130 0.876828 0.345731
vn -0.170818 0.809581 0.561605
vn -0.280030 0.641136 0.714512
vn -0.334130 0.876828 0.345731
vn -0.280030 0.641136 0.714512
vn -0.554722 0.712618 0.429487
vn -0.280030 0.641136 0.714512
vn 0.091051 0.669158 0.737521
vn 0.084436 0.669039 0.738416
vn -0.280030 0.641136 0.714512
vn 0.084436 0.669039 0.738416
vn -0.362983 0.567385 0.739133
vn -0.280030 0.641136 0.714512
vn -0.362983 0.567385 0.739133
vn -0.770677 0.377669 0.513247
vn -0.280030 0.641136 0.714512
vn -0.770677 0.377669 0.513247
vn -0.554722 0.712618 0.429487
vn -0.280030 0.641136 0.714512
vn -0.170818 0.809581 0.561605
vn 0.095387 0.804398 0.586383
vn -0.280030 0.641136 0.714512
vn 0.095387 0.804398 0.586383
vn 0.091051 0.669158 0.737521
vn -0.738115 0.181091 0.649918
vn -0.743804 -0.072469 0.664457
vn -0.525583 -0.153104 0.836852
vn -0.498061 0.089383 0.862523
vn 0.095387 0.804398 0.586383
vn -0.170818 0.809581 0.561605
vn -0.118489 0.930708 0.346040
vn 0.095387 0.804398 0.586383
vn -0.118489 0.930708 0.346040
vn 0.077595 0.929810 0.359766
vn 0.220277 0.972073 -0.080945
vn 0.402316 0.843312 -0.356323
vn 0.293368 0.692120 -0.659474
vn 0.102974 0.899238 -0.425168
vn 0.192498 0.939374 0.283763
vn 0.052650 0.998501 0.014950
vn 0.263944 0.929081 0.259120
vn 0.192498 0.939374 0.283763
vn 0.263944 0.929081 0.259120
vn 0.313634 0.799708 0.511958
vn 0.146308 0.456236 -0.877748
vn 0.293368 0.692120 -0.659474
vn 0.460517 0.426675 -0.778378
vn 0.296026 0.218637 -0.929821
vn 0.192498 0.939374 0.283763
vn 0.118962 0.973204 0.196781
vn 0.035017 0.998122 0.050262
vn 0.192498 0.939374 0.283763
vn 0.035017 0.998122 0.050262
vn 0.052650 0.998501 0.014950
vn 0.263944 0.929081 0.259120
vn -0.001795 0.993222 -0.116220
vn 0.309256 0.939875 0.144900
vn 0.263944 0.929081 0.259120
vn 0.309256 0.939875 0.144900
vn 0.492105 0.687711 0.533747
vn 0.776520 0.287984 0.560431
vn 0.774885 0.383704 0.502318
vn 0.883764 0.348720 0.312017
vn 0.906514 0.226303 0.356398
vn 0.263944 0.929081 0.259120
vn 0.360033 0.688430 0.629635
vn 0.313634 0.799708 0.511958
vn -0.657474 0.521800 -0.543555
vn -0.287466 0.547006 -0.786223
vn -0.181245 0.670896 -0.719061
vn -0.600337 0.616969 -0.508866
vn 0.263944 0.929081 0.259120
vn -0.010847 0.999026 -0.042775
vn -0.001795 0.993222 -0.116220
vn -0.536374 -0.348686 -0.768584
vn -0.400394 -0.595097 -0.696810
vn -0.515740 -0.696681 -0.498646
vn -0.682240 -0.513732 -0.520218
vn 0.492105 0.687711 0.533747
vn 0.557271 0.589036 0.585223
vn 0.389741 0.654191 0.648179
vn -0.085151 -0.976699 -0.196999
vn -0.110493 -0.976317 -0.186003
vn -0.118300 -0.974204 -0.192174
vn -0.078140 -0.978267 -0.192061
vn -0.462640 0.598776 -0.653782
vn -0.346331 0.918206 -0.192232
vn -0.195188 0.960143 -0.200067
vn -0.303368 0.649234 -0.697469
vn 0.731627 -0.626756 -0.268140
vn 0.713266 -0.696632 -0.077173
vn 0.471583 -0.762428 -0.443072
vn 0.499983 -0.736764 -0.455188
vn -0.939664 -0.034877 -0.340318
vn -0.986587 0.020890 0.161891
vn -0.988504 0.006152 0.151071
vn -0.922912 0.049298 -0.381842
vn -0.442767 -0.780238 -0.441798
vn -0.401608 -0.757022 -0.515392
vn -0.624611 -0.717458 -0.308407
vn -0.618931 -0.698275 -0.359632
vn 0.982198 0.064661 -0.176370
vn 0.999139 0.035440 -0.021563
vn 0.938911 -0.131027 0.318241
vn 0.961854 -0.051996 0.268576
vn -0.347133 0.636027 0.689179
vn -0.303570 0.741317 0.598576
vn -0.611586 0.670100 0.420629
vn -0.347133 0.636027 0.689179
vn -0.611586 0.670100 0.420629
vn -0.682689 0.537738 0.494746
vn -0.347133 0.636027 0.689179
vn -0.682689 0.537738 0.494746
vn -0.770677 0.377669 0.513247
vn -0.347133 0.636027 0.689179
vn -0.770677 0.377669 0.513247
vn -0.362983 0.567385 0.739133
vn -0.682689 0.537738 0.494746
vn -0.611586 0.670100 0.420629
vn -0.729421 0.675048 0.110702
vn -0.682689 0.537738 0.494746
vn -0.729421 0.675048 0.110702
vn -0.852183 0.495139 0.169181
vn -0.682689 0.537738 0.494746
vn -0.852183 0.495139 0.169181
vn -0.967881 0.181922 0.173524
vn -0.682689 0.537738 0.494746
vn -0.967881 0.181922 0.173524
vn -0.770677 0.377669 0.513247
vn -0.866865 0.096966 0.489022
vn -0.867267 0.300704 0.396768
vn -0.941750 0.282358 0.182706
vn -0.967432 0.064374 0.244809
vn -0.301011 -0.489266 -0.818542
vn -0.378861 -0.642274 -0.666294
vn -0.530097 -0.491666 -0.690841
vn -0.457544 -0.361951 -0.812185
vn -0.543069 0.155711 -0.825124
vn -0.400043 0.261943 -0.878266
vn -0.202669 0.074564 -0.976404
vn -0.349512 -0.018874 -0.936742
vn -0.420875 -0.906067 -0.043656
vn -0.917081 -0.329160 -0.224979
vn -0.774384 -0.495035 -0.394043
vn -0.314825 -0.938737 -0.140210
vn -0.409020 0.886506 -0.216355
vn -0.242890 0.944445 0.221422
vn -0.117887 0.966547 0.227792
vn -0.346331 0.918206 -0.192232
vn -0.303570 0.741317 0.598576
vn 0.028143 0.782628 0.621853
vn 0.012692 0.885233 0.464975
vn -0.204419 0.867198 0.454072
vn -0.122943 -0.974155 -0.189491
vn -0.118609 -0.974600 -0.189965
vn -0.124819 -0.970446 -0.206529
vn -0.142106 -0.964042 -0.224562
vn 0.360033 0.688430 0.629635
vn 0.091051 0.669158 0.737521
vn 0.095387 0.804398 0.586383
vn 0.313634 0.799708 0.511958
vn 0.023855 -0.967729 0.250861
vn 0.241635 -0.938031 0.248417
vn 0.193273 -0.953112 0.232860
vn 0.133523 -0.937087 0.322552
vn -0.841352 0.494397 -0.218401
vn -0.819033 0.572963 -0.029973
vn -0.919218 0.360137 0.159184
vn -0.841352 0.494397 -0.218401
vn -0.919218 0.360137 0.159184
vn -0.980484 0.120149 -0.155613
vn 0.867597 -0.107342 0.485544
vn 0.827637 -0.260819 0.496981
vn 0.386017 -0.415815 0.823461
vn 0.419362 -0.185248 0.888717
vn -0.841352 0.494397 -0.218401
vn -0.862511 0.444875 -0.241168
vn -0.891652 0.451476 -0.033556
vn -0.841352 0.494397 -0.218401
vn -0.891652 0.451476 -0.033556
vn -0.819033 0.572963 -0.029973
vn -0.891652 0.451476 -0.033556
vn -0.889127 0.433801 0.145839
vn -0.796903 0.577423 0.177561
vn -0.891652 0.451476 -0.033556
vn -0.796903 0.577423 0.177561
vn -0.819033 0.572963 -0.029973
vn 0.052675 -0.995369 -0.080408
vn 0.089683 -0.995169 -0.039935
vn -0.012214 -0.999605 0.025294
vn -0.073630 -0.996722 -0.033533
vn -0.555038 -0.360588 -0.749606
vn -0.469468 -0.369349 -0.801986
vn -0.382674 -0.398279 -0.833627
vn -0.445944 -0.171289 -0.878518
vn 0.131533 -0.986520 -0.097354
vn 0.120403 -0.985740 -0.117555
vn 0.107402 -0.988262 -0.108642
vn 0.098204 -0.991439 -0.086051
vn -0.451002 -0.782173 -0.429886
vn -0.420255 -0.799343 -0.429460
vn -0.406154 -0.802605 -0.436880
vn -0.449765 -0.779213 -0.436507
vn -0.029484 -0.995700 0.087820
vn -0.036276 -0.995956 0.082195
vn -0.039069 -0.996328 0.076185
vn -0.014465 -0.995379 0.094927
vn -0.026634 -0.154600 -0.987618
vn -0.159961 -0.184560 -0.969716
vn -0.291274 -0.145486 -0.945512
vn -0.173677 -0.113162 -0.978279
vn -0.659311 -0.357290 0.661553
vn -0.677720 -0.206611 0.705697
vn 0.053348 -0.302464 0.951667
vn 0.191605 -0.452396 0.870991
vn -0.546841 0.336974 -0.766429
vn -0.475383 0.536220 -0.697481
vn -0.248838 0.530608 -0.810268
vn -0.281995 0.290927 -0.914243
vn -0.628506 0.003311 -0.777798
vn -0.615317 -0.096525 -0.782348
vn -0.004279 -0.137946 -0.990431
vn -0.011332 -0.055696 -0.998383
vn 0.108668 0.936179 0.334306
vn 0.321005 0.843396 0.430859
vn 0.326487 0.848583 0.416308
vn 0.165417 0.934187 0.316118
vn 0.488256 0.092030 0.867834
vn 0.625856 0.029613 0.779376
vn 0.643340 0.225242 0.731696
vn 0.481825 0.235946 0.843904
vn -0.071133 -0.904433 -0.420644
vn 0.124633 -0.888613 -0.441399
vn 0.121440 -0.896115 -0.426885
vn -0.074710 -0.910245 -0.407274
vn -0.689668 -0.305469 0.656541
vn -0.639134 -0.489286 0.593386
vn -0.547449 -0.400079 0.735007
vn -0.689668 -0.305469 0.656541
vn -0.547449 -0.400079 0.735007
vn -0.572606 -0.219243 0.789972
vn -0.928844 -0.239603 -0.282557
vn -0.911705 -0.350490 -0.214360
vn -0.957099 -0.271158 -0.102151
vn -0.946488 -0.221611 -0.234626
vn -0.639134 -0.489286 0.593386
vn -0.595194 -0.602987 0.531180
vn -0.495930 -0.554568 0.668212
vn -0.639134 -0.489286 0.593386
vn -0.495930 -0.554568 0.668212
vn -0.547449 -0.400079 0.735007
vn 0.262502 0.890679 0.371191
vn 0.243937 0.875146 0.417868
vn 0.249188 0.362550 0.898033
vn 0.307242 0.636298 0.707621
vn 0.221769 -0.930808 -0.290542
vn 0.465265 -0.687822 -0.557162
vn 0.588727 -0.715290 -0.376510
vn 0.289151 -0.943034 -0.164554
vn 0.367141 -0.772612 0.517955
vn 0.425520 -0.891142 -0.157476
vn 0.326367 -0.917313 -0.228080
vn 0.284864 -0.830117 0.479331
vn -0.665879 -0.625662 0.406389
vn -0.579772 -0.623124 0.524959
vn -0.595194 -0.602987 0.531180
vn 0.754864 -0.268347 -0.598474
vn 0.501387 0.469767 -0.726588
vn 0.831841 0.502250 -0.236189
vn 0.969315 -0.237428 -0.063694
vn -0.216250 -0.974693 0.056660
vn -0.169973 -0.984388 0.045712
vn -0.020725 -0.996555 0.080298
vn -0.059300 -0.992613 0.105841
vn 0.327037 -0.788808 0.520412
vn 0.422917 -0.821016 0.383503
vn 0.618065 -0.598949 0.509172
vn 0.499904 -0.575799 0.646956
vn -0.724492 -0.572186 0.384337
vn -0.809066 -0.430745 0.399840
vn -0.689976 -0.422802 0.587512
vn -0.003813 -0.983831 -0.179059
vn 0.001986 -0.982963 -0.183792
vn 0.146742 -0.976081 -0.160415
vn 0.139107 -0.974681 -0.175061
vn 0.412309 0.850349 -0.326967
vn 0.309256 0.939875 0.144900
vn -0.001795 0.993222 -0.116220
vn 0.137086 0.968484 -0.207955
vn -0.689976 -0.422802 0.587512
vn -0.567967 -0.337109 0.750847
vn -0.510339 -0.536277 0.672280
vn -0.894466 -0.188840 0.405303
vn -0.809066 -0.430745 0.399840
vn -0.846475 -0.493881 0.198902
vn -0.894466 -0.188840 0.405303
vn -0.846475 -0.493881 0.198902
vn -0.926702 -0.313908 0.206606
vn -0.096640 -0.965994 -0.239825
vn -0.241866 -0.857892 -0.453346
vn 0.093865 -0.741834 -0.663982
vn 0.263127 -0.823524 -0.502566
vn -0.894466 -0.188840 0.405303
vn -0.788032 0.034209 0.614684
vn -0.760513 -0.182728 0.623081
vn -0.926702 -0.313908 0.206606
vn -0.846475 -0.493881 0.198902
vn -0.889998 -0.455772 -0.013232
vn -0.926702 -0.313908 0.206606
vn -0.889998 -0.455772 -0.013232
vn -0.956315 -0.291976 -0.014563
vn -0.926702 -0.313908 0.206606
vn -0.956315 -0.291976 -0.014563
vn -0.997242 -0.073345 -0.011325
vn -0.926702 -0.313908 0.206606
vn -0.997242 -0.073345 -0.011325
vn -0.974275 -0.082412 0.209755
vn 0.007811 0.257297 0.966301
vn 0.160308 0.240047 0.957433
vn 0.013968 -0.853448 0.520991
vn 0.017734 -0.825396 0.564276
vn -0.980764 0.026482 0.193391
vn -0.988165 -0.006023 0.153274
vn -0.909831 -0.413584 0.033983
vn -0.923525 -0.370624 -0.098682
vn -0.236046 0.942540 0.236435
vn -0.344424 0.926944 0.148818
vn -0.309803 0.914978 0.258531
vn -0.242570 0.921972 0.301873
vn 0.093033 -0.964670 -0.246489
vn 0.101911 -0.985154 -0.138154
vn 0.663153 -0.716078 -0.217855
vn 0.955128 -0.222094 -0.195969
vn -0.248838 0.530608 -0.810268
vn -0.475383 0.536220 -0.697481
vn -0.401971 0.704676 -0.584681
vn -0.184040 0.710296 -0.679418
vn -0.632511 -0.599396 -0.490565
vn -0.759950 -0.590336 -0.271990
vn -0.695343 -0.674361 -0.248467
vn 0.051386 0.922948 0.381479
vn 0.082389 0.926110 0.368146
vn 0.118940 0.873808 0.471500
vn 0.076175 0.888298 0.452907
vn 0.526034 -0.099546 -0.844618
vn 0.385180 -0.182243 -0.904668
vn 0.341862 -0.106613 -0.933683
vn 0.487679 -0.017771 -0.872842
vn 0.196485 -0.755612 0.624855
vn 0.262831 -0.537230 0.801439
vn 0.069461 -0.538394 0.839826
vn 0.046048 -0.764715 0.642721
vn -0.998308 0.033283 -0.047689
vn -0.941011 0.000559 -0.338375
vn -0.890725 -0.272991 -0.363436
vn -0.968447 -0.247599 -0.028385
vn -0.443221 -0.661094 -0.605401
vn -0.434260 -0.679850 -0.590950
vn -0.262894 -0.669017 -0.695200
vn -0.443221 -0.661094 -0.605401
vn -0.262894 -0.669017 -0.695200
vn -0.269102 -0.656018 -0.705142
vn -0.791651 -0.515269 -0.328308
vn -0.700094 -0.653606 -0.287518
vn -0.762028 -0.647151 -0.022566
vn -0.870599 -0.491379 -0.024564
vn -0.262894 -0.669017 -0.695200
vn -0.434260 -0.679850 -0.590950
vn -0.442752 -0.642770 -0.625154
vn -0.262894 -0.669017 -0.695200
vn -0.442752 -0.642770 -0.625154
vn -0.259886 -0.640145 -0.722962
vn -0.262894 -0.669017 -0.695200
vn -0.259886 -0.640145 -0.722962
vn -0.048788 -0.644788 -0.762803
vn -0.262894 -0.669017 -0.695200
vn -0.048788 -0.644788 -0.762803
vn -0.061650 -0.668563 -0.741095
vn 0.152187 -0.916887 -0.368995
vn 0.354236 -0.792629 -0.496243
vn 0.422885 -0.819608 -0.386536
vn 0.187901 -0.943175 -0.274069
vn -0.048788 -0.644788 -0.762803
vn -0.259886 -0.640145 -0.722962
vn -0.273562 -0.545399 -0.792277
vn -0.048788 -0.644788 -0.762803
vn -0.273562 -0.545399 -0.792277
vn -0.032481 -0.566240 -0.823600
vn -0.048788 -0.644788 -0.762803
vn -0.032481 -0.566240 -0.823600
vn 0.196863 -0.567677 -0.799367
vn -0.048788 -0.644788 -0.762803
vn 0.196863 -0.567677 -0.799367
vn 0.165130 -0.646418 -0.744900
vn -0.048788 -0.644788 -0.762803
vn 0.165130 -0.646418 -0.744900
vn 0.152666 -0.669836 -0.726645
vn -0.048788 -0.644788 -0.762803
vn 0.152666 -0.669836 -0.726645
vn -0.061650 -0.668563 -0.741095
vn 0.196863 -0.567677 -0.799367
vn -0.032481 -0.566240 -0.823600
vn -0.030713 -0.393333 -0.918883
vn 0.196863 -0.567677 -0.799367
vn -0.030713 -0.393333 -0.918883
vn 0.213560 -0.394624 -0.893680
vn 0.206789 -0.969279 -0.133182
vn 0.628849 -0.654611 -0.419563
vn 0.782854 -0.558883 -0.273477
vn 0.252654 -0.965705 -0.059836
vn 0.196863 -0.567677 -0.799367
vn 0.397538 -0.567202 -0.721280
vn 0.356809 -0.656387 -0.664713
vn 0.196863 -0.567677 -0.799367
vn 0.356809 -0.656387 -0.664713
vn 0.165130 -0.646418 -0.744900
vn 0.497526 0.493142 0.713638
vn 0.114728 0.748316 0.653346
vn 0.112556 0.751760 0.649760
vn 0.463389 0.438157 0.770252
vn -0.303925 0.818967 -0.486746
vn -0.156479 0.977839 -0.139090
vn 0.102974 0.899238 -0.425168
vn -0.034630 0.693350 -0.719768
vn 0.425005 -0.389881 -0.816923
vn 0.604242 -0.394415 -0.692336
vn 0.550355 -0.577573 -0.602925
vn 0.425005 -0.389881 -0.816923
vn 0.550355 -0.577573 -0.602925
vn 0.397538 -0.567202 -0.721280
vn -0.174050 0.568886 0.803788
vn -0.198926 0.580072 0.789902
vn -0.565473 0.069757 0.821811
vn -0.482092 0.092606 0.871213
vn 0.027844 -0.994703 0.098951
vn 0.001596 -0.997403 0.072004
vn 0.011370 -0.999318 0.035146
vn 0.045083 -0.997008 0.062794
vn -0.068878 -0.997401 0.021122
vn -0.048578 -0.998711 -0.014716
vn 0.011370 -0.999318 0.035146
vn 0.001596 -0.997403 0.072004
vn 0.888162 0.091429 -0.450343
vn 0.722428 0.075845 -0.687274
vn 0.732232 0.336552 -0.592088
vn 0.888162 0.091429 -0.450343
vn 0.732232 0.336552 -0.592088
vn 0.863914 0.346227 -0.365759
vn 0.635643 0.052403 -0.770203
vn 0.950625 0.036301 -0.308213
vn 0.919481 -0.056824 -0.389006
vn 0.571997 -0.117670 -0.811772
vn 0.119095 0.923910 0.363602
vn 0.152358 0.800460 0.579698
vn 0.532872 0.600143 0.596554
vn 0.539331 0.758381 0.366033
vn -0.427641 0.369679 0.824900
vn -0.602954 0.381246 0.700784
vn -0.610923 0.178707 0.771257
vn -0.464764 0.203408 0.861754
vn -0.530097 -0.491666 -0.690841
vn -0.619311 -0.554283 -0.556079
vn -0.729448 -0.366047 -0.577854
vn -0.669823 -0.285659 -0.685373
vn 0.234011 -0.958010 -0.165699
vn 0.289151 -0.943034 -0.164554
vn 0.588727 -0.715290 -0.376510
vn 0.571629 -0.700800 -0.426755
vn -0.303925 0.818967 -0.486746
vn -0.561481 0.778262 -0.281154
vn -0.395027 0.914181 0.090705
vn -0.156479 0.977839 -0.139090
vn 0.861777 0.505326 -0.044565
vn 0.821484 0.570201 -0.005951
vn 0.640602 0.760750 0.104351
vn 0.861777 0.505326 -0.044565
vn 0.640602 0.760750 0.104351
vn 0.865701 0.489341 0.105388
vn 0.861777 0.505326 -0.044565
vn 0.865701 0.489341 0.105388
vn 0.920601 0.361504 0.147678
vn 0.861777 0.505326 -0.044565
vn 0.920601 0.361504 0.147678
vn 0.937171 0.346326 -0.042054
vn 0.847126 0.500560 -0.178372
vn 0.803738 0.502284 -0.318930
vn 0.851723 0.421381 -0.311459
vn 0.847126 0.500560 -0.178372
vn 0.851723 0.421381 -0.311459
vn 0.868393 0.462184 -0.179668
vn -0.232161 0.921493 0.311372
vn -0.246663 0.906726 0.342061
vn -0.385023 0.554958 0.737414
vn -0.434401 0.668550 0.603602
vn 0.803738 0.502284 -0.318930
vn 0.863914 0.346227 -0.365759
vn 0.732232 0.336552 -0.592088
vn 0.803738 0.502284 -0.318930
vn 0.732232 0.336552 -0.592088
vn 0.716458 0.482878 -0.503505
vn 0.716458 0.482878 -0.503505
vn 0.505497 0.456607 -0.732109
vn 0.549625 0.444345 -0.707439
vn 0.787789 -0.049232 -0.613975
vn 0.932764 -0.356139 0.055824
vn 0.999407 -0.033689 0.007131
vn 0.793750 0.171815 -0.583473
vn -0.136142 0.913505 0.383371
vn -0.181722 0.806225 0.563008
vn 0.118847 0.864814 0.487824
vn 0.163456 0.929350 0.331045
vn 0.412299 -0.034911 0.910379
vn 0.362063 -0.609392 0.705374
vn 0.588512 -0.510606 0.626845
vn 0.431884 -0.060521 0.899896
vn 0.162539 -0.970285 0.179242
vn 0.125483 -0.969816 0.209071
vn 0.437439 -0.613659 0.657320
vn 0.523896 -0.650324 0.550102
vn 0.982420 0.013147 0.186220
vn 0.992905 0.036758 0.113089
vn 0.919481 -0.056824 -0.389006
vn 0.950625 0.036301 -0.308213
vn 0.217025 0.050114 -0.974879
vn -0.010660 0.054727 -0.998444
vn -0.003692 0.272706 -0.962090
vn 0.217025 0.050114 -0.974879
vn -0.003692 0.272706 -0.962090
vn 0.236533 0.269723 -0.933435
vn 0.217025 0.050114 -0.974879
vn 0.471962 0.063542 -0.879326
vn 0.442777 -0.169060 -0.880549
vn 0.217025 0.050114 -0.974879
vn 0.442777 -0.169060 -0.880549
vn 0.212194 -0.175201 -0.961394
vn 0.217025 0.050114 -0.974879
vn 0.212194 -0.175201 -0.961394
vn -0.019593 -0.170437 -0.985174
vn 0.217025 0.050114 -0.974879
vn -0.019593 -0.170437 -0.985174
vn -0.010660 0.054727 -0.998444
vn 0.008231 0.752448 0.658600
vn -0.003367 0.766536 0.642193
vn -0.026069 0.764995 0.643508
vn -0.038916 0.754183 0.655510
vn -0.019593 -0.170437 -0.985174
vn 0.212194 -0.175201 -0.961394
vn 0.213560 -0.394624 -0.893680
vn -0.019593 -0.170437 -0.985174
vn 0.213560 -0.394624 -0.893680
vn -0.030713 -0.393333 -0.918883
vn -0.292414 -0.863877 -0.410135
vn -0.300704 -0.855352 -0.421842
vn -0.071133 -0.904433 -0.420644
vn -0.074710 -0.910245 -0.407274
vn -0.617177 0.196294 0.761946
vn -0.502182 0.140443 0.853281
vn -0.235846 0.713533 0.659733
vn -0.222961 0.717859 0.659520
vn -0.268407 -0.368475 -0.890047
vn -0.030713 -0.393333 -0.918883
vn -0.032481 -0.566240 -0.823600
vn -0.268407 -0.368475 -0.890047
vn -0.032481 -0.566240 -0.823600
vn -0.273562 -0.545399 -0.792277
vn -0.268407 -0.368475 -0.890047
vn -0.273562 -0.545399 -0.792277
vn -0.477786 -0.524305 -0.704858
vn -0.268407 -0.368475 -0.890047
vn -0.477786 -0.524305 -0.704858
vn -0.495738 -0.333806 -0.801759
vn 0.069022 -0.996462 0.047963
vn 0.104785 -0.994336 0.017790
vn 0.073500 -0.996566 0.038124
vn 0.075342 -0.995761 0.052760
vn -0.477786 -0.524305 -0.704858
vn -0.273562 -0.545399 -0.792277
vn -0.259886 -0.640145 -0.722962
vn -0.477786 -0.524305 -0.704858
vn -0.259886 -0.640145 -0.722962
vn -0.442752 -0.642770 -0.625154
vn 0.204227 -0.310521 -0.928369
vn -0.082795 0.015974 -0.996439
vn -0.075556 0.036510 -0.996473
vn 0.301059 -0.338279 -0.891589
vn -0.108264 0.867879 0.484835
vn -0.076459 0.889647 0.450202
vn -0.235846 0.713533 0.659733
vn -0.229104 0.658141 0.717190
vn 0.018048 -0.127612 -0.991660
vn 0.571997 -0.117670 -0.811772
vn 0.552237 -0.116628 -0.825489
vn -0.004279 -0.137946 -0.990431
vn -0.008905 -0.975266 -0.220855
vn -0.001416 -0.974875 -0.222749
vn -0.126255 -0.966240 -0.224588
vn -0.125057 -0.967171 -0.221228
vn -0.673045 -0.694577 -0.254115
vn -0.711614 -0.702387 -0.016089
vn -0.762028 -0.647151 -0.022566
vn -0.673045 -0.694577 -0.254115
vn -0.762028 -0.647151 -0.022566
vn -0.700094 -0.653606 -0.287518
vn -0.673045 -0.694577 -0.254115
vn -0.566602 -0.689664 -0.450917
vn -0.581531 -0.674692 -0.454546
vn 0.024488 -0.796555 -0.604070
vn 0.079377 -0.822443 -0.563282
vn 0.191391 -0.777763 -0.598710
vn 0.087305 -0.791439 -0.604981
vn 0.024488 -0.796555 -0.604070
vn 0.087305 -0.791439 -0.604981
vn -0.000108 -0.838764 -0.544495
vn -0.045381 -0.815065 -0.577589
vn 0.557271 0.589036 0.585223
vn 0.716289 0.526906 0.457493
vn 0.690686 0.529998 0.491990
vn 0.569123 0.571117 0.591544
vn -0.743902 -0.668106 -0.015662
vn -0.815882 -0.578090 -0.012202
vn -0.767721 -0.610143 0.195779
vn -0.743902 -0.668106 -0.015662
vn -0.767721 -0.610143 0.195779
vn -0.711472 -0.674175 0.198233
vn -0.730477 0.120725 0.672182
vn -0.868186 -0.159640 0.469860
vn -0.988165 -0.006023 0.153274
vn -0.813622 0.415179 0.406995
vn 0.471583 -0.762428 -0.443072
vn 0.415786 -0.866094 -0.277496
vn 0.200258 -0.822540 -0.532283
vn 0.281727 -0.755732 -0.591185
vn 0.004931 0.396380 0.918073
vn -0.046628 0.153903 0.986985
vn -0.740170 0.091518 0.666163
vn -0.715246 0.250817 0.652314
vn -0.870599 -0.491379 -0.024564
vn -0.863068 -0.423831 0.274739
vn -0.937354 -0.189883 0.292082
vn -0.870599 -0.491379 -0.024564
vn -0.937354 -0.189883 0.292082
vn -0.968447 -0.247599 -0.028385
vn -0.673045 -0.694577 -0.254115
vn -0.581531 -0.674692 -0.454546
vn -0.632511 -0.599396 -0.490565
vn -0.695343 -0.674361 -0.248467
vn -0.287466 0.547006 -0.786223
vn -0.657474 0.521800 -0.543555
vn -0.699574 0.397841 -0.593564
vn -0.389016 0.329174 -0.860414
vn -0.357695 0.335443 -0.871511
vn -0.280256 0.377920 -0.882402
vn -0.430573 0.644398 -0.631948
vn -0.462640 0.598776 -0.653782
vn 0.586298 -0.149125 0.796252
vn 0.700575 -0.239607 0.672148
vn 0.749618 -0.038904 0.660726
vn 0.625856 0.029613 0.779376
vn 0.075342 -0.995761 0.052760
vn 0.074418 -0.995217 0.063288
vn 0.052639 -0.995188 0.082648
vn 0.051444 -0.995964 0.073545
vn -0.773121 -0.045484 -0.632626
vn -0.782434 0.237324 -0.575739
vn -0.523657 0.119517 -0.843504
vn -0.773121 -0.045484 -0.632626
vn -0.523657 0.119517 -0.843504
vn -0.501447 -0.128775 -0.855551
vn -0.773121 -0.045484 -0.632626
vn -0.501447 -0.128775 -0.855551
vn -0.495738 -0.333806 -0.801759
vn -0.773121 -0.045484 -0.632626
vn -0.495738 -0.333806 -0.801759
vn -0.714561 -0.299562 -0.632191
vn -0.523657 0.119517 -0.843504
vn -0.782434 0.237324 -0.575739
vn -0.733306 0.440293 -0.518078
vn -0.523657 0.119517 -0.843504
vn -0.733306 0.440293 -0.518078
vn -0.522855 0.332300 -0.784984
vn 0.793750 0.171815 -0.583473
vn 0.785713 0.110747 -0.608596
vn 0.166776 0.155104 -0.973719
vn 0.100450 0.223879 -0.969427
vn -0.116909 -0.780363 0.614301
vn -0.226626 -0.854144 0.468059
vn -0.081101 -0.979861 0.182469
vn -0.028792 -0.970554 0.239158
vn -0.605006 -0.794932 -0.045285
vn -0.383924 -0.921508 -0.058532
vn -0.369735 -0.928222 0.041224
vn -0.586892 -0.806037 0.076558
vn 0.999169 0.016781 -0.037155
vn 0.867597 -0.107342 0.485544
vn 0.865098 0.038890 0.500092
vn 0.999810 0.018327 -0.006643
vn 0.977708 -0.203596 0.051332
vn 0.816868 -0.530038 -0.227566
vn 0.834687 -0.534293 -0.133522
vn 0.974728 -0.222820 0.016036
vn -0.702524 0.687739 -0.182960
vn -0.729421 0.675048 0.110702
vn -0.542283 0.834905 0.094140
vn -0.532830 0.838295 -0.115560
vn 0.016069 0.339976 -0.940297
vn 0.003881 0.164070 -0.986441
vn 0.313184 0.353656 -0.881387
vn 0.016069 0.339976 -0.940297
vn 0.313184 0.353656 -0.881387
vn 0.258870 0.429640 -0.865099
vn 0.016069 0.339976 -0.940297
vn 0.258870 0.429640 -0.865099
vn 0.236533 0.269723 -0.933435
vn 0.016069 0.339976 -0.940297
vn 0.236533 0.269723 -0.933435
vn -0.003692 0.272706 -0.962090
vn 0.313184 0.353656 -0.881387
vn 0.003881 0.164070 -0.986441
vn 0.020999 0.246943 -0.968803
vn 0.313184 0.353656 -0.881387
vn 0.020999 0.246943 -0.968803
vn 0.360407 0.352553 -0.863605
vn -0.605369 0.522438 0.600489
vn -0.721423 0.466147 0.512109
vn -0.980764 0.026482 0.193391
vn -0.955696 0.077788 0.283891
vn -0.195149 0.913814 0.356175
vn -0.032640 0.870126 0.491748
vn 0.129880 0.903887 0.407577
vn -0.001018 0.983110 0.183015
vn 0.079089 -0.981776 0.172803
vn 0.137856 -0.959989 0.243758
vn 0.141138 -0.971078 0.192584
vn 0.080792 -0.985643 0.148255
vn 0.687568 -0.053481 0.724148
vn 0.621106 0.208532 0.755475
vn 0.457004 0.672101 0.582605
vn 0.518562 0.659268 0.544480
vn 0.589217 0.438978 -0.678322
vn 0.853950 0.342639 -0.391622
vn 0.759942 0.417298 -0.498348
vn -0.034030 -0.987525 0.153743
vn -0.050350 -0.972434 0.227676
vn 0.011629 -0.971918 0.235031
vn 0.018644 -0.986675 0.161630
vn -0.606936 -0.198434 -0.769580
vn -0.669823 -0.285659 -0.685373
vn -0.750526 -0.078628 -0.656146
vn -0.714189 -0.032010 -0.699220
vn 0.408029 -0.239563 0.880978
vn 0.573395 -0.189625 0.797032
vn 0.514337 -0.465372 0.720338
vn 0.365590 -0.527054 0.767176
vn -0.152900 -0.062979 0.986233
vn -0.142198 0.049500 0.988600
vn -0.242768 -0.032395 0.969543
vn -0.284572 -0.039141 0.957855
vn 0.929640 0.367981 -0.018986
vn 0.950923 0.204445 0.232268
vn 0.767455 0.557407 0.316719
vn 0.929640 0.367981 -0.018986
vn 0.767455 0.557407 0.316719
vn 0.910262 0.413994 0.005671
vn -0.615257 0.413483 0.671186
vn -0.642028 0.412782 0.646073
vn -0.432074 0.410737 0.802874
vn -0.419852 0.441302 0.793081
vn 0.789401 0.560847 0.249595
vn 0.644599 0.730936 0.224108
vn 0.572689 0.720019 0.391918
vn 0.789401 0.560847 0.249595
vn 0.572689 0.720019 0.391918
vn 0.690686 0.529998 0.491990
vn -0.787080 0.392933 0.475509
vn -0.615257 0.413483 0.671186
vn -0.600411 0.351570 0.718265
vn -0.788123 0.327913 0.520898
vn 0.601977 0.539803 0.588419
vn 0.485610 0.506572 0.712437
vn 0.938247 -0.135507 0.318323
vn 0.987923 -0.088022 0.127514
vn -0.126255 -0.966240 -0.224588
vn -0.150608 -0.967866 -0.201378
vn -0.143945 -0.970625 -0.192789
vn -0.125057 -0.967171 -0.221228
vn 0.487386 -0.345174 0.802066
vn 0.559599 -0.109451 0.821504
vn 0.451932 -0.059253 0.890082
vn 0.424866 -0.418747 0.802583
vn 0.473204 0.729392 0.494030
vn 0.312441 0.889425 0.333622
vn 0.183348 0.888441 0.420780
vn 0.473204 0.729392 0.494030
vn 0.183348 0.888441 0.420780
vn 0.302873 0.758322 0.577249
vn 0.047114 0.142672 -0.988648
vn -0.389016 0.329174 -0.860414
vn -0.498692 0.057272 -0.864885
vn -0.142212 -0.133078 -0.980850
vn 0.163273 -0.069907 0.984101
vn 0.084721 0.145230 0.985764
vn 0.171414 0.344489 0.923009
vn 0.256258 0.042419 0.965677
vn 0.471962 0.063542 -0.879326
vn 0.722428 0.075845 -0.687274
vn 0.664326 -0.170776 -0.727672
vn 0.442777 -0.169060 -0.880549
vn 0.950087 -0.153273 -0.271740
vn 0.839746 -0.164542 -0.517448
vn 0.888162 0.091429 -0.450343
vn 0.964724 0.099026 -0.243930
vn 0.371727 -0.160247 0.914407
vn 0.461386 -0.042978 0.886158
vn 0.393421 0.106742 0.913141
vn 0.230448 0.036631 0.972395
vn -0.004523 0.535905 0.844266
vn 0.019014 0.019431 0.999630
vn -0.079469 0.134644 0.987702
vn -0.022609 0.571134 0.820545
vn 0.119095 0.923910 0.363602
vn -0.208613 0.927021 0.311630
vn -0.112537 0.852115 0.511113
vn 0.152358 0.800460 0.579698
vn -0.476153 0.607576 0.635712
vn -0.092688 0.731448 0.675568
vn -0.162413 0.709560 0.685673
vn -0.605369 0.522438 0.600489
vn 0.347729 -0.228032 0.909443
vn 0.487386 -0.345174 0.802066
vn 0.445645 -0.293070 0.845878
vn 0.371727 -0.160247 0.914407
vn -0.418604 0.846442 0.329100
vn -0.542283 0.834905 0.094140
vn -0.729421 0.675048 0.110702
vn -0.418604 0.846442 0.329100
vn -0.729421 0.675048 0.110702
vn -0.611586 0.670100 0.420629
vn 0.126378 -0.975840 -0.178227
vn 0.139107 -0.974681 -0.175061
vn 0.190790 -0.958846 -0.210270
vn 0.188559 -0.960472 -0.204792
vn 0.958368 -0.268157 0.098093
vn 0.912161 -0.409144 0.023720
vn 0.900750 -0.414404 -0.130074
vn 0.957916 -0.285638 -0.028414
vn -0.532830 0.838295 -0.115560
vn -0.333588 0.942719 0.000303
vn -0.281603 0.955717 -0.085471
vn -0.532830 0.838295 -0.115560
vn -0.281603 0.955717 -0.085471
vn -0.442017 0.855523 -0.269632
vn -0.532830 0.838295 -0.115560
vn -0.442017 0.855523 -0.269632
vn -0.579138 0.699242 -0.419118
vn -0.532830 0.838295 -0.115560
vn -0.579138 0.699242 -0.419118
vn -0.702524 0.687739 -0.182960
vn 0.757843 0.340374 -0.556614
vn 0.595968 0.319264 -0.736812
vn 0.697747 0.039557 -0.715251
vn 0.832331 0.148070 -0.534135
vn -0.104941 0.311249 0.944517
vn 0.073781 0.312657 0.946996
vn 0.078690 0.307887 0.948163
vn -0.105080 0.299870 0.948175
vn 0.542689 -0.307815 0.781498
vn 0.639790 -0.417643 0.645169
vn 0.700575 -0.239607 0.672148
vn 0.586298 -0.149125 0.796252
vn -0.842898 0.060702 -0.534638
vn -0.910069 -0.105492 -0.400807
vn -0.707670 -0.312510 -0.633672
vn -0.623285 -0.127154 -0.771588
vn 0.855507 0.170429 -0.488938
vn 0.832331 0.148070 -0.534135
vn 0.904020 -0.022225 -0.426912
vn 0.903255 -0.011700 -0.428944
vn 0.529145 -0.830951 -0.171829
vn 0.899564 -0.435001 -0.039475
vn 0.902822 -0.382133 -0.197198
vn 0.596107 -0.672539 -0.438574
vn -0.204780 0.938427 0.278244
vn -0.192277 0.947885 0.254053
vn -0.182126 0.946163 0.267593
vn -0.183148 0.946118 0.267055
vn -0.687593 -0.321230 0.651174
vn -0.820105 -0.262447 0.508477
vn -0.679999 -0.553474 0.480903
vn -0.558679 -0.562415 0.609563
vn -0.502123 0.455400 -0.735176
vn -0.255594 0.385814 -0.886464
vn -0.240985 0.283103 -0.928321
vn -0.522855 0.332300 -0.784984
vn -0.281995 0.290927 -0.914243
vn -0.280151 0.248689 -0.927184
vn -0.540116 0.361058 -0.760205
vn -0.281995 0.290927 -0.914243
vn -0.540116 0.361058 -0.760205
vn -0.546841 0.336974 -0.766429
vn -0.587855 -0.669716 -0.453770
vn -0.678546 -0.730843 0.073782
vn -0.788314 -0.614627 -0.028169
vn -0.588064 -0.629134 -0.508303
vn 0.066486 0.533839 -0.842968
vn 0.363913 0.549653 -0.751964
vn 0.360407 0.352553 -0.863605
vn 0.066486 0.533839 -0.842968
vn 0.360407 0.352553 -0.863605
vn 0.020999 0.246943 -0.968803
vn 0.496681 -0.000519 0.867933
vn 0.575722 -0.049105 0.816170
vn 0.431677 0.334970 0.837526
vn 0.450730 0.185657 0.873140
vn -0.788314 -0.614627 -0.028169
vn -0.871988 -0.303223 0.384309
vn -0.944727 -0.168027 0.281527
vn -0.898404 -0.419891 -0.128693
vn 0.027651 0.729285 0.683651
vn 0.086860 0.706339 0.702524
vn 0.138886 0.713873 0.686364
vn 0.007424 0.727440 0.686131
vn -0.721423 0.466147 0.512109
vn -0.813622 0.415179 0.406995
vn -0.988165 -0.006023 0.153274
vn -0.980764 0.026482 0.193391
vn 0.357896 -0.933685 0.011935
vn 0.932764 -0.356139 0.055824
vn 0.787789 -0.049232 -0.613975
vn 0.356165 -0.889860 -0.285125
vn 0.086860 0.706339 0.702524
vn 0.111004 0.663014 0.740331
vn 0.399330 0.406043 0.821988
vn 0.485610 0.506572 0.712437
vn 0.874804 -0.238641 0.421625
vn 0.755232 -0.160327 0.635547
vn 0.781940 0.109385 0.613681
vn 0.916231 0.041788 0.398466
vn 0.552496 0.825359 -0.116323
vn 0.625836 0.777697 0.059292
vn 0.789791 0.613241 -0.012872
vn 0.552496 0.825359 -0.116323
vn 0.789791 0.613241 -0.012872
vn 0.686939 0.682618 -0.249293
vn 0.370296 0.927851 0.044412
vn 0.306973 0.950015 -0.056916
vn 0.160977 0.980429 0.113339
vn 0.370296 0.927851 0.044412
vn 0.160977 0.980429 0.113339
vn 0.207344 0.956968 0.203029
vn 0.445916 -0.118473 -0.887200
vn 0.913259 -0.017170 -0.407017
vn 0.947633 0.193716 -0.253902
vn 0.603041 0.004465 -0.797698
vn 0.554063 -0.620596 -0.554865
vn 0.466600 -0.562644 -0.682434
vn 0.630252 -0.347789 -0.694136
vn 0.704856 -0.396003 -0.588524
vn 0.932764 -0.356139 0.055824
vn 0.767594 -0.404786 0.496938
vn 0.827637 -0.260819 0.496981
vn 0.999407 -0.033689 0.007131
vn 0.160977 0.980429 0.113339
vn 0.306973 0.950015 -0.056916
vn 0.185620 0.973268 -0.135260
vn 0.160977 0.980429 0.113339
vn 0.185620 0.973268 -0.135260
vn 0.072593 0.996104 0.050066
vn -0.401971 0.704676 -0.584681
vn -0.579138 0.699242 -0.419118
vn -0.442017 0.855523 -0.269632
vn -0.300567 0.869588 -0.391759
vn 0.072593 0.996104 0.050066
vn 0.185620 0.973268 -0.135260
vn 0.039657 0.978631 -0.201763
vn 0.072593 0.996104 0.050066
vn 0.039657 0.978631 -0.201763
vn -0.042665 0.998870 -0.020948
vn 0.862120 -0.319060 -0.393636
vn 0.270826 -0.957646 -0.097816
vn 0.277772 -0.958678 -0.061468
vn 0.531698 -0.815464 -0.228724
vn 0.488256 0.092030 0.867834
vn 0.465875 -0.050423 0.883413
vn 0.586298 -0.149125 0.796252
vn 0.625856 0.029613 0.779376
vn -0.333488 0.930573 0.151062
vn -0.462274 0.886726 0.004556
vn -0.423872 0.902826 0.072371
vn -0.277675 0.938385 0.205744
vn 0.834573 0.522286 -0.175229
vn 0.841635 0.467172 -0.270926
vn 0.811305 0.190315 -0.552779
vn 0.817754 0.269835 -0.508397
vn -0.460271 -0.542477 0.702758
vn -0.232229 -0.640334 0.732149
vn -0.081541 -0.960494 0.266086
vn -0.161063 -0.957296 0.240089
vn -0.101582 0.967889 -0.229939
vn -0.268360 0.888065 -0.373261
vn -0.340673 0.707989 -0.618622
vn -0.100042 0.901080 -0.421955
vn -0.522855 0.332300 -0.784984
vn -0.733306 0.440293 -0.518078
vn -0.705126 0.511259 -0.491337
vn -0.522855 0.332300 -0.784984
vn -0.705126 0.511259 -0.491337
vn -0.502123 0.455400 -0.735176
vn -0.108264 0.867879 0.484835
vn -0.091828 0.919754 0.381602
vn -0.054281 0.921263 0.385134
vn -0.076459 0.889647 0.450202
vn 0.093893 -0.977917 -0.186716
vn -0.019358 -0.979755 -0.199264
vn -0.022488 -0.981361 -0.190854
vn 0.089272 -0.978718 -0.184777
vn -0.773121 -0.045484 -0.632626
vn -0.714561 -0.299562 -0.632191
vn -0.890725 -0.272991 -0.363436
vn -0.941011 0.000559 -0.338375
vn 0.085650 0.533159 0.841668
vn 0.102242 0.794345 0.598801
vn 0.508669 0.688301 0.517201
vn 0.477163 0.505511 0.718871
vn -0.117987 0.552724 0.824970
vn 0.085650 0.533159 0.841668
vn 0.056772 0.200545 0.978038
vn -0.035789 0.223628 0.974017
vn -0.815882 -0.578090 -0.012202
vn -0.889998 -0.455772 -0.013232
vn -0.846475 -0.493881 0.198902
vn -0.815882 -0.578090 -0.012202
vn -0.846475 -0.493881 0.198902
vn -0.767721 -0.610143 0.195779
vn 0.546981 -0.417520 -0.725595
vn 0.488618 -0.381263 -0.784787
vn 0.457331 -0.431280 -0.777718
vn 0.459156 -0.457092 -0.761736
vn 0.772875 0.124700 -0.622185
vn 0.783494 0.349872 -0.513543
vn 0.767637 0.320442 -0.555022
vn 0.784012 0.113060 -0.610362
vn 0.749618 -0.038904 0.660726
vn 0.776573 0.194784 0.599160
vn 0.643340 0.225242 0.731696
vn 0.625856 0.029613 0.779376
vn 0.412299 -0.034911 0.910379
vn 0.478932 -0.060580 0.875759
vn 0.282096 -0.536517 0.795344
vn 0.362063 -0.609392 0.705374
vn 0.015158 0.875410 0.483144
vn -0.020143 0.923344 0.383445
vn 0.051386 0.922948 0.381479
vn 0.076175 0.888298 0.452907
vn -0.227278 -0.757533 0.611955
vn -0.304259 -0.554353 0.774673
vn -0.429957 -0.569037 0.700952
vn -0.296307 -0.768437 0.567192
vn 0.211799 0.931739 0.294962
vn 0.199827 0.930988 0.305500
vn 0.208418 0.940674 0.267756
vn 0.268029 0.947157 0.176222
vn 0.362063 -0.609392 0.705374
vn 0.282096 -0.536517 0.795344
vn -0.008515 -0.914790 0.403839
vn 0.221781 -0.944656 0.241738
vn -0.458178 -0.716102 -0.526565
vn -0.534705 -0.753716 -0.382104
vn -0.751348 -0.543036 -0.374951
vn -0.619311 -0.554283 -0.556079
vn -0.651760 0.600039 0.463855
vn -0.573630 0.642611 0.507937
vn -0.790101 0.450379 0.415812
vn -0.651760 0.600039 0.463855
vn -0.790101 0.450379 0.415812
vn -0.750345 0.557237 0.355625
vn -0.543642 0.633103 0.551030
vn -0.411449 0.594552 0.690809
vn -0.395939 0.675571 0.621961
vn 0.425520 -0.891142 -0.157476
vn 0.367141 -0.772612 0.517955
vn 0.500454 -0.721253 0.478895
vn 0.597421 -0.788510 -0.146085
vn -0.411449 0.594552 0.690809
vn -0.267319 0.509489 0.817901
vn -0.268461 0.602312 0.751764
vn -0.411449 0.594552 0.690809
vn -0.268461 0.602312 0.751764
vn -0.395939 0.675571 0.621961
vn -0.411449 0.594552 0.690809
vn -0.416778 0.509467 0.752821
vn -0.260905 0.414726 0.871740
vn -0.411449 0.594552 0.690809
vn -0.260905 0.414726 0.871740
vn -0.267319 0.509489 0.817901
vn 0.638531 -0.006880 -0.769565
vn -0.036393 -0.095179 -0.994795
vn -0.174059 -0.055318 -0.983180
vn 0.603041 0.004465 -0.797698
vn -0.260905 0.414726 0.871740
vn -0.416778 0.509467 0.752821
vn -0.427641 0.369679 0.824900
vn -0.260905 0.414726 0.871740
vn -0.427641 0.369679 0.824900
vn -0.267033 0.361290 0.893400
vn -0.260905 0.414726 0.871740
vn -0.113492 0.333773 0.935796
vn -0.121349 0.427756 0.895711
vn 0.051444 -0.995964 0.073545
vn 0.045083 -0.997008 0.062794
vn 0.069022 -0.996462 0.047963
vn 0.075342 -0.995761 0.052760
vn -0.423609 -0.790579 -0.442199
vn -0.421475 -0.612819 -0.668440
vn -0.786628 -0.442794 -0.430290
vn -0.839722 -0.497454 -0.217733
vn 0.152358 0.800460 0.579698
vn 0.114728 0.748316 0.653346
vn 0.497526 0.493142 0.713638
vn 0.532872 0.600143 0.596554
vn -0.002443 0.363398 0.931631
vn -0.113492 0.333773 0.935796
vn -0.051398 0.315342 0.947585
vn -0.002443 0.363398 0.931631
vn -0.051398 0.315342 0.947585
vn -0.001564 0.285016 0.958521
vn -0.012214 -0.999605 0.025294
vn -0.056491 -0.997289 0.047154
vn -0.097810 -0.995202 -0.002385
vn -0.073630 -0.996722 -0.033533
vn -0.001564 0.285016 0.958521
vn -0.051398 0.315342 0.947585
vn -0.064667 0.167320 0.983780
vn -0.001564 0.285016 0.958521
vn -0.064667 0.167320 0.983780
vn 0.015553 0.208409 0.977918
vn 0.212194 -0.175201 -0.961394
vn 0.442777 -0.169060 -0.880549
vn 0.425005 -0.389881 -0.816923
vn 0.213560 -0.394624 -0.893680
vn 0.448799 0.871108 0.199374
vn 0.312441 0.889425 0.333622
vn 0.473204 0.729392 0.494030
vn 0.572689 0.720019 0.391918
vn 0.452239 0.799141 0.396048
vn 0.497683 0.793737 0.349705
vn 0.705102 0.696484 0.133198
vn 0.661667 0.730135 0.170587
vn 0.025746 0.076026 0.996773
vn 0.026745 -0.066520 0.997427
vn 0.182415 -0.026331 0.982869
vn 0.025746 0.076026 0.996773
vn 0.182415 -0.026331 0.982869
vn -0.007052 0.134588 0.990877
vn 0.885474 -0.365983 0.286344
vn 0.914944 -0.403558 0.004238
vn 0.990084 -0.139444 -0.016992
vn 0.957747 -0.115592 0.263363
vn 0.182415 -0.026331 0.982869
vn 0.163273 -0.069907 0.984101
vn 0.256258 0.042419 0.965677
vn 0.182415 -0.026331 0.982869
vn 0.256258 0.042419 0.965677
vn 0.346939 -0.102012 0.932323
vn 0.182415 -0.026331 0.982869
vn 0.346939 -0.102012 0.932323
vn 0.155964 -0.027917 0.987368
vn 0.182415 -0.026331 0.982869
vn 0.155964 -0.027917 0.987368
vn -0.007052 0.134588 0.990877
vn -0.604990 -0.427255 -0.671893
vn -0.446820 -0.430319 -0.784332
vn -0.329935 -0.814373 -0.477430
vn -0.465038 -0.844666 -0.265103
vn 0.235476 0.239497 0.941909
vn 0.237363 0.352640 0.905154
vn 0.073781 0.312657 0.946996
vn 0.069549 0.211328 0.974938
vn 0.031360 -0.134032 0.990481
vn 0.026745 -0.066520 0.997427
vn -0.152900 -0.062979 0.986233
vn 0.031360 -0.134032 0.990481
vn -0.152900 -0.062979 0.986233
vn -0.135286 -0.097069 0.986040
vn 0.031360 -0.134032 0.990481
vn -0.135286 -0.097069 0.986040
vn -0.079469 0.134644 0.987702
vn 0.031360 -0.134032 0.990481
vn -0.079469 0.134644 0.987702
vn 0.019014 0.019431 0.999630
vn 0.348919 0.634203 0.689958
vn 0.229099 0.667741 0.708262
vn 0.734814 0.403167 0.545439
vn 0.839286 0.292828 0.458095
vn 0.333800 -0.939890 -0.072000
vn 0.533101 -0.722741 0.439827
vn 0.280553 -0.685336 0.672015
vn 0.205065 -0.969688 0.132869
vn -0.931303 0.164942 -0.324760
vn -0.928147 0.245910 -0.279412
vn -0.945781 0.324802 -0.001015
vn -0.989226 0.146266 -0.006149
vn -0.441260 0.887124 0.135282
vn -0.987425 -0.090997 -0.129275
vn -0.928917 -0.362531 0.075402
vn -0.505218 0.826569 0.248070
vn -0.171946 -0.935310 0.309239
vn -0.118704 -0.930419 0.346742
vn -0.296307 -0.768437 0.567192
vn -0.377203 -0.782577 0.495268
vn 0.090964 0.652465 -0.752340
vn -0.023763 0.689648 -0.723755
vn 0.013073 0.987466 -0.157290
vn 0.026944 0.974537 -0.222602
vn 0.911110 -0.368434 0.184756
vn 0.757169 -0.642786 0.116284
vn 0.760482 -0.647321 -0.051407
vn 0.912161 -0.409144 0.023720
vn 0.212359 0.885385 0.413517
vn 0.256711 0.571030 0.779759
vn 0.031370 0.693388 0.719881
vn 0.127588 0.918645 0.373916
vn 0.489606 -0.840589 -0.231724
vn 0.739263 -0.631574 -0.233679
vn 0.760482 -0.647321 -0.051407
vn 0.525428 -0.847840 -0.071369
vn 0.265735 -0.138307 0.954073
vn 0.283961 -0.336220 0.897954
vn 0.448993 -0.364675 0.815731
vn 0.476158 -0.151923 0.866137
vn -0.416778 0.509467 0.752821
vn -0.579287 0.522987 0.625229
vn -0.602954 0.381246 0.700784
vn -0.427641 0.369679 0.824900
vn 0.110404 0.398617 0.910448
vn 0.219600 0.442520 0.869455
vn 0.228785 0.523299 0.820862
vn 0.114257 0.469296 0.875618
vn 0.393143 -0.416371 -0.819801
vn 0.219235 -0.543866 -0.810028
vn 0.208618 -0.390646 -0.896590
vn 0.383171 -0.310401 -0.869960
vn 0.309976 0.864368 0.395959
vn 0.780532 -0.210542 0.588593
vn 0.772423 -0.069725 0.631269
vn 0.321005 0.843396 0.430859
vn -0.081101 -0.979861 0.182469
vn -0.113560 -0.983273 0.142402
vn -0.044518 -0.979628 0.195822
vn -0.028792 -0.970554 0.239158
vn 0.969315 -0.237428 -0.063694
vn 0.836773 -0.543136 0.069391
vn 0.731241 -0.607668 -0.309880
vn 0.754864 -0.268347 -0.598474
vn -0.923180 -0.381319 -0.048329
vn -0.931920 -0.357257 -0.062389
vn -0.655588 -0.682092 -0.323968
vn -0.923180 -0.381319 -0.048329
vn -0.655588 -0.682092 -0.323968
vn -0.618931 -0.698275 -0.359632
vn -0.249543 -0.957288 -0.146042
vn -0.096640 -0.965994 -0.239825
vn -0.023505 -0.988309 -0.150641
vn -0.162012 -0.981980 -0.097299
vn -0.520329 0.352892 0.777641
vn -0.617177 0.196294 0.761946
vn -0.222961 0.717859 0.659520
vn -0.163730 0.722512 0.671691
vn -0.755029 0.345721 0.557143
vn -0.867267 0.300704 0.396768
vn -0.866865 0.096966 0.489022
vn -0.752220 0.137837 0.644334
vn 0.832331 0.148070 -0.534135
vn 0.855507 0.170429 -0.488938
vn 0.808058 0.335549 -0.484199
vn 0.757843 0.340374 -0.556614
vn -0.839549 0.474209 -0.265108
vn -0.835284 0.523005 -0.169605
vn -0.820535 0.276120 -0.500480
vn -0.820968 0.208781 -0.531434
vn -0.218867 0.933065 0.285461
vn -0.183148 0.946118 0.267055
vn -0.186317 0.933801 0.305452
vn -0.205892 0.924192 0.321680
vn -0.333533 -0.814333 -0.474992
vn -0.200187 -0.775798 -0.598383
vn -0.103467 -0.843303 -0.527385
vn -0.333533 -0.814333 -0.474992
vn -0.103467 -0.843303 -0.527385
vn -0.250594 -0.905188 -0.343275
vn 0.719513 0.422255 -0.551364
vn 0.745755 0.634211 -0.204026
vn 0.799964 0.577295 -0.163671
vn 0.784799 0.343339 -0.515955
vn 0.485610 0.506572 0.712437
vn 0.601977 0.539803 0.588419
vn 0.138886 0.713873 0.686364
vn 0.086860 0.706339 0.702524
vn 0.410028 -0.908557 -0.080012
vn 0.089335 -0.994531 0.054110
vn 0.082994 -0.996529 -0.006412
vn 0.346027 -0.921601 -0.175832
vn -0.025260 0.734434 0.678210
vn -0.035826 0.750791 0.659568
vn -0.067103 0.737669 0.671820
vn -0.051579 0.738333 0.672461
vn 0.661667 0.730135 0.170587
vn 0.705102 0.696484 0.133198
vn 0.834573 0.522286 -0.175229
vn 0.799964 0.577295 -0.163671
vn 0.016186 -0.931038 0.364563
vn -0.069921 -0.927868 0.366296
vn -0.017153 -0.989557 0.143118
vn 0.001700 -0.989988 0.141144
vn 0.502971 0.759658 0.412238
vn 0.893318 0.383793 0.233850
vn 0.232932 0.938519 0.254802
vn 0.172940 0.952871 0.249257
vn -0.854801 0.326697 0.403219
vn -0.848468 0.385263 0.362870
vn -0.630703 0.499886 0.593573
vn -0.767491 0.474499 0.431055
vn -0.247392 -0.633828 0.732843
vn -0.100548 -0.627973 0.771712
vn -0.094322 -0.654087 0.750515
vn -0.233897 -0.665220 0.709066
vn -0.052528 0.820972 0.568546
vn -0.222247 0.817186 0.531802
vn -0.229344 0.836082 0.498365
vn -0.066016 0.842744 0.534252
vn 0.247320 -0.351171 -0.903057
vn 0.164446 0.088708 -0.982389
vn 0.002907 0.004653 -0.999985
vn 0.149792 -0.399593 -0.904372
vn -0.702524 0.687739 -0.182960
vn -0.818746 0.542586 -0.187764
vn -0.852183 0.495139 0.169181
vn -0.729421 0.675048 0.110702
vn -0.765068 0.011135 -0.643854
vn -0.955911 0.118395 -0.268731
vn -0.991190 0.130823 0.020692
vn -0.848123 -0.055376 -0.526897
vn 0.379811 -0.788036 -0.484504
vn 0.281727 -0.755732 -0.591185
vn 0.191391 -0.777763 -0.598710
vn 0.379811 -0.788036 -0.484504
vn 0.191391 -0.777763 -0.598710
vn 0.275649 -0.830629 -0.483812
vn 0.424866 -0.418747 0.802583
vn 0.475320 -0.232809 0.848452
vn 0.445645 -0.293070 0.845878
vn 0.487386 -0.345174 0.802066
vn 0.379811 -0.788036 -0.484504
vn 0.372539 -0.809124 -0.454459
vn 0.506141 -0.757764 -0.411843
vn 0.276955 -0.850978 -0.446243
vn 0.275649 -0.830629 -0.483812
vn 0.123075 -0.868235 -0.480645
vn 0.276955 -0.850978 -0.446243
vn 0.123075 -0.868235 -0.480645
vn 0.119931 -0.895072 -0.429490
vn 0.276955 -0.850978 -0.446243
vn 0.119931 -0.895072 -0.429490
vn 0.121440 -0.896115 -0.426885
vn 0.276955 -0.850978 -0.446243
vn 0.121440 -0.896115 -0.426885
vn 0.298622 -0.842817 -0.447755
vn 0.722428 0.075845 -0.687274
vn 0.471962 0.063542 -0.879326
vn 0.499406 0.296959 -0.813885
vn 0.732232 0.336552 -0.592088
vn -0.120493 0.006158 -0.992695
vn 0.002907 0.004653 -0.999985
vn -0.144414 0.556246 -0.818374
vn -0.298848 0.461111 -0.835504
vn 0.784012 0.113060 -0.610362
vn 0.809636 0.110741 -0.576391
vn 0.788508 -0.132856 -0.600504
vn 0.740200 -0.106323 -0.663927
vn 0.992681 0.114307 -0.038977
vn 0.964724 0.099026 -0.243930
vn 0.920353 0.333696 -0.203953
vn 0.937171 0.346326 -0.042054
vn -0.213218 0.912163 0.349995
vn -0.222970 0.931485 0.287437
vn -0.277675 0.938385 0.205744
vn -0.277071 0.905869 0.320365
vn -0.818443 -0.532661 0.215461
vn -0.899242 -0.368980 0.234984
vn -0.828715 -0.559444 -0.015939
vn -0.719801 -0.693857 -0.021223
vn 0.062550 -0.959625 -0.274238
vn -0.052636 -0.885003 -0.462600
vn -0.000108 -0.838764 -0.544495
vn 0.114949 -0.905475 -0.408535
vn 0.551688 -0.735118 -0.394007
vn 0.597421 -0.788510 -0.146085
vn 0.834687 -0.534293 -0.133522
vn 0.816868 -0.530038 -0.227566
vn -0.304845 -0.935670 -0.177738
vn -0.461927 -0.886372 -0.031110
vn -0.361577 -0.727246 0.583417
vn -0.304845 -0.935670 -0.177738
vn -0.361577 -0.727246 0.583417
vn -0.269956 -0.840280 0.470163
vn -0.536137 -0.673187 -0.509290
vn -0.411444 -0.593950 -0.691330
vn -0.572154 -0.378784 -0.727436
vn -0.628956 -0.300255 -0.717120
vn -0.137303 0.934394 0.328719
vn -0.103154 0.945403 0.309149
vn -0.242570 0.921972 0.301873
vn -0.250833 0.915566 0.314359
vn -0.080114 -0.612066 0.786738
vn 0.086211 -0.586249 0.805530
vn 0.130319 -0.899995 0.415963
vn -0.083668 -0.905050 0.416994
vn -0.107331 0.004965 0.994211
vn 0.022139 0.473407 0.880566
vn -0.101875 0.551048 0.828231
vn -0.357575 0.096505 0.928885
vn -0.435708 -0.708692 0.554901
vn -0.462484 -0.885878 -0.036446
vn -0.723409 -0.660091 -0.202386
vn -0.435708 -0.708692 0.554901
vn -0.723409 -0.660091 -0.202386
vn -0.674807 -0.628238 0.387236
vn -0.400043 0.261943 -0.878266
vn -0.561080 0.513170 -0.649496
vn -0.393456 0.575546 -0.716896
vn -0.214694 0.427725 -0.878042
vn 0.108110 -0.031745 -0.993632
vn -0.243295 -0.038438 -0.969190
vn 0.074274 0.264789 -0.961442
vn 0.316245 0.311548 -0.896062
vn -0.674807 -0.628238 0.387236
vn -0.909831 -0.413584 0.033983
vn -0.616890 -0.552067 0.560954
vn -0.674807 -0.628238 0.387236
vn -0.616890 -0.552067 0.560954
vn -0.427617 -0.501703 0.751956
vn -0.899255 0.408138 -0.157367
vn -0.533353 0.611582 -0.584382
vn -0.544605 0.252173 -0.799884
vn -0.832992 0.062507 -0.549743
vn -0.440030 -0.341102 -0.830676
vn -0.250096 -0.621372 -0.742529
vn -0.329935 -0.814373 -0.477430
vn -0.446820 -0.430319 -0.784332
vn -0.682114 -0.618718 0.389756
vn -0.609443 -0.586608 0.533357
vn -0.579772 -0.623124 0.524959
vn -0.665879 -0.625662 0.406389
vn -0.172626 -0.970200 -0.170038
vn -0.146054 -0.964445 -0.220260
vn -0.050548 -0.992371 -0.112450
vn -0.050290 -0.995780 -0.076764
vn 0.025444 -0.986563 0.161390
vn -0.103180 -0.924965 0.365778
vn -0.118704 -0.930419 0.346742
vn 0.024704 -0.974440 0.223285
vn -0.795438 -0.581607 -0.170331
vn -0.809054 -0.587689 -0.007337
vn -0.929740 -0.364234 0.054012
vn -0.922210 -0.378922 -0.077110
vn 0.495791 0.867858 0.031849
vn 0.411586 0.908855 0.067665
vn 0.263331 0.912029 0.314421
vn 0.306840 0.912611 0.270167
vn 0.938247 -0.135507 0.318323
vn 0.485610 0.506572 0.712437
vn 0.399330 0.406043 0.821988
vn 0.792939 -0.237398 0.561151
vn -0.413475 0.195128 0.889362
vn -0.362280 -0.042049 0.931120
vn -0.478994 -0.118843 0.869736
vn -0.413475 0.195128 0.889362
vn -0.478994 -0.118843 0.869736
vn -0.730477 0.120725 0.672182
vn 0.053987 -0.666443 -0.743599
vn -0.291647 -0.723860 -0.625274
vn -0.450055 -0.385355 -0.805576
vn 0.027547 -0.370018 -0.928616
vn 0.968661 0.145556 0.201271
vn 0.957747 -0.115592 0.263363
vn 0.990084 -0.139444 -0.016992
vn 0.992681 0.114307 -0.038977
vn 0.798408 -0.602085 0.006219
vn 0.751673 -0.611131 -0.248006
vn 0.866014 -0.420157 -0.271086
vn 0.914944 -0.403558 0.004238
vn 0.784799 0.343339 -0.515955
vn 0.799964 0.577295 -0.163671
vn 0.834573 0.522286 -0.175229
vn 0.817754 0.269835 -0.508397
vn -0.267369 -0.848044 -0.457532
vn -0.458178 -0.716102 -0.526565
vn -0.378861 -0.642274 -0.666294
vn -0.206376 -0.755329 -0.622002
vn -0.731275 -0.535546 0.422407
vn -0.574504 -0.810326 -0.115401
vn -0.495569 -0.866351 0.062024
vn -0.636189 -0.519445 0.570474
vn 0.200258 -0.822540 -0.532283
vn 0.114949 -0.905475 -0.408535
vn -0.000108 -0.838764 -0.544495
vn 0.087305 -0.791439 -0.604981
vn 0.191391 -0.777763 -0.598710
vn 0.281727 -0.755732 -0.591185
vn 0.200258 -0.822540 -0.532283
vn 0.087305 -0.791439 -0.604981
vn -0.453688 -0.779426 -0.432044
vn -0.442767 -0.780238 -0.441798
vn -0.618931 -0.698275 -0.359632
vn -0.453688 -0.779426 -0.432044
vn -0.618931 -0.698275 -0.359632
vn -0.655588 -0.682092 -0.323968
vn 0.092705 0.313049 0.945202
vn 0.208900 0.354471 0.911434
vn 0.219600 0.442520 0.869455
vn 0.110404 0.398617 0.910448
vn -0.453688 -0.779426 -0.432044
vn -0.378898 -0.807929 -0.451317
vn -0.329632 -0.825331 -0.458445
vn -0.453688 -0.779426 -0.432044
vn -0.329632 -0.825331 -0.458445
vn -0.442767 -0.780238 -0.441798
vn 0.579074 -0.389110 0.716426
vn 0.431884 -0.060521 0.899896
vn 0.588512 -0.510606 0.626845
vn 0.747011 -0.400253 0.530822
vn -0.329632 -0.825331 -0.458445
vn -0.378898 -0.807929 -0.451317
vn -0.267837 -0.867891 -0.418363
vn -0.329632 -0.825331 -0.458445
vn -0.267837 -0.867891 -0.418363
vn -0.226269 -0.865950 -0.446018
vn -0.002166 -0.990353 0.138549
vn -0.048713 -0.984313 0.169573
vn -0.032497 -0.978315 0.204558
vn 0.000596 -0.988479 0.151357
vn -0.226269 -0.865950 -0.446018
vn -0.267837 -0.867891 -0.418363
vn -0.079843 -0.908655 -0.409844
vn -0.226269 -0.865950 -0.446018
vn -0.079843 -0.908655 -0.409844
vn -0.090674 -0.884807 -0.457051
vn 0.020999 0.246943 -0.968803
vn -0.281995 0.290927 -0.914243
vn -0.248838 0.530608 -0.810268
vn 0.066486 0.533839 -0.842968
vn 0.571629 -0.700800 -0.426755
vn 0.628849 -0.654611 -0.419563
vn 0.206789 -0.969279 -0.133182
vn 0.234011 -0.958010 -0.165699
vn -0.090674 -0.884807 -0.457051
vn 0.123075 -0.868235 -0.480645
vn 0.079377 -0.822443 -0.563282
vn -0.090674 -0.884807 -0.457051
vn 0.079377 -0.822443 -0.563282
vn -0.097354 -0.828110 -0.552047
vn 0.511886 -0.856783 0.062416
vn 0.525428 -0.847840 -0.071369
vn 0.760482 -0.647321 -0.051407
vn 0.757169 -0.642786 0.116284
vn 0.883477 -0.160747 -0.440033
vn 0.887891 -0.103723 -0.448209
vn 0.701851 -0.587954 -0.402139
vn 0.698549 -0.601934 -0.386918
vn -0.019608 0.998465 0.051809
vn 0.068737 0.995718 0.061806
vn 0.420136 0.872828 -0.248308
vn 0.004538 0.996236 -0.086564
vn -0.289421 -0.777307 -0.558596
vn -0.200187 -0.775798 -0.598383
vn -0.333533 -0.814333 -0.474992
vn -0.401608 -0.757022 -0.515392
vn 0.888162 0.091429 -0.450343
vn 0.839746 -0.164542 -0.517448
vn 0.664326 -0.170776 -0.727672
vn 0.722428 0.075845 -0.687274
vn -0.100548 -0.627973 0.771712
vn -0.112714 -0.507097 0.854487
vn 0.098828 -0.530380 0.841980
vn 0.094842 -0.635812 0.765994
vn 0.123075 -0.868235 -0.480645
vn 0.275649 -0.830629 -0.483812
vn 0.191391 -0.777763 -0.598710
vn 0.123075 -0.868235 -0.480645
vn 0.191391 -0.777763 -0.598710
vn 0.079377 -0.822443 -0.563282
vn 0.251523 0.930921 0.264805
vn 0.384838 0.918446 -0.091418
vn 0.306630 0.950550 -0.049324
vn 0.114233 0.955242 0.272879
vn -0.011958 0.567269 0.823446
vn -0.004523 0.535905 0.844266
vn -0.012293 0.788409 0.615028
vn -0.029347 0.749207 0.661686
vn -0.705817 0.417483 -0.572303
vn -0.792082 0.335829 -0.509731
vn -0.800381 0.582654 -0.141082
vn -0.719456 0.669756 -0.183873
vn -0.573450 -0.091574 -0.814107
vn -0.522052 0.069138 -0.850107
vn 0.083351 0.064383 -0.994438
vn 0.018048 -0.127612 -0.991660
vn -0.097354 -0.828110 -0.552047
vn -0.225161 -0.804710 -0.549313
vn -0.226269 -0.865950 -0.446018
vn -0.090674 -0.884807 -0.457051
vn -0.842898 0.060702 -0.534638
vn -0.623285 -0.127154 -0.771588
vn -0.498692 0.057272 -0.864885
vn -0.764549 0.232644 -0.601117
vn -0.434260 -0.679850 -0.590950
vn -0.566602 -0.689664 -0.450917
vn -0.581290 -0.652105 -0.486684
vn -0.442752 -0.642770 -0.625154
vn -0.743779 -0.663172 0.083632
vn -0.845146 0.514330 0.145576
vn -0.830964 0.531864 -0.163157
vn -0.822733 -0.539621 -0.178659
vn -0.415961 -0.046337 -0.908201
vn -0.523319 0.165389 -0.835933
vn 0.166776 0.155104 -0.973719
vn 0.281184 -0.038819 -0.958868
vn 0.595968 0.319264 -0.736812
vn 0.545104 0.545824 -0.636347
vn 0.127339 0.526278 -0.840724
vn 0.238472 0.207103 -0.948810
vn 0.822428 0.400800 -0.403698
vn 0.793648 0.137239 -0.592696
vn 0.811305 0.190315 -0.552779
vn 0.841635 0.467172 -0.270926
vn 0.057502 -0.998130 -0.020747
vn 0.084775 -0.996395 -0.003234
vn 0.043212 -0.992557 -0.113856
vn 0.031592 -0.993921 -0.105468
vn -0.930635 0.307193 0.198874
vn -0.891777 0.315598 0.324240
vn -0.919588 0.168847 0.354751
vn -0.970702 0.128896 0.202789
vn -0.349512 -0.018874 -0.936742
vn -0.173677 -0.113162 -0.978279
vn -0.291274 -0.145486 -0.945512
vn -0.454421 -0.065638 -0.888366
vn -0.462274 0.886726 0.004556
vn -0.831424 0.485020 -0.271091
vn -0.830964 0.531864 -0.163157
vn -0.423872 0.902826 0.072371
vn 0.001596 -0.997403 0.072004
vn 0.027844 -0.994703 0.098951
vn 0.000596 -0.988479 0.151357
vn -0.024066 -0.990892 0.132492
vn 0.166897 -0.976872 -0.133667
vn 0.150394 -0.969886 -0.191577
vn 0.141443 -0.972596 -0.184531
vn 0.156644 -0.977399 -0.141966
vn 0.920353 0.333696 -0.203953
vn 0.964724 0.099026 -0.243930
vn 0.888162 0.091429 -0.450343
vn 0.863914 0.346227 -0.365759
vn 0.283129 -0.263414 0.922199
vn 0.260495 -0.546490 0.795922
vn 0.098828 -0.530380 0.841980
vn 0.106523 -0.275410 0.955407
vn -0.594541 0.708316 0.380538
vn -0.939111 0.319808 0.125671
vn -0.911098 0.191746 0.364875
vn -0.600858 0.568444 0.561998
vn -0.724734 -0.099221 0.681848
vn -0.752220 0.137837 0.644334
vn -0.866865 0.096966 0.489022
vn -0.833070 -0.146233 0.533489
vn 0.296026 0.218637 -0.929821
vn 0.460517 0.426675 -0.778378
vn 0.581740 0.220787 -0.782835
vn 0.413476 0.065837 -0.908132
vn 0.343056 0.481520 0.806505
vn 0.348985 0.579758 0.736268
vn 0.228785 0.523299 0.820862
vn 0.219600 0.442520 0.869455
vn -0.163770 0.970506 0.176908
vn -0.213677 0.930872 -0.296345
vn 0.026944 0.974537 -0.222602
vn -0.016597 0.977351 0.210974
vn 0.488251 -0.283042 -0.825529
vn 0.301059 -0.338279 -0.891589
vn -0.075556 0.036510 -0.996473
vn 0.175142 0.071056 -0.981976
vn 0.021910 -0.984533 -0.173823
vn 0.152187 -0.916887 -0.368995
vn 0.187901 -0.943175 -0.274069
vn 0.047546 -0.991751 -0.119037
vn -0.009723 0.772940 0.634404
vn -0.022609 0.571134 0.820545
vn -0.025547 0.650257 0.759284
vn 0.010733 0.739707 0.672843
vn 0.186581 0.782002 0.594693
vn 0.076175 0.888298 0.452907
vn 0.118940 0.873808 0.471500
vn 0.230889 0.687624 0.688377
vn 0.017689 -0.994552 0.102731
vn 0.040194 -0.992124 0.118638
vn 0.071597 -0.989338 0.126825
vn 0.053638 -0.992546 0.109427
vn -0.572606 -0.219243 0.789972
vn -0.547449 -0.400079 0.735007
vn -0.611091 -0.202457 0.765232
vn -0.478994 -0.118843 0.869736
vn 0.276955 -0.850978 -0.446243
vn 0.372539 -0.809124 -0.454459
vn 0.379811 -0.788036 -0.484504
vn 0.275649 -0.830629 -0.483812
vn -0.420875 -0.906067 -0.043656
vn -0.314825 -0.938737 -0.140210
vn -0.076367 -0.996968 -0.014905
vn -0.169973 -0.984388 0.045712
vn 0.391936 0.038790 0.919174
vn 0.439614 -0.047963 0.896905
vn 0.346939 -0.102012 0.932323
vn 0.391936 0.038790 0.919174
vn 0.346939 -0.102012 0.932323
vn 0.256258 0.042419 0.965677
vn 0.503980 0.370223 0.780345
vn 0.464754 0.601786 0.649505
vn 0.912826 0.232143 0.335944
vn 0.503980 0.370223 0.780345
vn 0.912826 0.232143 0.335944
vn 0.890065 0.046973 0.453406
vn -0.032640 0.870126 0.491748
vn -0.154259 0.838589 0.522467
vn -0.036927 0.830058 0.556453
vn 0.074230 0.843104 0.532603
vn 0.575082 0.561279 -0.595185
vn 0.363913 0.549653 -0.751964
vn 0.341444 0.709394 -0.616584
vn 0.533592 0.703793 -0.468992
vn 0.055793 0.938877 0.339702
vn 0.108668 0.936179 0.334306
vn 0.040933 0.939396 0.340381
vn -0.028261 0.935919 0.351079
vn 0.654288 -0.614762 -0.440426
vn 0.597602 -0.698451 -0.393748
vn 0.681590 -0.701389 -0.208538
vn 0.726657 -0.645377 -0.235498
vn -0.406154 -0.802605 -0.436880
vn -0.292414 -0.863877 -0.410135
vn -0.267837 -0.867891 -0.418363
vn -0.378898 -0.807929 -0.451317
vn 0.074418 -0.995217 0.063288
vn 0.075342 -0.995761 0.052760
vn 0.073500 -0.996566 0.038124
vn 0.026532 -0.997473 0.065911
vn 0.008231 0.752448 0.658600
vn 0.010092 0.741527 0.670847
vn 0.049983 0.730436 0.681150
vn 0.008231 0.752448 0.658600
vn 0.049983 0.730436 0.681150
vn 0.026430 0.736398 0.676033
vn 0.089283 -0.644913 0.759023
vn 0.094842 -0.635812 0.765994
vn 0.241160 -0.649539 0.721069
vn 0.232895 -0.655426 0.718454
vn 0.459156 -0.457092 -0.761736
vn 0.369255 -0.455031 -0.810307
vn 0.204227 -0.310521 -0.928369
vn 0.301059 -0.338279 -0.891589
vn -0.253045 0.070523 0.964881
vn -0.135286 -0.097069 0.986040
vn -0.152900 -0.062979 0.986233
vn -0.253045 0.070523 0.964881
vn -0.152900 -0.062979 0.986233
vn -0.284572 -0.039141 0.957855
vn -0.267319 0.509489 0.817901
vn -0.124850 0.484823 0.865655
vn -0.125598 0.527722 0.840080
vn -0.267319 0.509489 0.817901
vn -0.125598 0.527722 0.840080
vn -0.268461 0.602312 0.751764
vn 0.132910 -0.990299 -0.040540
vn 0.234011 -0.958010 -0.165699
vn 0.206789 -0.969279 -0.133182
vn 0.056025 -0.998429 -0.000826
vn -0.788123 0.327913 0.520898
vn -0.891777 0.315598 0.324240
vn -0.870704 0.384846 0.306217
vn -0.787080 0.392933 0.475509
vn -0.603333 -0.007477 0.797454
vn -0.696011 -0.380722 0.608784
vn -0.478906 -0.524506 0.703948
vn -0.453526 0.031879 0.890673
vn 0.785275 0.400708 0.471992
vn 0.862778 0.368155 0.346519
vn 0.883764 0.348720 0.312017
vn 0.774885 0.383704 0.502318
vn 0.052650 0.998501 0.014950
vn 0.035017 0.998122 0.050262
vn -0.025040 0.998957 0.038194
vn 0.364335 0.001539 -0.931267
vn 0.535678 -0.307808 -0.786323
vn 0.488251 -0.283042 -0.825529
vn 0.175142 0.071056 -0.981976
vn -0.401561 -0.894351 -0.197194
vn -0.423609 -0.790579 -0.442199
vn -0.839722 -0.497454 -0.217733
vn -0.853224 -0.520399 -0.034544
vn 0.955128 -0.222094 -0.195969
vn 0.893318 0.383793 0.233850
vn 0.570164 -0.817356 -0.082714
vn 0.955128 -0.222094 -0.195969
vn 0.570164 -0.817356 -0.082714
vn 0.093033 -0.964670 -0.246489
vn -0.205165 -0.976757 0.062079
vn -0.423390 -0.905496 -0.028610
vn -0.438027 -0.898640 -0.024058
vn -0.216250 -0.974693 0.056660
vn 0.128101 0.962714 0.238268
vn 0.136790 0.967258 0.213777
vn 0.125725 0.971227 0.202268
vn 0.128101 0.962714 0.238268
vn 0.125725 0.971227 0.202268
vn 0.172940 0.952871 0.249257
vn 0.114533 0.969189 0.218070
vn 0.092800 0.971946 0.216123
vn 0.124710 0.963708 0.236038
vn 0.053130 0.969244 0.240299
vn -0.072813 0.977919 0.195890
vn 0.070268 0.971745 0.225330
vn -0.091074 0.976076 0.197438
vn -0.116883 0.971792 0.204840
vn -0.163253 0.968344 0.188833
vn -0.091074 0.976076 0.197438
vn -0.163253 0.968344 0.188833
vn -0.160248 0.967267 0.196760
vn -0.091074 0.976076 0.197438
vn -0.160248 0.967267 0.196760
vn -0.161667 0.965741 0.202998
vn -0.091074 0.976076 0.197438
vn -0.161667 0.965741 0.202998
vn -0.072813 0.977919 0.195890
vn -0.116883 0.971792 0.204840
vn -0.137173 0.971006 0.195782
vn -0.174506 0.964677 0.197349
vn -0.116883 0.971792 0.204840
vn -0.174506 0.964677 0.197349
vn -0.163253 0.968344 0.188833
vn 0.379811 -0.788036 -0.484504
vn 0.499983 -0.736764 -0.455188
vn 0.471583 -0.762428 -0.443072
vn 0.281727 -0.755732 -0.591185
vn -0.001938 -0.992816 0.119636
vn 0.000497 -0.985606 0.169057
vn 0.006200 -0.986707 0.162391
vn 0.019051 -0.991911 0.125495
vn -0.177010 0.963901 0.198906
vn -0.161667 0.965741 0.202998
vn -0.160248 0.967267 0.196760
vn -0.177010 0.963901 0.198906
vn -0.160248 0.967267 0.196760
vn -0.182156 0.962692 0.200109
vn -0.123945 0.973877 0.190267
vn -0.128511 0.972703 0.193218
vn -0.142479 0.968589 0.203803
vn -0.137856 0.970204 0.199248
vn 0.040760 -0.979477 -0.197392
vn 0.009249 -0.980736 -0.195121
vn -0.928917 -0.362531 0.075402
vn -0.228016 -0.950123 -0.212779
vn 0.614573 0.521653 0.591759
vn 0.600395 0.642481 0.476177
vn 0.654937 0.650758 0.384150
vn 0.614573 0.521653 0.591759
vn 0.654937 0.650758 0.384150
vn 0.804991 0.397685 0.440267
vn 0.790940 0.493456 0.361822
vn 0.865701 0.489341 0.105388
vn 0.640602 0.760750 0.104351
vn 0.348985 0.579758 0.736268
vn 0.473025 0.613833 0.632026
vn 0.457004 0.672101 0.582605
vn 0.355011 0.643607 0.678039
vn -0.233897 -0.665220 0.709066
vn -0.225836 -0.643203 0.731633
vn -0.334735 -0.630458 0.700340
vn -0.059300 -0.992613 0.105841
vn 0.019051 -0.991911 0.125495
vn 0.006200 -0.986707 0.162391
vn -0.078064 -0.988887 0.126522
vn 0.957916 -0.285638 -0.028414
vn 0.900750 -0.414404 -0.130074
vn 0.888587 -0.359409 -0.285025
vn 0.958808 -0.250586 -0.133768
vn -0.963281 0.266620 0.031677
vn -0.422136 0.846484 0.324446
vn -0.501011 0.661279 0.558299
vn -0.701874 0.236455 0.671909
vn 0.205065 -0.969688 0.132869
vn 0.280553 -0.685336 0.672015
vn -0.166796 -0.620953 0.765896
vn -0.107676 -0.959900 0.258841
vn -0.854801 0.326697 0.403219
vn -0.863713 0.366876 0.345545
vn -0.848468 0.385263 0.362870
vn -0.854801 0.326697 0.403219
vn -0.767491 0.474499 0.431055
vn -0.473110 -0.037787 0.880193
vn -0.854801 0.326697 0.403219
vn -0.473110 -0.037787 0.880193
vn -0.809043 0.148700 0.568627
vn -0.594243 -0.779474 -0.198231
vn -0.334814 -0.928005 -0.163422
vn -0.383924 -0.921508 -0.058532
vn -0.605006 -0.794932 -0.045285
vn 0.000745 0.738855 0.673865
vn -0.004993 0.711803 0.702362
vn 0.008154 0.709104 0.705057
vn -0.029347 0.749207 0.661686
vn 0.517027 0.812959 -0.267917
vn 0.697587 0.597516 -0.395408
vn 0.728309 0.654613 -0.202603
vn 0.534706 0.844765 -0.021502
vn -0.383924 -0.921508 -0.058532
vn -0.334814 -0.928005 -0.163422
vn -0.290483 -0.853363 -0.432887
vn -0.383924 -0.921508 -0.058532
vn -0.290483 -0.853363 -0.432887
vn -0.280541 -0.947781 -0.151680
vn -0.379789 -0.552908 -0.741656
vn -0.440030 -0.341102 -0.830676
vn -0.538906 -0.377878 -0.752853
vn -0.429394 -0.434124 -0.791933
vn -0.334814 -0.928005 -0.163422
vn -0.292272 -0.902175 -0.317267
vn -0.095466 -0.975601 -0.197709
vn -0.334814 -0.928005 -0.163422
vn -0.095466 -0.975601 -0.197709
vn -0.290483 -0.853363 -0.432887
vn 0.569123 0.571117 0.591544
vn 0.382506 0.643257 0.663256
vn 0.389741 0.654191 0.648179
vn 0.557271 0.589036 0.585223
vn -0.495647 0.702564 0.510624
vn -0.573630 0.642611 0.507937
vn -0.651760 0.600039 0.463855
vn -0.543642 0.633103 0.551030
vn 0.136054 -0.034891 0.990087
vn -0.035789 0.223628 0.974017
vn 0.056772 0.200545 0.978038
vn 0.180842 -0.063991 0.981428
vn -0.806039 -0.437353 0.398778
vn -0.965796 -0.257589 0.029761
vn -0.986579 0.092547 -0.134527
vn -0.806039 -0.437353 0.398778
vn -0.986579 0.092547 -0.134527
vn -0.945549 -0.036710 0.323403
vn 0.683034 -0.413595 0.602000
vn 0.755232 -0.160327 0.635547
vn 0.874804 -0.238641 0.421625
vn 0.797364 -0.434385 0.418951
vn -0.819806 0.398557 -0.411181
vn -0.796519 -0.163731 -0.582022
vn -0.804116 0.131864 -0.579664
vn -0.592728 0.729149 -0.342074
vn 0.145584 0.962991 0.226833
vn 0.084042 0.968571 0.234109
vn 0.099187 0.970547 0.219546
vn 0.136790 0.967258 0.213777
vn -0.767721 -0.610143 0.195779
vn -0.724492 -0.572186 0.384337
vn -0.682114 -0.618718 0.389756
vn -0.711472 -0.674175 0.198233
vn 0.863493 -0.300191 -0.405295
vn 0.947513 -0.161925 -0.275679
vn 0.904020 -0.022225 -0.426912
vn 0.794522 -0.160557 -0.585625
vn 0.601016 0.786178 0.143885
vn 0.745755 0.634211 -0.204026
vn 0.652890 0.711255 -0.260480
vn 0.506216 0.861333 -0.043022
vn -0.266371 0.086411 0.959989
vn -0.796827 0.071010 0.600020
vn -0.803274 0.236091 0.546820
vn -0.266371 0.086411 0.959989
vn -0.803274 0.236091 0.546820
vn -0.301337 0.310167 0.901661
vn -0.892904 0.120232 -0.433898
vn -0.876175 -0.040604 -0.480279
vn -0.614123 -0.705207 -0.354311
vn -0.669868 -0.652787 -0.353759
vn -0.266371 0.086411 0.959989
vn 0.406566 0.066222 0.911218
vn 0.419362 -0.185248 0.888717
vn -0.266371 0.086411 0.959989
vn 0.419362 -0.185248 0.888717
vn -0.206851 -0.168362 0.963777
vn -0.260856 0.937470 0.230442
vn -0.206657 0.933299 0.293675
vn -0.245754 0.939665 0.237980
vn -0.415401 0.899588 0.134849
vn 0.406566 0.066222 0.911218
vn 0.865098 0.038890 0.500092
vn 0.867597 -0.107342 0.485544
vn 0.406566 0.066222 0.911218
vn 0.867597 -0.107342 0.485544
vn 0.419362 -0.185248 0.888717
vn 0.150394 -0.969886 -0.191577
vn 0.166897 -0.976872 -0.133667
vn 0.043862 -0.979219 0.198004
vn -0.040917 -0.856497 0.514527
vn 0.964724 0.099026 -0.243930
vn 0.992681 0.114307 -0.038977
vn 0.990084 -0.139444 -0.016992
vn 0.950087 -0.153273 -0.271740
vn -0.344424 0.926944 0.148818
vn -0.509348 0.860442 -0.014284
vn -0.454071 0.877821 0.152477
vn -0.309803 0.914978 0.258531
vn -0.239885 0.922556 0.302235
vn -0.167153 0.925630 0.339512
vn -0.124818 0.934143 0.334362
vn -0.244413 0.918476 0.310907
vn 0.538575 -0.217892 -0.813916
vn 0.634999 -0.516957 -0.574048
vn 0.321218 -0.505432 -0.800848
vn 0.181698 -0.249162 -0.951264
vn -0.001127 0.239773 -0.970828
vn 0.243317 0.625675 -0.741166
vn 0.296175 0.638468 -0.710380
vn 0.153550 0.213035 -0.964903
vn -0.093083 0.956082 0.277925
vn -0.236046 0.942540 0.236435
vn -0.242570 0.921972 0.301873
vn -0.103154 0.945403 0.309149
vn -0.346328 -0.374371 -0.860176
vn -0.396112 -0.008932 -0.918159
vn -0.597405 -0.129332 -0.791442
vn -0.540158 -0.419066 -0.729804
vn 0.166776 0.155104 -0.973719
vn -0.523319 0.165389 -0.835933
vn -0.652781 0.218166 -0.725452
vn 0.166776 0.155104 -0.973719
vn -0.652781 0.218166 -0.725452
vn 0.100450 0.223879 -0.969427
vn -0.681099 0.317421 0.659809
vn -0.347700 -0.854464 0.386001
vn -0.226626 -0.854144 0.468059
vn -0.575050 0.147015 0.804801
vn 0.725460 -0.313231 0.612858
vn 0.709498 -0.518154 0.477628
vn -0.008454 -0.816112 0.577831
vn 0.191605 -0.452396 0.870991
vn -0.245272 0.467556 -0.849254
vn -0.039681 0.061555 -0.997315
vn -0.120493 0.006158 -0.992695
vn -0.298848 0.461111 -0.835504
vn 0.725460 -0.313231 0.612858
vn 0.191605 -0.452396 0.870991
vn 0.053348 -0.302464 0.951667
vn 0.695960 -0.223298 0.682479
vn -0.143483 -0.880965 0.450903
vn -0.136140 -0.922740 0.360578
vn -0.082429 -0.996556 -0.009060
vn -0.258325 -0.960713 0.101479
vn 0.064420 0.971059 0.229987
vn 0.073741 0.976142 0.204226
vn 0.103720 0.969731 0.221051
vn 0.118962 0.973204 0.196781
vn -0.537010 -0.364353 0.760833
vn -0.183101 -0.609104 0.771665
vn -0.143483 -0.880965 0.450903
vn -0.559614 -0.708946 0.429217
vn -0.166796 -0.620953 0.765896
vn -0.107331 0.004965 0.994211
vn -0.357575 0.096505 0.928885
vn -0.511430 -0.530888 0.675719
vn 0.391936 0.038790 0.919174
vn 0.256258 0.042419 0.965677
vn 0.171414 0.344489 0.923009
vn 0.503980 0.370223 0.780345
vn 0.217369 0.921303 0.322415
vn 0.199827 0.930988 0.305500
vn 0.211799 0.931739 0.294962
vn 0.228499 0.923648 0.307671
vn 0.529145 -0.830951 -0.171829
vn 0.596107 -0.672539 -0.438574
vn 0.277287 -0.728376 -0.626562
vn 0.158464 -0.928822 -0.334932
vn -0.621286 -0.062501 -0.781087
vn -0.450055 -0.385355 -0.805576
vn -0.774119 -0.229692 -0.589900
vn -0.621286 -0.062501 -0.781087
vn -0.774119 -0.229692 -0.589900
vn -0.878555 0.118787 -0.462635
vn -0.538975 0.841276 -0.041958
vn -0.556627 0.743921 -0.369795
vn -0.341594 0.910434 -0.233287
vn -0.291377 0.950382 0.108962
vn -0.878555 0.118787 -0.462635
vn -0.774119 -0.229692 -0.589900
vn -0.868451 -0.150484 -0.472385
vn -0.878555 0.118787 -0.462635
vn -0.868451 -0.150484 -0.472385
vn -0.864693 0.331454 -0.377417
vn -0.878555 0.118787 -0.462635
vn -0.864693 0.331454 -0.377417
vn -0.890830 0.411757 -0.192037
vn -0.878555 0.118787 -0.462635
vn -0.890830 0.411757 -0.192037
vn -0.955911 0.118395 -0.268731
vn -0.135917 -0.017819 0.990560
vn -0.368206 -0.218340 0.903743
vn -0.393959 -0.250981 0.884197
vn -0.187038 -0.057959 0.980641
vn -0.550123 0.596219 -0.584712
vn -0.546173 0.508456 -0.665708
vn -0.340673 0.707989 -0.618622
vn -0.268360 0.888065 -0.373261
vn 0.862778 0.368155 0.346519
vn 0.785275 0.400708 0.471992
vn 0.824902 0.324976 0.462523
vn 0.873915 0.302698 0.380323
vn 0.518562 0.659268 0.544480
vn 0.614573 0.521653 0.591759
vn 0.615814 -0.443782 0.651023
vn 0.687568 -0.053481 0.724148
vn -0.123064 -0.967824 -0.219480
vn -0.129734 -0.972985 -0.190968
vn -0.109494 -0.968684 -0.222852
vn -0.123045 -0.970236 -0.208572
vn -0.666420 0.731480 -0.144297
vn -0.867051 0.492322 0.076430
vn -0.890830 0.411757 -0.192037
vn 0.774885 0.383704 0.502318
vn 0.596794 0.405272 0.692525
vn 0.618210 0.421621 0.663365
vn 0.785275 0.400708 0.471992
vn -0.516650 0.848196 0.116773
vn -0.367234 0.874779 0.316072
vn -0.677819 0.576998 0.455670
vn -0.114982 -0.964461 -0.237894
vn -0.142106 -0.964042 -0.224562
vn -0.124819 -0.970446 -0.206529
vn -0.097652 -0.969868 -0.223206
vn 0.130145 0.627710 0.767491
vn 0.034044 0.700036 0.713296
vn -0.101875 0.551048 0.828231
vn 0.022139 0.473407 0.880566
vn -0.143483 -0.880965 0.450903
vn -0.183101 -0.609104 0.771665
vn -0.248501 -0.631117 0.734805
vn -0.136140 -0.922740 0.360578
vn -0.244413 0.918476 0.310907
vn -0.124818 0.934143 0.334362
vn -0.051172 0.959990 0.275320
vn -0.215372 0.939791 0.265345
vn -0.895249 -0.247160 0.370731
vn -0.774654 -0.548616 0.314533
vn -0.679999 -0.553474 0.480903
vn -0.820105 -0.262447 0.508477
vn 0.138935 0.963352 0.229458
vn 0.119067 0.969955 0.212157
vn 0.024385 0.977247 0.210700
vn 0.053130 0.969244 0.240299
vn 0.222254 0.964057 -0.145596
vn 0.332153 0.912980 -0.236942
vn 0.273619 0.946186 0.172814
vn 0.167727 0.956680 0.237974
vn -0.806039 -0.437353 0.398778
vn -0.402907 -0.890283 0.212277
vn -0.504163 -0.861957 0.053374
vn -0.965796 -0.257589 0.029761
vn 0.683034 -0.413595 0.602000
vn 0.797364 -0.434385 0.418951
vn 0.722911 -0.559006 0.406094
vn 0.619256 -0.557252 0.553166
vn 0.906514 0.226303 0.356398
vn 0.965705 0.158099 0.205957
vn 0.974729 -0.057614 0.215833
vn 0.916231 0.041788 0.398466
vn -0.769284 0.518805 -0.372886
vn -0.600337 0.616969 -0.508866
vn -0.448903 0.786560 -0.424039
vn -0.726657 0.623836 -0.287746
vn -0.967317 0.162634 -0.194544
vn -0.980484 0.120149 -0.155613
vn -0.919218 0.360137 0.159184
vn -0.967881 0.181922 0.173524
vn 0.300569 0.943637 0.138588
vn 0.211799 0.931739 0.294962
vn 0.268029 0.947157 0.176222
vn 0.261466 -0.947679 -0.183142
vn 0.489606 -0.840589 -0.231724
vn 0.525428 -0.847840 -0.071369
vn 0.313505 -0.946815 -0.072502
vn 0.300569 0.943637 0.138588
vn 0.386256 0.917240 -0.097353
vn 0.682737 0.721402 -0.115970
vn 0.300569 0.943637 0.138588
vn 0.682737 0.721402 -0.115970
vn 0.658722 0.739087 0.140842
vn 0.327037 -0.788808 0.520412
vn 0.133523 -0.937087 0.322552
vn 0.193273 -0.953112 0.232860
vn 0.422917 -0.821016 0.383503
vn -0.416905 -0.230044 -0.879358
vn -0.213620 0.133028 -0.967817
vn 0.074274 0.264789 -0.961442
vn -0.243295 -0.038438 -0.969190
vn 0.646520 0.687098 -0.331523
vn 0.898223 0.331013 -0.289181
vn 0.838006 0.125015 -0.531147
vn 0.492105 0.687711 0.533747
vn 0.389741 0.654191 0.648179
vn 0.360033 0.688430 0.629635
vn 0.263944 0.929081 0.259120
vn 0.219235 -0.543866 -0.810028
vn 0.045704 -0.616242 -0.786230
vn 0.047702 -0.424571 -0.904137
vn 0.208618 -0.390646 -0.896590
vn -0.241866 -0.857892 -0.453346
vn -0.096640 -0.965994 -0.239825
vn -0.249543 -0.957288 -0.146042
vn -0.414706 -0.860110 -0.297035
vn 0.538575 -0.217892 -0.813916
vn 0.300178 0.129492 -0.945053
vn 0.674347 0.147717 -0.723489
vn 0.868701 -0.130758 -0.477767
vn -0.222247 0.817186 0.531802
vn -0.154259 0.838589 0.522467
vn -0.333913 0.843908 0.419907
vn -0.406742 0.804156 0.433467
vn 0.149792 -0.399593 -0.904372
vn 0.332983 -0.646841 -0.686090
vn 0.472220 -0.549035 -0.689615
vn 0.247320 -0.351171 -0.903057
vn 0.490895 0.519660 0.699268
vn 0.597578 0.532111 0.599799
vn 0.549864 0.629717 0.548731
vn 0.473025 0.613833 0.632026
vn -0.877738 0.261619 0.401413
vn -0.336046 0.672106 0.659808
vn -0.476153 0.607576 0.635712
vn -0.921073 0.161451 0.354341
vn -0.167153 0.925630 0.339512
vn -0.239885 0.922556 0.302235
vn -0.218867 0.933065 0.285461
vn -0.176475 0.929946 0.322579
vn 0.090666 0.994703 0.048440
vn -0.101797 0.994798 -0.003891
vn -0.101582 0.967889 -0.229939
vn 0.097138 0.985955 -0.135853
vn 0.595968 0.319264 -0.736812
vn 0.238472 0.207103 -0.948810
vn 0.407987 -0.136624 -0.902708
vn 0.697747 0.039557 -0.715251
vn 0.871813 0.449742 0.194098
vn 0.539331 0.758381 0.366033
vn 0.532872 0.600143 0.596554
vn 0.876618 0.211899 0.432018
vn 0.133801 -0.988306 -0.073128
vn 0.132910 -0.990299 -0.040540
vn 0.104785 -0.994336 0.017790
vn 0.133801 -0.988306 -0.073128
vn 0.104785 -0.994336 0.017790
vn 0.049553 -0.997131 -0.057231
vn 0.133801 -0.988306 -0.073128
vn 0.049553 -0.997131 -0.057231
vn -0.050548 -0.992371 -0.112450
vn 0.133801 -0.988306 -0.073128
vn -0.050548 -0.992371 -0.112450
vn -0.000551 -0.992638 -0.121118
vn -0.075191 0.906245 0.416013
vn 0.098120 0.902650 0.419040
vn 0.097113 0.844189 0.527175
vn -0.066016 0.842744 0.534252
vn 0.321005 0.843396 0.430859
vn 0.108668 0.936179 0.334306
vn 0.055793 0.938877 0.339702
vn 0.309976 0.864368 0.395959
vn -0.050548 -0.992371 -0.112450
vn -0.146054 -0.964445 -0.220260
vn -0.174849 -0.924849 -0.337760
vn -0.050548 -0.992371 -0.112450
vn -0.174849 -0.924849 -0.337760
vn -0.000551 -0.992638 -0.121118
vn 0.782180 -0.560460 0.272176
vn 0.885474 -0.365983 0.286344
vn 0.793738 -0.313850 0.521035
vn 0.717466 -0.500997 0.483989
vn -0.146054 -0.964445 -0.220260
vn -0.453562 -0.754707 -0.474025
vn -0.291647 -0.723860 -0.625274
vn -0.146054 -0.964445 -0.220260
vn -0.291647 -0.723860 -0.625274
vn -0.174849 -0.924849 -0.337760
vn -0.092688 0.731448 0.675568
vn -0.049580 0.730379 0.681240
vn -0.007571 0.742598 0.669695
vn 0.007752 0.747935 0.663727
vn -0.453562 -0.754707 -0.474025
vn -0.774119 -0.229692 -0.589900
vn -0.450055 -0.385355 -0.805576
vn -0.453562 -0.754707 -0.474025
vn -0.450055 -0.385355 -0.805576
vn -0.291647 -0.723860 -0.625274
vn -0.495569 -0.866351 0.062024
vn -0.574504 -0.810326 -0.115401
vn -0.333533 -0.814333 -0.474992
vn -0.250594 -0.905188 -0.343275
vn 0.431252 0.482033 -0.762670
vn 0.450643 0.751086 -0.482484
vn 0.412279 0.753479 -0.512149
vn 0.312294 0.547986 -0.776005
vn -0.016451 -0.994713 0.101372
vn 0.030604 -0.992535 0.118055
vn -0.003852 -0.992435 0.122712
vn -0.046006 -0.991697 0.120087
vn -0.482092 0.092606 0.871213
vn -0.357575 0.096505 0.928885
vn -0.101875 0.551048 0.828231
vn -0.174050 0.568886 0.803788
vn 0.734814 0.403167 0.545439
vn 0.982893 -0.155724 0.098347
vn 0.977708 -0.203596 0.051332
vn 0.839286 0.292828 0.458095
vn -0.508597 -0.493583 0.705482
vn -0.342887 -0.842789 0.414892
vn -0.402907 -0.890283 0.212277
vn -0.806039 -0.437353 0.398778
vn 0.974729 -0.057614 0.215833
vn 0.929145 -0.301536 0.213928
vn 0.874804 -0.238641 0.421625
vn 0.916231 0.041788 0.398466
vn -0.636780 0.767706 -0.071679
vn -0.885748 0.280125 -0.370108
vn -0.831424 0.485020 -0.271091
vn -0.636780 0.767706 -0.071679
vn -0.831424 0.485020 -0.271091
vn -0.462274 0.886726 0.004556
vn -0.636780 0.767706 -0.071679
vn -0.462274 0.886726 0.004556
vn -0.333488 0.930573 0.151062
vn -0.636780 0.767706 -0.071679
vn -0.333488 0.930573 0.151062
vn -0.454071 0.877821 0.152477
vn -0.867267 0.300704 0.396768
vn -0.755029 0.345721 0.557143
vn -0.718448 0.488115 0.495556
vn -0.836956 0.433373 0.334204
vn 0.497683 0.793737 0.349705
vn 0.452239 0.799141 0.396048
vn 0.252623 0.821610 0.511018
vn 0.278176 0.834043 0.476435
vn -0.226941 0.706871 0.669949
vn -0.336046 0.672106 0.659808
vn -0.877738 0.261619 0.401413
vn -0.815859 0.315934 0.484314
vn -0.309803 0.914978 0.258531
vn -0.264530 0.926511 0.267583
vn -0.250833 0.915566 0.314359
vn -0.309803 0.914978 0.258531
vn -0.250833 0.915566 0.314359
vn -0.242570 0.921972 0.301873
vn 0.064420 0.971059 0.229987
vn 0.118962 0.973204 0.196781
vn 0.192498 0.939374 0.283763
vn 0.077595 0.929810 0.359766
vn 0.465265 -0.687822 -0.557162
vn 0.607933 -0.320263 -0.726532
vn 0.834287 -0.230118 -0.501010
vn 0.588727 -0.715290 -0.376510
vn 0.048964 -0.991277 0.122362
vn 0.080792 -0.985643 0.148255
vn 0.069609 -0.989282 0.128358
vn 0.030604 -0.992535 0.118055
vn 0.081386 0.879520 -0.468850
vn 0.284719 0.875886 -0.389562
vn 0.341444 0.709394 -0.616584
vn 0.086553 0.713582 -0.695204
vn -0.103154 0.945403 0.309149
vn 0.098112 0.943429 0.316726
vn 0.092825 0.952059 0.291492
vn -0.103154 0.945403 0.309149
vn 0.092825 0.952059 0.291492
vn -0.093083 0.956082 0.277925
vn -0.233706 0.949828 0.207866
vn -0.255178 0.960964 0.106926
vn -0.463130 0.878561 -0.116794
vn -0.376586 0.923305 0.075433
vn -0.174506 0.964677 0.197349
vn -0.165392 0.966806 0.194762
vn -0.146931 0.969436 0.196482
vn -0.172028 0.964803 0.198903
vn 0.098315 -0.190101 -0.976830
vn -0.026634 -0.154600 -0.987618
vn 0.110427 -0.107501 -0.988053
vn 0.204056 -0.163901 -0.965141
vn 0.780532 -0.210542 0.588593
vn 0.229248 -0.955858 0.183794
vn 0.324502 -0.917709 0.229147
vn 0.772423 -0.069725 0.631269
vn -0.137303 0.934394 0.328719
vn 0.049139 0.922944 0.381785
vn 0.080936 0.936511 0.341171
vn -0.177484 0.931970 0.316119
vn -0.240577 0.921313 0.305458
vn -0.246663 0.906726 0.342061
vn -0.177484 0.931970 0.316119
vn -0.246663 0.906726 0.342061
vn -0.232161 0.921493 0.311372
vn -0.177484 0.931970 0.316119
vn -0.232161 0.921493 0.311372
vn -0.053707 0.934134 0.352859
vn -0.372023 -0.027625 0.927812
vn -0.293567 0.243380 0.924438
vn -0.380440 -0.391548 0.837828
vn -0.378708 -0.401680 0.833807
vn -0.053707 0.934134 0.352859
vn -0.268698 0.876041 0.400441
vn -0.044665 0.917558 0.395085
vn -0.053707 0.934134 0.352859
vn -0.044665 0.917558 0.395085
vn 0.077149 0.940772 0.330145
vn -0.053707 0.934134 0.352859
vn 0.077149 0.940772 0.330145
vn 0.197440 0.915240 0.351216
vn -0.053707 0.934134 0.352859
vn 0.197440 0.915240 0.351216
vn 0.049139 0.922944 0.381785
vn 0.600614 0.334493 0.726207
vn 0.290524 -0.126396 0.948483
vn 0.284720 -0.021334 0.958373
vn 0.314078 0.256026 0.914224
vn -0.044665 0.917558 0.395085
vn -0.458010 0.290809 0.840034
vn -0.339195 0.714941 0.611397
vn -0.375957 0.109229 0.920177
vn -0.470954 -0.050073 0.880736
vn -0.379307 -0.090384 0.920846
vn -0.213321 0.081515 0.973576
vn 0.219586 0.954919 -0.199777
vn 0.630234 0.687412 0.360929
vn 0.831841 0.502250 -0.236189
vn 0.501387 0.469767 -0.726588
vn -0.591198 0.644475 -0.484909
vn -0.607326 0.609580 -0.509478
vn -0.341594 0.910434 -0.233287
vn -0.556627 0.743921 -0.369795
vn 0.555825 0.510363 0.656192
vn 0.499189 0.504089 0.704772
vn 0.273761 0.876507 0.395968
vn 0.555825 0.510363 0.656192
vn 0.416697 0.793565 0.443417
vn 0.657443 -0.495465 0.567700
vn 0.555825 0.510363 0.656192
vn 0.657443 -0.495465 0.567700
vn 0.523896 -0.650324 0.550102
vn 0.555825 0.510363 0.656192
vn 0.523896 -0.650324 0.550102
vn 0.437439 -0.613659 0.657320
vn 0.555825 0.510363 0.656192
vn 0.437439 -0.613659 0.657320
vn 0.499189 0.504089 0.704772
vn 0.016829 -0.999857 -0.001356
vn 0.014663 -0.998498 -0.052784
vn -0.044155 -0.998866 -0.017812
vn 0.328956 -0.855626 0.399615
vn 0.080792 -0.985643 0.148255
vn 0.048964 -0.991277 0.122362
vn 0.047260 -0.988146 0.146064
vn 0.079089 -0.981776 0.172803
vn -0.147245 -0.778883 -0.609640
vn -0.045381 -0.815065 -0.577589
vn -0.103467 -0.843303 -0.527385
vn -0.200187 -0.775798 -0.598383
vn 0.010092 0.741527 0.670847
vn -0.017990 0.732563 0.680462
vn 0.054521 0.720480 0.691329
vn 0.049983 0.730436 0.681150
vn 0.011629 -0.971918 0.235031
vn 0.125483 -0.969816 0.209071
vn 0.083955 -0.985195 0.149473
vn 0.011629 -0.971918 0.235031
vn 0.083955 -0.985195 0.149473
vn 0.018644 -0.986675 0.161630
vn 0.040390 0.337425 0.940485
vn 0.230448 0.036631 0.972395
vn 0.393421 0.106742 0.913141
vn 0.182184 0.511220 0.839918
vn -0.034030 -0.987525 0.153743
vn -0.001370 -0.989711 0.143071
vn -0.026186 -0.982990 0.181784
vn -0.034030 -0.987525 0.153743
vn -0.026186 -0.982990 0.181784
vn -0.050350 -0.972434 0.227676
vn 0.038122 0.998219 -0.045882
vn 0.222254 0.964057 -0.145596
vn 0.167727 0.956680 0.237974
vn 0.038835 0.959532 0.278907
vn -0.034030 -0.987525 0.153743
vn -0.022032 -0.993428 0.112314
vn 0.021435 -0.995796 0.089056
vn -0.034030 -0.987525 0.153743
vn 0.021435 -0.995796 0.089056
vn -0.001370 -0.989711 0.143071
vn 0.021435 -0.995796 0.089056
vn 0.281518 -0.959326 0.021016
vn 0.196494 -0.975478 0.099164
vn 0.021435 -0.995796 0.089056
vn 0.196494 -0.975478 0.099164
vn -0.001370 -0.989711 0.143071
vn -0.154259 0.838589 0.522467
vn -0.032640 0.870126 0.491748
vn -0.195149 0.913814 0.356175
vn -0.333913 0.843908 0.419907
vn -0.790790 -0.147557 -0.594036
vn -0.863597 -0.116297 -0.490586
vn -0.851217 0.099955 -0.515206
vn -0.813799 0.079196 -0.575725
vn 0.181698 -0.249162 -0.951264
vn 0.071069 -0.369390 -0.926553
vn -0.120493 0.006158 -0.992695
vn -0.039681 0.061555 -0.997315
vn 0.280925 -0.959471 -0.022265
vn 0.023378 -0.997637 0.064613
vn 0.018160 -0.998845 0.044483
vn 0.280925 -0.959471 -0.022265
vn 0.018160 -0.998845 0.044483
vn 0.252654 -0.965705 -0.059836
vn -0.579138 0.699242 -0.419118
vn -0.661910 0.556305 -0.502393
vn -0.818746 0.542586 -0.187764
vn -0.702524 0.687739 -0.182960
vn 0.782854 -0.558883 -0.273477
vn 0.898223 0.331013 -0.289181
vn 0.852619 0.515826 -0.083457
vn 0.782854 -0.558883 -0.273477
vn 0.852619 0.515826 -0.083457
vn 0.875769 -0.440774 -0.196841
vn 0.702081 0.053913 0.710053
vn 0.772423 -0.069725 0.631269
vn 0.324502 -0.917709 0.229147
vn 0.350604 -0.876573 0.329692
vn 0.782854 -0.558883 -0.273477
vn 0.628849 -0.654611 -0.419563
vn 0.838006 0.125015 -0.531147
vn 0.782854 -0.558883 -0.273477
vn 0.838006 0.125015 -0.531147
vn 0.898223 0.331013 -0.289181
vn -0.246975 0.238469 -0.939221
vn 0.029871 0.654482 -0.755488
vn 0.243317 0.625675 -0.741166
vn -0.001127 0.239773 -0.970828
vn 0.789791 0.613241 -0.012872
vn 0.929640 0.367981 -0.018986
vn 0.796640 0.514487 -0.317281
vn 0.686939 0.682618 -0.249293
vn 0.283961 -0.336220 0.897954
vn 0.075983 -0.323620 0.943131
vn 0.069461 -0.538394 0.839826
vn 0.262831 -0.537230 0.801439
vn 0.056025 -0.998429 -0.000826
vn 0.018160 -0.998845 0.044483
vn 0.026532 -0.997473 0.065911
vn 0.056025 -0.998429 -0.000826
vn 0.026532 -0.997473 0.065911
vn 0.073500 -0.996566 0.038124
vn 0.053348 -0.302464 0.951667
vn -0.041382 -0.055179 0.997619
vn 0.695769 -0.032081 0.717549
vn 0.695960 -0.223298 0.682479
vn -0.367357 -0.581245 0.726088
vn -0.302697 -0.597198 0.742784
vn -0.361577 -0.727246 0.583417
vn -0.435708 -0.708692 0.554901
vn -0.636189 -0.519445 0.570474
vn -0.511430 -0.530888 0.675719
vn -0.357575 0.096505 0.928885
vn -0.482092 0.092606 0.871213
vn -0.543642 0.633103 0.551030
vn -0.651760 0.600039 0.463855
vn -0.718448 0.488115 0.495556
vn -0.579287 0.522987 0.625229
vn 0.069022 -0.996462 0.047963
vn 0.045083 -0.997008 0.062794
vn 0.011370 -0.999318 0.035146
vn 0.069022 -0.996462 0.047963
vn 0.011370 -0.999318 0.035146
vn 0.015991 -0.999869 0.002386
vn 0.069022 -0.996462 0.047963
vn 0.015991 -0.999869 0.002386
vn 0.049553 -0.997131 -0.057231
vn 0.069022 -0.996462 0.047963
vn 0.049553 -0.997131 -0.057231
vn 0.104785 -0.994336 0.017790
vn 0.389241 0.845696 0.365088
vn 0.452239 0.799141 0.396048
vn 0.661667 0.730135 0.170587
vn 0.601016 0.786178 0.143885
vn 0.089272 -0.978718 -0.184777
vn -0.022488 -0.981361 -0.190854
vn -0.020059 -0.982338 -0.186036
vn 0.096877 -0.976735 -0.191319
vn -0.624611 -0.717458 -0.308407
vn -0.869416 -0.462268 0.174424
vn -0.923180 -0.381319 -0.048329
vn -0.618931 -0.698275 -0.359632
vn 0.681355 0.043759 -0.730644
vn 0.644534 0.124413 -0.754385
vn 0.784799 0.343339 -0.515955
vn 0.817754 0.269835 -0.508397
vn -0.048578 -0.998711 -0.014716
vn -0.202883 -0.972129 -0.117485
vn -0.172626 -0.970200 -0.170038
vn -0.048578 -0.998711 -0.014716
vn -0.172626 -0.970200 -0.170038
vn -0.050290 -0.995780 -0.076764
vn -0.233897 -0.665220 0.709066
vn -0.334735 -0.630458 0.700340
vn -0.335591 -0.665060 0.667138
vn -0.247392 -0.633828 0.732843
vn -0.723409 -0.660091 -0.202386
vn -0.462484 -0.885878 -0.036446
vn -0.451002 -0.782173 -0.429886
vn -0.663097 -0.669261 -0.335249
vn 0.571997 -0.117670 -0.811772
vn 0.018048 -0.127612 -0.991660
vn 0.083351 0.064383 -0.994438
vn 0.635643 0.052403 -0.770203
vn -0.246791 -0.968497 -0.033296
vn -0.221919 -0.974531 0.032276
vn -0.783238 -0.554762 -0.280673
vn -0.246791 -0.968497 -0.033296
vn -0.783238 -0.554762 -0.280673
vn -0.717806 -0.618833 -0.319061
vn 0.143524 0.763690 0.629427
vn 0.112556 0.751760 0.649760
vn -0.061916 0.862445 0.502349
vn 0.015158 0.875410 0.483144
vn 0.531698 -0.815464 -0.228724
vn 0.497127 -0.854604 -0.150056
vn 0.862591 -0.008988 -0.505822
vn 0.845609 0.215063 -0.488563
vn 0.097113 0.844189 0.527175
vn 0.098120 0.902650 0.419040
vn 0.286926 0.887367 0.360905
vn 0.278176 0.834043 0.476435
vn -0.783238 -0.554762 -0.280673
vn -0.831424 0.485020 -0.271091
vn -0.885748 0.280125 -0.370108
vn -0.783238 -0.554762 -0.280673
vn -0.885748 0.280125 -0.370108
vn -0.717806 -0.618833 -0.319061
vn -0.274493 -0.484405 0.830666
vn -0.297200 -0.209338 0.931584
vn -0.121489 -0.240950 0.962904
vn -0.112714 -0.507097 0.854487
vn -0.141925 0.382552 0.912969
vn -0.253045 0.070523 0.964881
vn -0.413475 0.195128 0.889362
vn -0.400522 0.595966 0.695993
vn 0.229248 -0.955858 0.183794
vn 0.159396 -0.955844 0.246891
vn -0.028499 -0.984993 0.170224
vn 0.055366 -0.988173 0.143000
vn -0.687593 -0.321230 0.651174
vn -0.507043 -0.372818 0.777119
vn -0.525583 -0.153104 0.836852
vn -0.743804 -0.072469 0.664457
vn -0.382776 0.878558 0.285688
vn -0.250058 0.933540 0.256854
vn -0.177109 0.963558 0.200469
vn -0.165830 0.964146 0.207179
vn 0.022086 -0.993891 0.108131
vn 0.052639 -0.995188 0.082648
vn 0.065018 -0.991377 0.113774
vn 0.040194 -0.992124 0.118638
vn -0.277675 0.938385 0.205744
vn -0.222970 0.931485 0.287437
vn -0.264530 0.926511 0.267583
vn -0.277675 0.938385 0.205744
vn -0.264530 0.926511 0.267583
vn -0.333488 0.930573 0.151062
vn 0.858286 -0.085157 0.506057
vn 0.957747 -0.115592 0.263363
vn 0.968661 0.145556 0.201271
vn 0.885454 0.172438 0.431551
vn -0.103180 -0.924965 0.365778
vn 0.025444 -0.986563 0.161390
vn -0.017153 -0.989557 0.143118
vn -0.069921 -0.927868 0.366296
vn 0.394804 -0.252848 -0.883288
vn 0.235803 -0.313367 -0.919890
vn 0.244840 -0.235178 -0.940609
vn 0.385180 -0.182243 -0.904668
vn -0.759950 -0.590336 -0.271990
vn -0.815882 -0.578090 -0.012202
vn -0.743902 -0.668106 -0.015662
vn -0.695343 -0.674361 -0.248467
vn 0.114140 -0.975615 -0.187478
vn 0.176354 -0.963352 -0.202119
vn 0.147809 -0.970259 -0.191702
vn 0.096877 -0.976735 -0.191319
vn 0.637119 0.083387 -0.766241
vn 0.429295 0.204321 -0.879749
vn 0.420110 -0.245106 -0.873745
vn 0.617586 -0.248611 -0.746177
vn -0.467388 -0.317925 0.824907
vn -0.378708 -0.401680 0.833807
vn -0.415544 -0.087721 0.905333
vn -0.475525 -0.028949 0.879226
vn -0.614537 -0.386391 0.687783
vn -0.198185 -0.958147 0.206582
vn -0.278222 -0.913296 0.297461
vn -0.614537 -0.386391 0.687783
vn -0.278222 -0.913296 0.297461
vn -0.755380 0.130577 0.642145
vn -0.614537 -0.386391 0.687783
vn -0.755380 0.130577 0.642145
vn -0.268698 0.876041 0.400441
vn -0.614537 -0.386391 0.687783
vn -0.268698 0.876041 0.400441
vn -0.434401 0.668550 0.603602
vn -0.136142 0.913505 0.383371
vn 0.163456 0.929350 0.331045
vn 0.259243 0.959880 0.106882
vn 0.006269 0.977923 0.208873
vn -0.347700 -0.854464 0.386001
vn -0.178646 -0.979847 0.089358
vn -0.081101 -0.979861 0.182469
vn -0.226626 -0.854144 0.468059
vn -0.204780 0.938427 0.278244
vn -0.242477 0.929297 0.278590
vn -0.233706 0.949828 0.207866
vn -0.192277 0.947885 0.254053
vn -0.561481 0.778262 -0.281154
vn -0.719456 0.669756 -0.183873
vn -0.558909 0.808259 0.185305
vn -0.395027 0.914181 0.090705
vn 0.911076 -0.409122 -0.050591
vn 0.281518 -0.959326 0.021016
vn 0.280925 -0.959471 -0.022265
vn 0.875769 -0.440774 -0.196841
vn 0.017734 -0.825396 0.564276
vn 0.013968 -0.853448 0.520991
vn -0.126255 -0.966240 -0.224588
vn 0.004032 -0.973439 -0.228911
vn -0.711472 -0.674175 0.198233
vn -0.682114 -0.618718 0.389756
vn -0.665879 -0.625662 0.406389
vn -0.700149 -0.682106 0.211003
vn -0.458178 -0.716102 -0.526565
vn -0.619311 -0.554283 -0.556079
vn -0.530097 -0.491666 -0.690841
vn -0.378861 -0.642274 -0.666294
vn -0.284356 -0.656624 -0.698560
vn -0.400394 -0.595097 -0.696810
vn -0.211904 -0.435132 -0.875075
vn -0.139855 -0.491297 -0.859690
vn -0.945147 0.003686 -0.326623
vn -0.977674 0.119964 0.172518
vn -0.986587 0.020890 0.161891
vn -0.939664 -0.034877 -0.340318
vn -0.023505 -0.988309 -0.150641
vn 0.334974 -0.884433 -0.324917
vn 0.358790 -0.907386 -0.218909
vn 0.052675 -0.995369 -0.080408
vn -0.081101 -0.979861 0.182469
vn -0.178646 -0.979847 0.089358
vn -0.221919 -0.974531 0.032276
vn -0.081101 -0.979861 0.182469
vn -0.221919 -0.974531 0.032276
vn -0.113560 -0.983273 0.142402
vn 0.497127 -0.854604 -0.150056
vn 0.248379 -0.968060 -0.034181
vn 0.690302 -0.652621 0.312360
vn 0.709498 -0.693544 -0.124938
vn 0.125483 -0.969816 0.209071
vn 0.162539 -0.970285 0.179242
vn 0.097829 -0.987136 0.126462
vn 0.083955 -0.985195 0.149473
vn -0.575050 0.147015 0.804801
vn -0.408481 0.879619 0.243751
vn -0.845146 0.514330 0.145576
vn -0.575050 0.147015 0.804801
vn -0.845146 0.514330 0.145576
vn -0.681099 0.317421 0.659809
vn -0.575050 0.147015 0.804801
vn -0.361550 0.246527 0.899170
vn -0.277071 0.905869 0.320365
vn -0.575050 0.147015 0.804801
vn -0.277071 0.905869 0.320365
vn -0.408481 0.879619 0.243751
vn 0.868701 -0.130758 -0.477767
vn 0.987815 0.117028 -0.102598
vn 0.975291 -0.177348 0.131736
vn 0.878047 -0.425169 -0.219694
vn 0.630252 -0.347789 -0.694136
vn 0.466600 -0.562644 -0.682434
vn 0.393143 -0.416371 -0.819801
vn 0.565241 -0.246526 -0.787228
vn -0.723409 -0.660091 -0.202386
vn -0.663097 -0.669261 -0.335249
vn -0.925399 -0.370062 -0.081803
vn -0.923525 -0.370624 -0.098682
vn -0.899242 -0.368980 0.234984
vn -0.837552 -0.002824 0.546350
vn -0.911098 0.191746 0.364875
vn -0.985287 -0.164399 0.046724
vn -0.876423 0.028915 0.480673
vn -0.857775 -0.088182 0.506405
vn -0.895249 -0.247160 0.370731
vn -0.820105 -0.262447 0.508477
vn 0.808058 0.335549 -0.484199
vn 0.855507 0.170429 -0.488938
vn 0.834830 0.139931 -0.532427
vn 0.811462 0.307420 -0.497013
vn 0.133523 -0.937087 0.322552
vn 0.327037 -0.788808 0.520412
vn 0.268516 -0.760108 0.591722
vn 0.105720 -0.927136 0.359501
vn 0.181009 0.950307 0.253283
vn 0.112029 0.816075 0.566984
vn -0.194297 0.796132 0.573081
vn -0.104501 0.961212 0.255246
vn -0.031805 -0.994343 0.101343
vn 0.022179 -0.992805 0.117670
vn -0.320218 -0.815736 0.481700
vn -0.031805 -0.994343 0.101343
vn -0.320218 -0.815736 0.481700
vn -0.278222 -0.913296 0.297461
vn -0.107331 0.004965 0.994211
vn 0.233082 -0.073257 0.969694
vn 0.178520 0.385876 0.905113
vn 0.022139 0.473407 0.880566
vn -0.376586 0.923305 0.075433
vn -0.768207 0.624342 -0.141612
vn -0.627173 0.778662 0.018436
vn -0.297603 0.935985 0.188053
vn -0.320218 -0.815736 0.481700
vn -0.544225 -0.560182 0.624512
vn -0.339195 0.714941 0.611397
vn -0.320218 -0.815736 0.481700
vn -0.339195 0.714941 0.611397
vn -0.458010 0.290809 0.840034
vn -0.064667 0.167320 0.983780
vn -0.011676 0.049515 0.998705
vn -0.242768 -0.032395 0.969543
vn -0.142198 0.049500 0.988600
vn -0.177484 0.931970 0.316119
vn -0.053707 0.934134 0.352859
vn 0.049139 0.922944 0.381785
vn -0.137303 0.934394 0.328719
vn 0.082703 -0.988366 0.127647
vn 0.097829 -0.987136 0.126462
vn 0.162539 -0.970285 0.179242
vn 0.082703 -0.988366 0.127647
vn 0.162539 -0.970285 0.179242
vn 0.144221 -0.973721 0.176262
vn -0.611586 0.670100 0.420629
vn -0.303570 0.741317 0.598576
vn -0.204419 0.867198 0.454072
vn -0.418604 0.846442 0.329100
vn 0.082703 -0.988366 0.127647
vn 0.053638 -0.992546 0.109427
vn 0.071597 -0.989338 0.126825
vn 0.082703 -0.988366 0.127647
vn 0.071597 -0.989338 0.126825
vn 0.097829 -0.987136 0.126462
vn 0.035818 0.835354 -0.548544
vn -0.013289 0.813623 -0.581241
vn 0.038122 0.998219 -0.045882
vn -0.003787 0.999840 -0.017464
vn -0.223401 -0.951478 -0.211616
vn -0.077592 -0.995343 -0.057192
vn -0.076367 -0.996968 -0.014905
vn -0.314825 -0.938737 -0.140210
vn -0.890725 -0.272991 -0.363436
vn -0.791651 -0.515269 -0.328308
vn -0.870599 -0.491379 -0.024564
vn -0.968447 -0.247599 -0.028385
vn -0.055679 -0.991104 0.120885
vn -0.048713 -0.984313 0.169573
vn -0.002166 -0.990353 0.138549
vn -0.004857 -0.993319 0.115301
vn -0.333588 0.942719 0.000303
vn -0.167621 0.976137 0.138056
vn -0.128904 0.989855 0.059754
vn -0.281603 0.955717 -0.085471
vn 0.091649 0.976245 0.196333
vn -0.028070 0.981035 0.191789
vn -0.005932 0.980690 0.195480
vn 0.099827 0.977338 0.186666
vn 0.244840 -0.235178 -0.940609
vn 0.204056 -0.163901 -0.965141
vn 0.341862 -0.106613 -0.933683
vn 0.385180 -0.182243 -0.904668
vn 0.799472 -0.513959 0.310951
vn 0.682801 -0.729245 -0.044547
vn 0.772980 -0.625862 -0.103919
vn 0.894487 -0.383045 0.230586
vn 0.062804 -0.993461 0.095349
vn 0.000219 -0.996760 0.080437
vn -0.022032 -0.993428 0.112314
vn 0.062804 -0.993461 0.095349
vn -0.022032 -0.993428 0.112314
vn 0.031982 -0.988925 0.144932
vn 0.062804 -0.993461 0.095349
vn 0.074418 -0.995217 0.063288
vn 0.026532 -0.997473 0.065911
vn 0.062804 -0.993461 0.095349
vn 0.026532 -0.997473 0.065911
vn 0.000219 -0.996760 0.080437
vn -0.451002 -0.782173 -0.429886
vn -0.449765 -0.779213 -0.436507
vn -0.655634 -0.681418 -0.325291
vn -0.663097 -0.669261 -0.335249
vn -0.059725 -0.982174 0.178235
vn -0.182234 -0.974545 0.130588
vn -0.205165 -0.976757 0.062079
vn -0.078064 -0.988887 0.126522
vn 0.025818 -0.993998 0.106309
vn 0.027844 -0.994703 0.098951
vn 0.045083 -0.997008 0.062794
vn 0.025818 -0.993998 0.106309
vn 0.045083 -0.997008 0.062794
vn 0.051444 -0.995964 0.073545
vn -0.411444 -0.593950 -0.691330
vn -0.536137 -0.673187 -0.509290
vn -0.435881 -0.750821 -0.496262
vn -0.284356 -0.656624 -0.698560
vn -0.822733 -0.539621 -0.178659
vn -0.178646 -0.979847 0.089358
vn -0.347700 -0.854464 0.386001
vn -0.822733 -0.539621 -0.178659
vn -0.347700 -0.854464 0.386001
vn -0.743779 -0.663172 0.083632
vn 0.026532 -0.997473 0.065911
vn 0.018160 -0.998845 0.044483
vn 0.023378 -0.997637 0.064613
vn 0.026532 -0.997473 0.065911
vn 0.023378 -0.997637 0.064613
vn 0.000219 -0.996760 0.080437
vn 0.765911 0.316665 0.559556
vn 0.987960 0.144598 -0.055019
vn 0.992905 0.036758 0.113089
vn 0.728026 0.118927 0.675155
vn 0.132283 -0.990735 -0.030752
vn 0.166897 -0.976872 -0.133667
vn 0.156644 -0.977399 -0.141966
vn 0.138117 -0.982398 -0.125770
vn 0.852619 0.515826 -0.083457
vn 0.898223 0.331013 -0.289181
vn 0.522460 0.851028 -0.052787
vn 0.852619 0.515826 -0.083457
vn 0.522460 0.851028 -0.052787
vn 0.413654 0.896766 0.157169
vn 0.778404 0.624791 0.061025
vn 0.347889 0.904361 0.247194
vn 0.207879 0.931420 0.298735
vn 0.778404 0.624791 0.061025
vn 0.207879 0.931420 0.298735
vn 0.626019 0.753765 0.199845
vn 0.032511 -0.984420 0.172804
vn 0.009346 -0.990518 0.137065
vn 0.018130 -0.988887 0.147561
vn 0.044294 -0.980154 0.193225
vn 0.635643 0.052403 -0.770203
vn 0.727674 0.147555 -0.669864
vn 0.982198 0.064661 -0.176370
vn 0.950625 0.036301 -0.308213
vn 0.047546 -0.991751 -0.119037
vn 0.013654 -0.999796 -0.014866
vn -0.013491 -0.998515 -0.052787
vn 0.021910 -0.984533 -0.173823
vn -0.408481 0.879619 0.243751
vn -0.423872 0.902826 0.072371
vn -0.830964 0.531864 -0.163157
vn -0.845146 0.514330 0.145576
vn 0.102242 0.794345 0.598801
vn 0.085650 0.533159 0.841668
vn -0.117987 0.552724 0.824970
vn -0.136606 0.795714 0.590065
vn 0.314078 0.256026 0.914224
vn 0.477163 0.505511 0.718871
vn 0.776440 0.425473 0.464879
vn 0.600614 0.334493 0.726207
vn -0.236046 0.942540 0.236435
vn -0.367234 0.874779 0.316072
vn -0.516650 0.848196 0.116773
vn -0.344424 0.926944 0.148818
vn 0.062471 -0.997146 -0.042391
vn 0.120102 -0.984741 -0.125938
vn 0.107402 -0.988262 -0.108642
vn 0.120403 -0.985740 -0.117555
vn -0.895965 -0.320430 0.307526
vn -0.857775 -0.088182 0.506405
vn -0.537010 -0.364353 0.760833
vn -0.559614 -0.708946 0.429217
vn 0.043212 -0.992557 -0.113856
vn -0.026195 -0.973627 -0.226637
vn -0.024642 -0.977087 -0.211409
vn 0.031592 -0.993921 -0.105468
vn 0.031370 0.693388 0.719881
vn -0.107100 -0.445097 0.889055
vn -0.000385 -0.356518 0.934288
vn 0.031370 0.693388 0.719881
vn -0.000385 -0.356518 0.934288
vn 0.123991 0.809022 0.574552
vn -0.146533 -0.962928 -0.226489
vn -0.029381 -0.996436 -0.079068
vn -0.081864 -0.995246 -0.052755
vn -0.137550 -0.970243 -0.199272
vn 0.911076 -0.409122 -0.050591
vn 0.908207 -0.394290 0.140337
vn 0.196494 -0.975478 0.099164
vn 0.911076 -0.409122 -0.050591
vn 0.196494 -0.975478 0.099164
vn 0.281518 -0.959326 0.021016
vn -0.945147 0.003686 -0.326623
vn -0.939664 -0.034877 -0.340318
vn -0.573450 -0.091574 -0.814107
vn -0.615317 -0.096525 -0.782348
vn -0.107100 -0.445097 0.889055
vn -0.050350 -0.972434 0.227676
vn -0.026186 -0.982990 0.181784
vn -0.107100 -0.445097 0.889055
vn -0.026186 -0.982990 0.181784
vn -0.000385 -0.356518 0.934288
vn 0.162539 -0.970285 0.179242
vn 0.523896 -0.650324 0.550102
vn 0.657443 -0.495465 0.567700
vn 0.162539 -0.970285 0.179242
vn 0.657443 -0.495465 0.567700
vn 0.144221 -0.973721 0.176262
vn 0.435143 -0.648182 0.624909
vn 0.584092 -0.603895 0.542354
vn 0.567291 -0.553676 0.609609
vn 0.425972 -0.588179 0.687454
vn -0.023468 0.745851 0.665700
vn -0.034987 0.736978 0.675011
vn -0.020560 0.720950 0.692682
vn 0.017593 0.731630 0.681475
vn -0.789025 0.453109 -0.414887
vn -0.823303 0.395167 -0.407451
vn -0.811878 0.358287 -0.460961
vn -0.795100 0.389838 -0.464589
vn -0.083668 -0.905050 0.416994
vn -0.071660 -0.962816 -0.260480
vn -0.304845 -0.935670 -0.177738
vn -0.269956 -0.840280 0.470163
vn 0.760447 -0.084498 0.643880
vn 0.830852 0.033453 0.555487
vn 0.497526 0.493142 0.713638
vn 0.463389 0.438157 0.770252
vn 0.026430 0.736398 0.676033
vn 0.049983 0.730436 0.681150
vn 0.027651 0.729285 0.683651
vn 0.007424 0.727440 0.686131
vn 0.655773 -0.635638 0.407341
vn 0.653344 -0.611640 0.446136
vn 0.567291 -0.553676 0.609609
vn 0.655773 -0.635638 0.407341
vn 0.567291 -0.553676 0.609609
vn 0.584092 -0.603895 0.542354
vn 0.803240 -0.060030 -0.592622
vn 0.617586 -0.248611 -0.746177
vn 0.779844 -0.283896 -0.557894
vn 0.999139 0.035440 -0.021563
vn 0.891802 -0.271526 -0.361887
vn 0.745897 -0.663776 0.055137
vn 0.001700 -0.989988 0.141144
vn -0.000117 -0.998602 0.052860
vn 0.001065 -0.998719 0.050591
vn 0.014584 -0.989829 0.141511
vn 0.146186 -0.988189 -0.045968
vn 0.072732 -0.996650 -0.037397
vn -0.018285 -0.999599 -0.021606
vn 0.113884 -0.992549 -0.043330
vn 0.685659 0.712656 -0.148303
vn 0.901563 0.294129 -0.317290
vn 0.859208 0.511417 0.014655
vn 0.685659 0.712656 -0.148303
vn 0.859208 0.511417 0.014655
vn 0.411586 0.908855 0.067665
vn -0.204780 0.938427 0.278244
vn -0.183148 0.946118 0.267055
vn -0.218867 0.933065 0.285461
vn -0.204780 0.938427 0.278244
vn -0.218867 0.933065 0.285461
vn -0.239885 0.922556 0.302235
vn 0.809636 0.110741 -0.576391
vn 0.784012 0.113060 -0.610362
vn 0.767637 0.320442 -0.555022
vn 0.790455 0.299745 -0.534166
vn -0.300065 -0.136949 -0.944037
vn -0.848123 -0.055376 -0.526897
vn -0.886775 -0.024117 -0.461571
vn -0.415961 -0.046337 -0.908201
vn -0.208544 0.917491 0.338704
vn -0.122898 0.925590 0.358022
vn -0.060211 0.944243 0.323697
vn -0.208544 0.917491 0.338704
vn -0.060211 0.944243 0.323697
vn -0.176475 0.929946 0.322579
vn -0.244413 0.918476 0.310907
vn -0.215372 0.939791 0.265345
vn -0.271534 0.936715 0.220985
vn -0.242477 0.929297 0.278590
vn 0.130196 0.990230 -0.049929
vn 0.286618 0.790699 -0.540966
vn 0.035818 0.835354 -0.548544
vn -0.003787 0.999840 -0.017464
vn -0.430579 0.672325 0.602147
vn -0.290436 0.762878 0.577637
vn -0.028261 0.935919 0.351079
vn -0.430579 0.672325 0.602147
vn -0.028261 0.935919 0.351079
vn -0.122898 0.925590 0.358022
vn -0.743902 -0.668106 -0.015662
vn -0.711614 -0.702387 -0.016089
vn -0.673045 -0.694577 -0.254115
vn -0.695343 -0.674361 -0.248467
vn -0.430579 0.672325 0.602147
vn -0.587009 -0.490121 0.644362
vn -0.537383 -0.384882 0.750390
vn -0.430579 0.672325 0.602147
vn -0.537383 -0.384882 0.750390
vn -0.290436 0.762878 0.577637
vn 0.987815 0.117028 -0.102598
vn 0.871813 0.449742 0.194098
vn 0.876618 0.211899 0.432018
vn 0.975291 -0.177348 0.131736
vn -0.587009 -0.490121 0.644362
vn -0.161024 -0.965011 0.206942
vn -0.111900 -0.977370 0.179518
vn -0.587009 -0.490121 0.644362
vn -0.111900 -0.977370 0.179518
vn -0.537383 -0.384882 0.750390
vn 0.083955 -0.985195 0.149473
vn 0.097829 -0.987136 0.126462
vn 0.071597 -0.989338 0.126825
vn 0.076341 -0.987304 0.139296
vn -0.264530 0.926511 0.267583
vn -0.309803 0.914978 0.258531
vn -0.454071 0.877821 0.152477
vn -0.333488 0.930573 0.151062
vn 0.272152 0.925368 0.263868
vn 0.551801 0.819408 0.155197
vn 0.695027 0.717787 0.041470
vn 0.279900 0.938988 0.199893
vn 0.597421 -0.788510 -0.146085
vn 0.551688 -0.735118 -0.394007
vn 0.394959 -0.796951 -0.457030
vn 0.425520 -0.891142 -0.157476
vn -0.819806 0.398557 -0.411181
vn -0.592728 0.729149 -0.342074
vn -0.370161 0.925293 -0.082550
vn -0.653202 0.743089 -0.145418
vn -0.551359 0.607048 0.572272
vn -0.715246 0.250817 0.652314
vn -0.977674 0.119964 0.172518
vn -0.551359 0.607048 0.572272
vn -0.977674 0.119964 0.172518
vn -0.932432 0.299051 0.202828
vn 0.069461 -0.538394 0.839826
vn -0.152916 -0.541995 0.826352
vn -0.127097 -0.758200 0.639515
vn 0.046048 -0.764715 0.642721
vn 0.551889 -0.195953 -0.810568
vn 0.565241 -0.246526 -0.787228
vn 0.393143 -0.416371 -0.819801
vn 0.383171 -0.310401 -0.869960
vn -0.837857 -0.140252 -0.527566
vn -0.197435 -0.939509 -0.279896
vn -0.181829 -0.250392 -0.950917
vn -0.837857 -0.140252 -0.527566
vn -0.181829 -0.250392 -0.950917
vn -0.310306 0.072714 -0.947852
vn 0.027663 0.260688 0.965027
vn -0.135917 -0.017819 0.990560
vn -0.187038 -0.057959 0.980641
vn -0.107420 0.260957 0.959355
vn -0.052968 0.978624 0.198723
vn -0.143868 0.974463 0.172407
vn -0.143775 0.971318 0.189392
vn -0.028070 0.981035 0.191789
vn 0.923388 0.136449 -0.358798
vn 0.883477 -0.160747 -0.440033
vn 0.803199 -0.160592 -0.573656
vn 0.843114 0.017842 -0.537438
vn -0.206851 -0.168362 0.963777
vn 0.419362 -0.185248 0.888717
vn 0.386017 -0.415815 0.823461
vn -0.137001 -0.422717 0.895846
vn 0.902822 -0.382133 -0.197198
vn 0.958808 -0.250586 -0.133768
vn 0.947513 -0.161925 -0.275679
vn 0.902822 -0.382133 -0.197198
vn 0.947513 -0.161925 -0.275679
vn 0.863493 -0.300191 -0.405295
vn -0.217614 -0.241721 -0.945630
vn -0.159961 -0.184560 -0.969716
vn -0.033811 -0.209548 -0.977214
vn -0.061690 -0.267948 -0.961456
vn 0.389029 -0.233368 -0.891177
vn 0.410930 -0.587708 -0.696948
vn 0.457331 -0.431280 -0.777718
vn 0.488618 -0.381263 -0.784787
vn 0.281184 -0.038819 -0.958868
vn 0.445916 -0.118473 -0.887200
vn -0.300065 -0.136949 -0.944037
vn -0.415961 -0.046337 -0.908201
vn 0.571081 -0.494547 -0.655202
vn 0.536754 -0.348481 -0.768411
vn 0.369255 -0.455031 -0.810307
vn 0.571081 -0.494547 -0.655202
vn 0.369255 -0.455031 -0.810307
vn 0.355517 -0.517120 -0.778585
vn -0.659311 -0.357290 0.661553
vn -0.591254 -0.760989 0.267049
vn -0.757096 -0.646012 -0.097338
vn -0.989935 -0.114201 0.083582
vn -0.271534 0.936715 0.220985
vn -0.255178 0.960964 0.106926
vn -0.233706 0.949828 0.207866
vn -0.242477 0.929297 0.278590
vn -0.380440 -0.391548 0.837828
vn -0.545452 -0.656692 0.520804
vn -0.786920 -0.487732 0.377989
vn -0.485799 -0.431163 0.760328
vn 0.006269 0.977923 0.208873
vn 0.101361 0.959365 -0.263334
vn -0.372218 0.907878 -0.192901
vn -0.542891 0.820975 0.176831
vn 0.336922 -0.101134 -0.936085
vn 0.275909 0.231166 -0.932972
vn 0.448141 -0.301706 -0.841512
vn 0.350624 -0.459085 -0.816275
vn 0.258870 0.429640 -0.865099
vn 0.505497 0.456607 -0.732109
vn 0.499406 0.296959 -0.813885
vn 0.236533 0.269723 -0.933435
vn 0.546981 -0.417520 -0.725595
vn 0.547864 -0.330762 -0.768402
vn 0.432720 -0.374868 -0.819894
vn 0.546981 -0.417520 -0.725595
vn 0.459156 -0.457092 -0.761736
vn 0.301059 -0.338279 -0.891589
vn 0.546981 -0.417520 -0.725595
vn 0.301059 -0.338279 -0.891589
vn 0.488251 -0.283042 -0.825529
vn -0.980342 0.015921 0.196664
vn -0.940242 0.087883 -0.328970
vn -0.886775 -0.024117 -0.461571
vn -0.995644 0.022620 0.090448
vn 0.422761 0.850007 0.314264
vn 0.328324 0.737882 0.589689
vn 0.622465 0.103244 0.775808
vn 0.651981 0.399189 0.644646
vn 0.561517 0.814801 -0.144213
vn 0.463250 0.851405 0.245985
vn 0.123577 0.958142 0.258250
vn 0.182072 0.956920 -0.226170
vn -0.607709 -0.050197 0.792572
vn -0.433849 -0.060701 0.898938
vn -0.403614 -0.382726 0.831034
vn -0.567967 -0.337109 0.750847
vn 0.060056 -0.998041 0.017555
vn -0.008515 -0.914790 0.403839
vn 0.211097 -0.736104 0.643109
vn 0.060056 -0.998041 0.017555
vn 0.211097 -0.736104 0.643109
vn 0.322831 -0.919706 0.223430
vn 0.392785 0.414424 0.820959
vn 0.402665 0.407025 0.819873
vn 0.618210 0.421621 0.663365
vn 0.596794 0.405272 0.692525
vn 0.575722 -0.049105 0.816170
vn 0.548448 0.206344 0.810325
vn 0.707650 0.248294 0.661500
vn 0.690163 -0.132897 0.711346
vn 0.836773 -0.543136 0.069391
vn 0.969315 -0.237428 -0.063694
vn 0.920250 -0.083847 0.382243
vn 0.844829 -0.267076 0.463611
vn -0.293567 0.243380 0.924438
vn -0.447084 0.133332 0.884499
vn -0.701874 0.236455 0.671909
vn -0.402157 0.427887 0.809434
vn 0.404790 -0.194598 0.893463
vn 0.478932 -0.060580 0.875759
vn 0.559599 -0.109451 0.821504
vn -0.061293 -0.993483 -0.096101
vn -0.399173 -0.876404 -0.269400
vn -0.206677 -0.977626 -0.039143
vn -0.018285 -0.999599 -0.021606
vn -0.850249 0.473875 -0.229171
vn -0.726657 0.623836 -0.287746
vn -0.739794 0.671354 -0.044581
vn -0.870941 0.491388 -0.000329
vn 0.404790 -0.194598 0.893463
vn 0.284720 -0.021334 0.958373
vn 0.290524 -0.126396 0.948483
vn 0.404790 -0.194598 0.893463
vn 0.290524 -0.126396 0.948483
vn 0.178537 -0.423439 0.888158
vn 0.314965 -0.949057 -0.009398
vn 0.305029 -0.946057 0.109242
vn 0.809954 -0.540258 0.228247
vn 0.745897 -0.663776 0.055137
vn -0.929297 0.270006 -0.251998
vn -0.850249 0.473875 -0.229171
vn -0.870941 0.491388 -0.000329
vn -0.945781 0.324802 -0.001015
vn 0.614573 0.521653 0.591759
vn 0.518562 0.659268 0.544480
vn 0.549864 0.629717 0.548731
vn 0.600395 0.642481 0.476177
vn 0.091471 0.963323 0.252275
vn -0.073973 0.968209 0.238955
vn -0.101797 0.994798 -0.003891
vn 0.090666 0.994703 0.048440
vn 0.704856 -0.396003 -0.588524
vn 0.814016 -0.368274 -0.449169
vn 0.691143 -0.588281 -0.419818
vn 0.554063 -0.620596 -0.554865
vn 0.113884 -0.992549 -0.043330
vn -0.018285 -0.999599 -0.021606
vn -0.206677 -0.977626 -0.039143
vn -0.057113 -0.997373 0.044558
vn -0.117987 0.552724 0.824970
vn -0.035789 0.223628 0.974017
vn 0.040390 0.337425 0.940485
vn -0.117987 0.552724 0.824970
vn 0.040390 0.337425 0.940485
vn -0.103993 0.660428 0.743653
vn -0.117987 0.552724 0.824970
vn -0.103993 0.660428 0.743653
vn -0.140377 0.840453 0.523385
vn -0.117987 0.552724 0.824970
vn -0.140377 0.840453 0.523385
vn -0.136606 0.795714 0.590065
vn -0.140377 0.840453 0.523385
vn -0.242890 0.944445 0.221422
vn -0.179341 0.954455 0.238438
vn -0.140377 0.840453 0.523385
vn -0.179341 0.954455 0.238438
vn -0.136606 0.795714 0.590065
vn -0.341594 0.910434 -0.233287
vn -0.268360 0.888065 -0.373261
vn -0.101582 0.967889 -0.229939
vn -0.101797 0.994798 -0.003891
vn 0.251523 0.930921 0.264805
vn 0.114233 0.955242 0.272879
vn 0.007938 0.889598 0.456675
vn 0.149570 0.835687 0.528447
vn -0.223401 -0.951478 -0.211616
vn -0.314825 -0.938737 -0.140210
vn -0.774384 -0.495035 -0.394043
vn -0.573501 -0.668658 -0.473279
vn -0.403614 -0.382726 0.831034
vn -0.433849 -0.060701 0.898938
vn -0.290567 0.084588 0.953108
vn -0.297200 -0.209338 0.931584
vn 0.937171 0.346326 -0.042054
vn 0.920601 0.361504 0.147678
vn 0.968661 0.145556 0.201271
vn 0.992681 0.114307 -0.038977
vn 0.027844 -0.994703 0.098951
vn 0.025818 -0.993998 0.106309
vn -0.002166 -0.990353 0.138549
vn 0.000596 -0.988479 0.151357
vn -0.941587 -0.044185 -0.333858
vn -0.997242 -0.073345 -0.011325
vn -0.956315 -0.291976 -0.014563
vn -0.907089 -0.267347 -0.325139
vn -0.689976 -0.422802 0.587512
vn -0.760513 -0.182728 0.623081
vn -0.607709 -0.050197 0.792572
vn -0.567967 -0.337109 0.750847
vn 0.013073 0.987466 -0.157290
vn 0.032536 0.960100 0.277758
vn -0.016597 0.977351 0.210974
vn 0.013073 0.987466 -0.157290
vn -0.016597 0.977351 0.210974
vn 0.026944 0.974537 -0.222602
vn -0.475383 0.536220 -0.697481
vn -0.546841 0.336974 -0.766429
vn -0.806337 0.258828 -0.531816
vn -0.661910 0.556305 -0.502393
vn -0.000551 -0.992638 -0.121118
vn -0.174849 -0.924849 -0.337760
vn 0.031979 -0.877408 -0.478678
vn 0.221769 -0.930808 -0.290542
vn -0.516045 0.444704 0.732077
vn -0.520329 0.352892 0.777641
vn -0.163730 0.722512 0.671691
vn -0.115811 0.715299 0.689156
vn 0.561377 -0.099307 0.821580
vn 0.542689 -0.307815 0.781498
vn 0.586298 -0.149125 0.796252
vn 0.465875 -0.050423 0.883413
vn -0.129543 0.839709 0.527358
vn -0.268528 0.893682 0.359479
vn -0.120280 0.913757 0.388048
vn -0.061916 0.862445 0.502349
vn 0.032106 0.850045 0.525730
vn -0.029797 0.875807 0.481740
vn 0.019599 0.915736 0.401301
vn 0.107767 0.902871 0.416185
vn -0.851217 0.099955 -0.515206
vn -0.863597 -0.116297 -0.490586
vn -0.922394 -0.068531 -0.380122
vn -0.880414 0.118639 -0.459126
vn -0.835284 0.523005 -0.169605
vn -0.839549 0.474209 -0.265108
vn -0.713338 0.700811 0.003620
vn -0.698390 0.700748 0.145615
vn -0.803274 0.236091 0.546820
vn -0.677819 0.576998 0.455670
vn -0.269008 0.634521 0.724581
vn -0.301337 0.310167 0.901661
vn 0.793648 0.137239 -0.592696
vn 0.822428 0.400800 -0.403698
vn 0.783494 0.349872 -0.513543
vn 0.772875 0.124700 -0.622185
vn 0.991134 0.097023 0.090776
vn 0.999810 0.018327 -0.006643
vn 0.865098 0.038890 0.500092
vn 0.827009 0.194518 0.527464
vn -0.233897 -0.665220 0.709066
vn -0.094322 -0.654087 0.750515
vn -0.086229 -0.637185 0.765872
vn -0.225836 -0.643203 0.731633
vn -0.097810 -0.995202 -0.002385
vn -0.049113 -0.998684 0.014798
vn -0.077592 -0.995343 -0.057192
vn -0.147169 -0.985540 -0.083978
vn 0.360698 0.296303 0.884365
vn 0.406566 0.066222 0.911218
vn -0.266371 0.086411 0.959989
vn -0.301337 0.310167 0.901661
vn -0.340912 0.816830 -0.465369
vn -0.312029 0.950022 -0.009783
vn 0.022252 0.999043 -0.037668
vn -0.340912 0.816830 -0.465369
vn 0.022252 0.999043 -0.037668
vn -0.009398 0.883724 -0.467915
vn -0.312029 0.950022 -0.009783
vn -0.337821 0.936645 0.092585
vn -0.268528 0.893682 0.359479
vn -0.312029 0.950022 -0.009783
vn -0.268528 0.893682 0.359479
vn -0.208613 0.927021 0.311630
vn -0.098768 -0.968040 0.230530
vn 0.024704 -0.974440 0.223285
vn -0.118704 -0.930419 0.346742
vn -0.171946 -0.935310 0.309239
vn -0.461959 0.305186 0.832740
vn -0.498061 0.089383 0.862523
vn -0.274677 0.043234 0.960564
vn -0.258945 0.239574 0.935709
vn -0.337821 0.936645 0.092585
vn -0.163770 0.970506 0.176908
vn -0.120280 0.913757 0.388048
vn -0.337821 0.936645 0.092585
vn -0.120280 0.913757 0.388048
vn -0.268528 0.893682 0.359479
vn 0.803738 0.502284 -0.318930
vn 0.847126 0.500560 -0.178372
vn 0.920353 0.333696 -0.203953
vn 0.863914 0.346227 -0.365759
vn 0.533971 -0.739664 -0.409600
vn 0.792896 -0.557579 -0.245809
vn 0.740690 -0.604562 -0.293059
vn 0.506141 -0.757764 -0.411843
vn 0.664326 -0.170776 -0.727672
vn 0.604242 -0.394415 -0.692336
vn 0.425005 -0.389881 -0.816923
vn 0.442777 -0.169060 -0.880549
vn -0.142198 0.049500 0.988600
vn 0.025746 0.076026 0.996773
vn 0.015553 0.208409 0.977918
vn -0.064667 0.167320 0.983780
vn 0.074418 -0.995217 0.063288
vn 0.062804 -0.993461 0.095349
vn 0.065018 -0.991377 0.113774
vn 0.052639 -0.995188 0.082648
vn -0.292417 -0.585667 -0.755967
vn -0.477809 -0.591359 -0.649609
vn -0.443221 -0.661094 -0.605401
vn -0.269102 -0.656018 -0.705142
vn 0.014584 -0.989829 0.141511
vn -0.030335 -0.981346 0.189842
vn 0.105720 -0.927136 0.359501
vn 0.087893 -0.926505 0.365874
vn -0.241608 -0.941088 0.236597
vn -0.159080 -0.975069 0.154705
vn -0.098768 -0.968040 0.230530
vn -0.171946 -0.935310 0.309239
vn 0.497526 0.493142 0.713638
vn 0.830852 0.033453 0.555487
vn 0.876618 0.211899 0.432018
vn 0.497526 0.493142 0.713638
vn 0.876618 0.211899 0.432018
vn 0.532872 0.600143 0.596554
vn -0.710029 0.178128 0.681271
vn -0.815859 0.315934 0.484314
vn -0.923180 -0.381319 -0.048329
vn -0.869416 -0.462268 0.174424
vn 0.767637 0.320442 -0.555022
vn 0.685882 0.513258 -0.515880
vn 0.750438 0.430268 -0.501710
vn 0.790455 0.299745 -0.534166
vn -0.073630 -0.996722 -0.033533
vn -0.162012 -0.981980 -0.097299
vn -0.023505 -0.988309 -0.150641
vn 0.052675 -0.995369 -0.080408
vn 0.876618 0.211899 0.432018
vn 0.830852 0.033453 0.555487
vn 0.894487 -0.383045 0.230586
vn 0.876618 0.211899 0.432018
vn 0.894487 -0.383045 0.230586
vn 0.975291 -0.177348 0.131736
vn -0.508597 -0.493583 0.705482
vn -0.094712 -0.546687 0.831963
vn -0.129422 -0.818815 0.559278
vn -0.342887 -0.842789 0.414892
vn 0.975291 -0.177348 0.131736
vn 0.894487 -0.383045 0.230586
vn 0.772980 -0.625862 -0.103919
vn 0.975291 -0.177348 0.131736
vn 0.772980 -0.625862 -0.103919
vn 0.878047 -0.425169 -0.219694
vn 0.130302 -0.991435 -0.008807
vn 0.270826 -0.957646 -0.097816
vn 0.663153 -0.716078 -0.217855
vn 0.101911 -0.985154 -0.138154
vn 0.878047 -0.425169 -0.219694
vn 0.772980 -0.625862 -0.103919
vn 0.566151 -0.708600 -0.421141
vn 0.878047 -0.425169 -0.219694
vn 0.566151 -0.708600 -0.421141
vn 0.634999 -0.516957 -0.574048
vn 0.914363 -0.218045 -0.341169
vn 0.903255 -0.011700 -0.428944
vn 0.904020 -0.022225 -0.426912
vn 0.947513 -0.161925 -0.275679
vn 0.302873 0.758322 0.577249
vn 0.028143 0.782628 0.621853
vn 0.060438 0.707281 0.704345
vn 0.382506 0.643257 0.663256
vn -0.398941 -0.902070 0.164671
vn -0.107676 -0.959900 0.258841
vn -0.166796 -0.620953 0.765896
vn -0.511430 -0.530888 0.675719
vn -0.777848 -0.165542 0.606257
vn -0.520329 0.352892 0.777641
vn -0.516045 0.444704 0.732077
vn -0.837552 -0.002824 0.546350
vn 0.760447 -0.084498 0.643880
vn 0.463389 0.438157 0.770252
vn 0.439773 0.395198 0.806485
vn 0.760447 -0.084498 0.643880
vn 0.439773 0.395198 0.806485
vn 0.690163 -0.132897 0.711346
vn 0.099187 0.970547 0.219546
vn 0.169769 0.809542 0.561979
vn 0.325692 0.816930 0.475973
vn 0.125725 0.971227 0.202268
vn 0.914944 -0.403558 0.004238
vn 0.885474 -0.365983 0.286344
vn 0.782180 -0.560460 0.272176
vn 0.798408 -0.602085 0.006219
vn -0.133323 -0.970898 -0.198952
vn -0.152681 -0.960112 -0.234252
vn -0.146533 -0.962928 -0.226489
vn -0.136761 -0.970200 -0.200019
vn 0.431677 0.334970 0.837526
vn 0.186581 0.782002 0.594693
vn 0.230889 0.687624 0.688377
vn 0.431677 0.334970 0.837526
vn 0.230889 0.687624 0.688377
vn 0.450730 0.185657 0.873140
vn -0.958769 -0.284147 0.004666
vn -0.948114 -0.296882 0.113761
vn -0.779250 -0.613281 0.129059
vn -0.853224 -0.520399 -0.034544
vn 0.496681 -0.000519 0.867933
vn 0.450730 0.185657 0.873140
vn 0.393421 0.106742 0.913141
vn 0.496681 -0.000519 0.867933
vn 0.393421 0.106742 0.913141
vn 0.461386 -0.042978 0.886158
vn -0.019575 -0.995724 0.090283
vn 0.021027 -0.994774 0.099909
vn -0.007965 -0.997421 0.071324
vn -0.036276 -0.995956 0.082195
vn -0.335591 -0.665060 0.667138
vn -0.334735 -0.630458 0.700340
vn -0.445843 -0.625200 0.640584
vn -0.472508 -0.621135 0.625242
vn 0.394726 0.000819 0.918798
vn 0.475320 -0.232809 0.848452
vn 0.424866 -0.418747 0.802583
vn 0.394726 0.000819 0.918798
vn 0.424866 -0.418747 0.802583
vn 0.325264 -0.389264 0.861787
vn 0.481825 0.235946 0.843904
vn 0.446607 0.297945 0.843665
vn 0.372004 0.124189 0.919886
vn 0.488256 0.092030 0.867834
vn 0.394726 0.000819 0.918798
vn 0.534223 -0.009686 0.845288
vn 0.548448 0.206344 0.810325
vn 0.325264 -0.389264 0.861787
vn 0.424866 -0.418747 0.802583
vn 0.451932 -0.059253 0.890082
vn 0.325264 -0.389264 0.861787
vn 0.451932 -0.059253 0.890082
vn 0.296315 -0.280846 0.912865
vn 0.325264 -0.389264 0.861787
vn 0.296315 -0.280846 0.912865
vn 0.484691 -0.419224 0.767676
vn 0.484691 -0.419224 0.767676
vn 0.504483 -0.225405 0.833480
vn 0.208230 0.473508 0.855822
vn 0.484691 -0.419224 0.767676
vn 0.208230 0.473508 0.855822
vn 0.534223 -0.009686 0.845288
vn 0.484691 -0.419224 0.767676
vn 0.296315 -0.280846 0.912865
vn 0.431884 -0.060521 0.899896
vn 0.484691 -0.419224 0.767676
vn 0.431884 -0.060521 0.899896
vn 0.579074 -0.389110 0.716426
vn 0.429295 0.204321 -0.879749
vn 0.637119 0.083387 -0.766241
vn 0.601663 0.377709 -0.703802
vn 0.357993 0.634668 -0.684863
vn 0.633866 -0.614033 0.470295
vn 0.703207 -0.433648 0.563426
vn 0.622465 0.103244 0.775808
vn 0.633866 -0.614033 0.470295
vn 0.622465 0.103244 0.775808
vn 0.504483 -0.225405 0.833480
vn 0.633866 -0.614033 0.470295
vn 0.579074 -0.389110 0.716426
vn 0.747011 -0.400253 0.530822
vn 0.633866 -0.614033 0.470295
vn 0.747011 -0.400253 0.530822
vn 0.750117 -0.651954 0.110818
vn 0.633866 -0.614033 0.470295
vn 0.750117 -0.651954 0.110818
vn 0.706575 -0.693987 0.138320
vn 0.633866 -0.614033 0.470295
vn 0.706575 -0.693987 0.138320
vn 0.703207 -0.433648 0.563426
vn 0.098120 0.902650 0.419040
vn -0.075191 0.906245 0.416013
vn -0.073973 0.968209 0.238955
vn 0.091471 0.963323 0.252275
vn 0.706575 -0.693987 0.138320
vn 0.750117 -0.651954 0.110818
vn 0.788303 -0.602751 -0.123572
vn 0.706575 -0.693987 0.138320
vn 0.788303 -0.602751 -0.123572
vn 0.614161 -0.761388 -0.207594
vn 0.030604 -0.992535 0.118055
vn -0.016451 -0.994713 0.101372
vn 0.007105 -0.994654 0.103017
vn 0.048964 -0.991277 0.122362
vn -0.037176 -0.810262 0.584888
vn -0.190455 0.309054 0.931779
vn -0.256675 0.128003 0.957984
vn -0.043134 -0.878667 0.475482
vn 0.477163 0.505511 0.718871
vn 0.314078 0.256026 0.914224
vn 0.056772 0.200545 0.978038
vn 0.085650 0.533159 0.841668
vn 0.788303 -0.602751 -0.123572
vn 0.672772 -0.489323 -0.554924
vn 0.484646 -0.680766 -0.549250
vn 0.788303 -0.602751 -0.123572
vn 0.484646 -0.680766 -0.549250
vn 0.614161 -0.761388 -0.207594
vn 0.628849 -0.654611 -0.419563
vn 0.571629 -0.700800 -0.426755
vn 0.835420 -0.077353 -0.544142
vn 0.838006 0.125015 -0.531147
vn 0.358790 -0.907386 -0.218909
vn 0.698549 -0.601934 -0.386918
vn 0.701851 -0.587954 -0.402139
vn 0.348102 -0.914364 -0.206793
vn -0.453688 -0.779426 -0.432044
vn -0.655588 -0.682092 -0.323968
vn -0.655634 -0.681418 -0.325291
vn -0.449765 -0.779213 -0.436507
vn -0.225161 -0.804710 -0.549313
vn -0.289421 -0.777307 -0.558596
vn -0.329632 -0.825331 -0.458445
vn -0.226269 -0.865950 -0.446018
vn -0.556627 0.743921 -0.369795
vn -0.709871 0.560828 -0.426093
vn -0.699299 0.498867 -0.511970
vn -0.591198 0.644475 -0.484909
vn -0.082795 0.015974 -0.996439
vn 0.238472 0.207103 -0.948810
vn 0.127339 0.526278 -0.840724
vn -0.280256 0.377920 -0.882402
vn 0.435143 -0.648182 0.624909
vn 0.462071 -0.612755 0.641110
vn 0.619256 -0.557252 0.553166
vn 0.584092 -0.603895 0.542354
vn 0.622465 0.103244 0.775808
vn 0.328324 0.737882 0.589689
vn 0.208230 0.473508 0.855822
vn 0.622465 0.103244 0.775808
vn 0.208230 0.473508 0.855822
vn 0.504483 -0.225405 0.833480
vn 0.622465 0.103244 0.775808
vn 0.703207 -0.433648 0.563426
vn 0.844829 -0.267076 0.463611
vn 0.622465 0.103244 0.775808
vn 0.844829 -0.267076 0.463611
vn 0.651981 0.399189 0.644646
vn -0.679999 -0.553474 0.480903
vn -0.774654 -0.548616 0.314533
vn -0.542756 -0.807308 0.231666
vn -0.467598 -0.797117 0.382043
vn -0.449854 -0.207302 0.868710
vn -0.368206 -0.218340 0.903743
vn -0.379307 -0.090384 0.920846
vn -0.470954 -0.050073 0.880736
vn 0.906514 0.226303 0.356398
vn 0.916231 0.041788 0.398466
vn 0.781940 0.109385 0.613681
vn 0.776520 0.287984 0.560431
vn -0.205892 0.924192 0.321680
vn -0.186317 0.933801 0.305452
vn -0.214341 0.475170 0.853388
vn -0.315157 0.500305 0.806456
vn -0.159961 -0.184560 -0.969716
vn -0.217614 -0.241721 -0.945630
vn -0.359945 -0.191817 -0.913042
vn -0.291274 -0.145486 -0.945512
vn 0.100628 0.823711 0.558009
vn 0.074230 0.843104 0.532603
vn -0.036927 0.830058 0.556453
vn -0.052528 0.820972 0.568546
vn -0.469468 -0.369349 -0.801986
vn -0.555038 -0.360588 -0.749606
vn -0.548120 -0.447361 -0.706706
vn -0.538906 -0.377878 -0.752853
vn -0.583803 -0.073856 -0.808529
vn -0.246975 0.238469 -0.939221
vn -0.001127 0.239773 -0.970828
vn -0.289399 -0.124297 -0.949104
vn 0.862835 0.362999 0.351779
vn 0.885454 0.172438 0.431551
vn 0.968661 0.145556 0.201271
vn 0.920601 0.361504 0.147678
vn 0.241828 -0.398887 0.884538
vn 0.561694 -0.392541 0.728294
vn 0.325692 0.816930 0.475973
vn 0.169769 0.809542 0.561979
vn 0.118940 0.873808 0.471500
vn 0.082389 0.926110 0.368146
vn 0.005114 0.900801 0.434202
vn 0.118940 0.873808 0.471500
vn 0.005114 0.900801 0.434202
vn 0.051199 0.778612 0.625413
vn 0.751673 -0.611131 -0.248006
vn 0.798408 -0.602085 0.006219
vn 0.723956 -0.689818 0.006277
vn 0.683695 -0.696515 -0.217778
vn -0.191290 0.930895 0.311195
vn -0.190455 0.309054 0.931779
vn -0.214341 0.475170 0.853388
vn -0.186317 0.933801 0.305452
vn -0.015783 -0.989845 0.141275
vn 0.055366 -0.988173 0.143000
vn -0.028499 -0.984993 0.170224
vn -0.111900 -0.977370 0.179518
vn -0.377203 -0.782577 0.495268
vn -0.558679 -0.562415 0.609563
vn -0.679999 -0.553474 0.480903
vn -0.467598 -0.797117 0.382043
vn 0.051386 0.922948 0.381479
vn -0.020143 0.923344 0.383445
vn -0.016597 0.977351 0.210974
vn 0.051386 0.922948 0.381479
vn -0.016597 0.977351 0.210974
vn 0.032536 0.960100 0.277758
vn 0.076175 0.888298 0.452907
vn 0.186581 0.782002 0.594693
vn 0.143524 0.763690 0.629427
vn 0.076175 0.888298 0.452907
vn 0.143524 0.763690 0.629427
vn 0.015158 0.875410 0.483144
vn 0.025444 -0.986563 0.161390
vn 0.365700 -0.895003 0.255409
vn -0.005179 -0.998811 0.048477
vn -0.017153 -0.989557 0.143118
vn 0.768068 -0.605922 0.207197
vn 0.797364 -0.434385 0.418951
vn 0.874804 -0.238641 0.421625
vn 0.845080 -0.493362 0.205996
vn -0.179341 0.954455 0.238438
vn 0.123577 0.958142 0.258250
vn 0.102242 0.794345 0.598801
vn -0.179341 0.954455 0.238438
vn 0.102242 0.794345 0.598801
vn -0.136606 0.795714 0.590065
vn -0.078909 -0.579472 -0.811163
vn -0.101970 -0.332991 -0.937400
vn -0.346328 -0.374371 -0.860176
vn -0.292417 -0.585667 -0.755967
vn 0.296126 -0.954919 0.020972
vn 0.511886 -0.856783 0.062416
vn 0.478448 -0.849840 0.221042
vn 0.256139 -0.959111 0.120410
vn 0.123577 0.958142 0.258250
vn 0.463250 0.851405 0.245985
vn 0.508669 0.688301 0.517201
vn 0.123577 0.958142 0.258250
vn 0.508669 0.688301 0.517201
vn 0.102242 0.794345 0.598801
vn 0.508669 0.688301 0.517201
vn 0.463250 0.851405 0.245985
vn 0.692721 0.683582 0.229898
vn 0.508669 0.688301 0.517201
vn 0.692721 0.683582 0.229898
vn 0.765531 0.521515 0.376808
vn -0.241608 -0.941088 0.236597
vn -0.310377 -0.939649 0.143966
vn -0.193601 -0.977637 0.082130
vn -0.159080 -0.975069 0.154705
vn -0.361550 0.246527 0.899170
vn -0.575050 0.147015 0.804801
vn -0.226626 -0.854144 0.468059
vn -0.116909 -0.780363 0.614301
vn 0.114728 0.748316 0.653346
vn -0.129543 0.839709 0.527358
vn -0.061916 0.862445 0.502349
vn 0.112556 0.751760 0.649760
vn 0.776440 0.425473 0.464879
vn 0.776141 0.296160 0.556682
vn 0.600614 0.334493 0.726207
vn -0.798390 0.394265 0.455114
vn -0.642028 0.412782 0.646073
vn -0.615257 0.413483 0.671186
vn -0.787080 0.392933 0.475509
vn 0.765531 0.521515 0.376808
vn 0.692721 0.683582 0.229898
vn 0.828033 0.519698 0.210417
vn 0.765531 0.521515 0.376808
vn 0.828033 0.519698 0.210417
vn 0.872330 0.398142 0.283765
vn 0.692721 0.683582 0.229898
vn 0.772123 0.631704 -0.069115
vn 0.913657 0.396999 -0.087305
vn 0.692721 0.683582 0.229898
vn 0.913657 0.396999 -0.087305
vn 0.828033 0.519698 0.210417
vn 0.692721 0.683582 0.229898
vn 0.463250 0.851405 0.245985
vn 0.561517 0.814801 -0.144213
vn 0.692721 0.683582 0.229898
vn 0.561517 0.814801 -0.144213
vn 0.772123 0.631704 -0.069115
vn 0.296126 -0.954919 0.020972
vn 0.256139 -0.959111 0.120410
vn 0.305029 -0.946057 0.109242
vn 0.314965 -0.949057 -0.009398
vn 0.411653 -0.215466 0.885503
vn 0.487386 -0.345174 0.802066
vn 0.347729 -0.228032 0.909443
vn 0.754864 -0.268347 -0.598474
vn 0.731241 -0.607668 -0.309880
vn 0.553347 -0.607146 -0.570246
vn 0.448141 -0.301706 -0.841512
vn 0.201420 -0.829414 -0.521059
vn 0.410930 -0.587708 -0.696948
vn 0.389029 -0.233368 -0.891177
vn 0.201420 -0.829414 -0.521059
vn 0.389029 -0.233368 -0.891177
vn 0.271122 -0.492095 -0.827246
vn -0.536137 -0.673187 -0.509290
vn -0.628956 -0.300255 -0.717120
vn -0.556898 0.017185 -0.830403
vn -0.680651 -0.645713 -0.346076
vn -0.614537 -0.386391 0.687783
vn -0.434401 0.668550 0.603602
vn -0.385023 0.554958 0.737414
vn -0.342323 -0.588800 0.732209
vn -0.025081 0.456691 -0.889272
vn -0.213620 0.133028 -0.967817
vn -0.185126 -0.102563 -0.977348
vn -0.094404 0.339748 -0.935767
vn 0.466600 -0.562644 -0.682434
vn 0.554063 -0.620596 -0.554865
vn 0.354236 -0.792629 -0.496243
vn 0.466600 -0.562644 -0.682434
vn 0.354236 -0.792629 -0.496243
vn 0.268032 -0.717982 -0.642386
vn 0.072035 -0.343577 -0.936358
vn -0.102432 -0.340993 -0.934469
vn -0.061690 -0.267948 -0.961456
vn 0.072035 -0.343577 -0.936358
vn -0.061690 -0.267948 -0.961456
vn 0.110096 -0.264311 -0.958133
vn -0.102432 -0.340993 -0.934469
vn -0.257066 -0.306677 -0.916442
vn -0.217614 -0.241721 -0.945630
vn -0.102432 -0.340993 -0.934469
vn -0.217614 -0.241721 -0.945630
vn -0.061690 -0.267948 -0.961456
vn -0.709871 0.560828 -0.426093
vn -0.556627 0.743921 -0.369795
vn -0.538975 0.841276 -0.041958
vn -0.709871 0.560828 -0.426093
vn -0.538975 0.841276 -0.041958
vn -0.718700 0.669979 -0.186005
vn 0.090964 0.652465 -0.752340
vn 0.164446 0.088708 -0.982389
vn 0.042913 0.318008 -0.947116
vn -0.023763 0.689648 -0.723755
vn 0.090666 0.994703 0.048440
vn 0.097138 0.985955 -0.135853
vn 0.255311 0.942052 -0.217611
vn 0.090666 0.994703 0.048440
vn 0.255311 0.942052 -0.217611
vn 0.281482 0.957916 -0.056252
vn 0.309976 0.864368 0.395959
vn 0.222472 0.667748 0.710365
vn 0.705274 -0.123829 0.698037
vn 0.780532 -0.210542 0.588593
vn 0.117660 0.927164 -0.355700
vn 0.147426 0.737880 -0.658634
vn 0.357993 0.634668 -0.684863
vn 0.117660 0.927164 -0.355700
vn 0.357993 0.634668 -0.684863
vn 0.314973 0.831506 -0.457591
vn 0.653344 -0.611640 0.446136
vn 0.717466 -0.500997 0.483989
vn 0.639790 -0.417643 0.645169
vn 0.653344 -0.611640 0.446136
vn 0.639790 -0.417643 0.645169
vn 0.567291 -0.553676 0.609609
vn -0.863068 -0.423831 0.274739
vn -0.870599 -0.491379 -0.024564
vn -0.762028 -0.647151 -0.022566
vn -0.754801 -0.605651 0.251919
vn 0.029871 0.654482 -0.755488
vn 0.101361 0.959365 -0.263334
vn 0.321772 0.898105 -0.299784
vn 0.243317 0.625675 -0.741166
vn 0.731241 -0.607668 -0.309880
vn 0.836773 -0.543136 0.069391
vn 0.706575 -0.693987 0.138320
vn 0.614161 -0.761388 -0.207594
vn 0.740200 -0.106323 -0.663927
vn 0.696646 -0.063668 -0.714584
vn 0.772875 0.124700 -0.622185
vn 0.784012 0.113060 -0.610362
vn 0.254874 0.614090 0.746949
vn 0.146331 0.563341 0.813163
vn 0.130112 0.541647 0.830475
vn -0.268461 0.602312 0.751764
vn -0.280511 0.662669 0.694394
vn -0.350216 -0.250265 0.902616
vn -0.268461 0.602312 0.751764
vn -0.350216 -0.250265 0.902616
vn -0.395939 0.675571 0.621961
vn 0.506216 0.861333 -0.043022
vn 0.402316 0.843312 -0.356323
vn 0.220277 0.972073 -0.080945
vn 0.321013 0.922050 0.216274
vn -0.217736 0.939500 -0.264444
vn -0.042675 0.731529 -0.680474
vn 0.417728 0.727621 -0.544123
vn 0.182072 0.956920 -0.226170
vn 0.654937 0.650758 0.384150
vn 0.600395 0.642481 0.476177
vn 0.693846 0.522682 0.495360
vn 0.790940 0.493456 0.361822
vn 0.262502 0.890679 0.371191
vn 0.272152 0.925368 0.263868
vn 0.217471 0.928278 0.301673
vn 0.262502 0.890679 0.371191
vn 0.217471 0.928278 0.301673
vn 0.243937 0.875146 0.417868
vn 0.164446 0.088708 -0.982389
vn 0.090964 0.652465 -0.752340
vn -0.144414 0.556246 -0.818374
vn 0.002907 0.004653 -0.999985
vn 0.347729 -0.228032 0.909443
vn 0.371727 -0.160247 0.914407
vn 0.230448 0.036631 0.972395
vn 0.136054 -0.034891 0.990087
vn -0.815859 0.315934 0.484314
vn -0.710029 0.178128 0.681271
vn -0.198377 0.654638 0.729449
vn -0.226941 0.706871 0.669949
vn 0.312520 -0.851256 0.421539
vn 0.589678 0.072138 0.804410
vn 0.702081 0.053913 0.710053
vn 0.350604 -0.876573 0.329692
vn -0.637446 -0.762085 0.113532
vn -0.876094 -0.460391 -0.143175
vn -0.604990 -0.427255 -0.671893
vn -0.465038 -0.844666 -0.265103
vn 0.369255 -0.455031 -0.810307
vn 0.459156 -0.457092 -0.761736
vn 0.457331 -0.431280 -0.777718
vn 0.355517 -0.517120 -0.778585
vn 0.932463 -0.331121 0.144467
vn 0.974728 -0.222820 0.016036
vn 0.834687 -0.534293 -0.133522
vn 0.743014 -0.570144 0.350522
vn 0.464754 0.601786 0.649505
vn 0.503980 0.370223 0.780345
vn 0.171414 0.344489 0.923009
vn 0.073841 0.646613 0.759235
vn -0.195188 0.960143 -0.200067
vn -0.346331 0.918206 -0.192232
vn -0.117887 0.966547 0.227792
vn -0.002067 0.971713 0.236155
vn -0.937354 -0.189883 0.292082
vn -0.833070 -0.146233 0.533489
vn -0.866865 0.096966 0.489022
vn -0.967432 0.064374 0.244809
vn -0.673773 -0.410567 -0.614381
vn -0.611393 0.003437 -0.791320
vn -0.176928 0.339644 -0.923763
vn -0.378095 -0.222959 -0.898517
vn 0.651981 0.399189 0.644646
vn 0.630234 0.687412 0.360929
vn 0.219586 0.954919 -0.199777
vn 0.651981 0.399189 0.644646
vn 0.219586 0.954919 -0.199777
vn 0.422761 0.850007 0.314264
vn -0.798390 0.394265 0.455114
vn -0.787080 0.392933 0.475509
vn -0.870704 0.384846 0.306217
vn -0.863713 0.366876 0.345545
vn 0.960615 0.274869 -0.040804
vn 0.913770 0.349205 0.207556
vn 0.828033 0.519698 0.210417
vn 0.960615 0.274869 -0.040804
vn 0.828033 0.519698 0.210417
vn 0.913657 0.396999 -0.087305
vn -0.396206 -0.453886 -0.798128
vn -0.548120 -0.447361 -0.706706
vn -0.490326 -0.280386 -0.825206
vn -0.205555 -0.321456 -0.924345
vn -0.591198 0.644475 -0.484909
vn -0.738264 0.452573 -0.500144
vn -0.810989 0.375118 -0.448980
vn -0.591198 0.644475 -0.484909
vn -0.810989 0.375118 -0.448980
vn -0.607326 0.609580 -0.509478
vn -0.550123 0.596219 -0.584712
vn -0.607326 0.609580 -0.509478
vn -0.810989 0.375118 -0.448980
vn -0.550123 0.596219 -0.584712
vn -0.810989 0.375118 -0.448980
vn -0.800942 0.145746 -0.580732
vn 0.739263 -0.631574 -0.233679
vn 0.691143 -0.588281 -0.419818
vn 0.888587 -0.359409 -0.285025
vn 0.900750 -0.414404 -0.130074
vn 0.051199 0.778612 0.625413
vn 0.005114 0.900801 0.434202
vn -0.140377 0.840453 0.523385
vn -0.103993 0.660428 0.743653
vn -0.798390 0.394265 0.455114
vn -0.827538 0.313664 0.465614
vn -0.684086 0.341471 0.644533
vn -0.642028 0.412782 0.646073
vn 0.499406 0.296959 -0.813885
vn 0.505497 0.456607 -0.732109
vn 0.716458 0.482878 -0.503505
vn 0.732232 0.336552 -0.592088
vn -0.225161 -0.804710 -0.549313
vn -0.147245 -0.778883 -0.609640
vn -0.200187 -0.775798 -0.598383
vn -0.289421 -0.777307 -0.558596
vn 0.314973 0.831506 -0.457591
vn 0.255311 0.942052 -0.217611
vn 0.097138 0.985955 -0.135853
vn 0.117660 0.927164 -0.355700
vn -0.556898 0.017185 -0.830403
vn -0.455324 0.470862 -0.755625
vn -0.834262 -0.504118 -0.223319
vn -0.556898 0.017185 -0.830403
vn -0.834262 -0.504118 -0.223319
vn -0.680651 -0.645713 -0.346076
vn 0.031592 -0.993921 -0.105468
vn 0.023492 -0.995003 -0.097045
vn 0.014663 -0.998498 -0.052784
vn 0.057502 -0.998130 -0.020747
vn -0.680651 -0.645713 -0.346076
vn -0.834262 -0.504118 -0.223319
vn -0.719801 -0.693857 -0.021223
vn -0.680651 -0.645713 -0.346076
vn -0.719801 -0.693857 -0.021223
vn -0.603461 -0.768024 -0.214416
vn 0.224073 -0.617234 0.754197
vn 0.232895 -0.655426 0.718454
vn 0.325445 -0.659314 0.677784
vn 0.317412 -0.610996 0.725213
vn -0.260905 0.414726 0.871740
vn -0.267033 0.361290 0.893400
vn -0.051398 0.315342 0.947585
vn -0.113492 0.333773 0.935796
vn -0.604990 -0.427255 -0.671893
vn -0.876094 -0.460391 -0.143175
vn -0.800665 -0.437456 -0.409350
vn -0.604990 -0.427255 -0.671893
vn -0.800665 -0.437456 -0.409350
vn -0.467960 -0.231618 -0.852858
vn -0.543642 0.633103 0.551030
vn -0.395939 0.675571 0.621961
vn -0.350216 -0.250265 0.902616
vn -0.495647 0.702564 0.510624
vn -0.876175 -0.040604 -0.480279
vn -0.805641 0.466105 -0.365635
vn -0.864693 0.331454 -0.377417
vn -0.868451 -0.150484 -0.472385
vn 0.580221 0.617065 -0.531578
vn 0.719513 0.422255 -0.551364
vn 0.581740 0.220787 -0.782835
vn 0.460517 0.426675 -0.778378
vn 0.821484 0.570201 -0.005951
vn 0.910262 0.413994 0.005671
vn 0.767455 0.557407 0.316719
vn 0.821484 0.570201 -0.005951
vn 0.767455 0.557407 0.316719
vn 0.640602 0.760750 0.104351
vn -0.011676 0.049515 0.998705
vn 0.140331 0.250478 0.957897
vn -0.227064 0.492775 0.840008
vn -0.227538 0.074941 0.970881
vn -0.537010 -0.364353 0.760833
vn -0.857775 -0.088182 0.506405
vn -0.809043 0.148700 0.568627
vn -0.537010 -0.364353 0.760833
vn -0.809043 0.148700 0.568627
vn -0.473110 -0.037787 0.880193
vn 0.327037 -0.788808 0.520412
vn 0.499904 -0.575799 0.646956
vn 0.385184 -0.556851 0.735901
vn 0.268516 -0.760108 0.591722
vn -0.260856 0.937470 0.230442
vn -0.567133 0.087718 0.818942
vn -0.256675 0.128003 0.957984
vn -0.206657 0.933299 0.293675
vn -0.605492 -0.643470 0.468323
vn -0.790101 0.450379 0.415812
vn -0.573630 0.642611 0.507937
vn -0.605492 -0.643470 0.468323
vn -0.573630 0.642611 0.507937
vn -0.507427 -0.486659 0.711112
vn 0.146186 -0.988189 -0.045968
vn 0.113884 -0.992549 -0.043330
vn -0.507427 -0.486659 0.711112
vn 0.146186 -0.988189 -0.045968
vn -0.507427 -0.486659 0.711112
vn 0.156303 -0.985007 -0.073016
vn -0.350216 -0.250265 0.902616
vn -0.154096 -0.791661 0.591208
vn 0.043862 -0.979219 0.198004
vn -0.350216 -0.250265 0.902616
vn 0.043862 -0.979219 0.198004
vn 0.147662 -0.965286 0.215451
vn -0.702730 0.671186 0.235965
vn -0.572286 0.819629 0.026411
vn -0.554722 0.712618 0.429487
vn -0.702730 0.671186 0.235965
vn -0.554722 0.712618 0.429487
vn -0.919218 0.360137 0.159184
vn -0.681099 0.317421 0.659809
vn -0.845146 0.514330 0.145576
vn -0.743779 -0.663172 0.083632
vn -0.681099 0.317421 0.659809
vn -0.743779 -0.663172 0.083632
vn -0.347700 -0.854464 0.386001
vn 0.705274 -0.123829 0.698037
vn 0.222472 0.667748 0.710365
vn 0.043871 -0.397776 0.916433
vn 0.705274 -0.123829 0.698037
vn 0.043871 -0.397776 0.916433
vn 0.159396 -0.955844 0.246891
vn 0.405540 -0.232130 0.884111
vn 0.307242 0.636298 0.707621
vn 0.290998 -0.403748 0.867357
vn 0.405540 -0.232130 0.884111
vn 0.290998 -0.403748 0.867357
vn 0.092495 -0.943682 0.317663
vn -0.256675 0.128003 0.957984
vn -0.567133 0.087718 0.818942
vn -0.217524 -0.894089 0.391519
vn -0.256675 0.128003 0.957984
vn -0.217524 -0.894089 0.391519
vn -0.043134 -0.878667 0.475482
vn 0.201420 -0.829414 -0.521059
vn 0.158464 -0.928822 -0.334932
vn 0.277287 -0.728376 -0.626562
vn 0.410930 -0.587708 -0.696948
vn 0.759942 0.417298 -0.498348
vn 0.853950 0.342639 -0.391622
vn 0.926972 0.284814 -0.244140
vn 0.759942 0.417298 -0.498348
vn 0.926972 0.284814 -0.244140
vn 0.851723 0.421381 -0.311459
vn 0.873304 0.476563 -0.101137
vn 0.926972 0.284814 -0.244140
vn 0.853950 0.342639 -0.391622
vn 0.873304 0.476563 -0.101137
vn 0.853950 0.342639 -0.391622
vn 0.910262 0.413994 0.005671
vn 0.821484 0.570201 -0.005951
vn 0.868393 0.462184 -0.179668
vn 0.873304 0.476563 -0.101137
vn 0.821484 0.570201 -0.005951
vn 0.873304 0.476563 -0.101137
vn 0.910262 0.413994 0.005671
vn -0.511430 -0.530888 0.675719
vn -0.636189 -0.519445 0.570474
vn -0.495569 -0.866351 0.062024
vn -0.398941 -0.902070 0.164671
s off
g input
usemtl inputSG
f 1/1834/1 2/1878/2 3/1869/3
f 1/1834/4 3/1869/5 4/1832/6
f 1/1834/7 5/1857/8 6/1877/9
f 1/1834/10 6/1877/11 2/1878/12
f 1/1834/13 4/1832/14 7/1781/15
f 1/1834/16 7/1781/17 8/1773/18
f 1/1834/19 8/1773/20 9/1723/21
f 1544/4344/22 1543/4258/23 1549/4254/24 1550/4339/25
f 11/4416/26 8/4298/27 7/4293/28
f 11/4416/29 7/4293/30 12/4379/31
f 1108/3496/32 1107/3583/33 1117/3524/34 1111/3427/35
f 14/2444/36 15/2474/37 16/2469/38
f 14/2444/39 16/2469/40 17/2472/41
f 14/2444/42 18/2482/43 19/2484/44
f 14/2444/45 19/2484/46 15/2474/47
f 14/2444/48 20/2408/49 21/2471/50
f 14/2444/51 21/2471/52 18/2482/53
f 22/197/54 23/165/55 24/191/56
f 22/2470/57 24/2307/58 25/2335/59
f 26/2475/60 16/2469/61 15/2474/62
f 26/2475/63 15/2474/64 27/2480/65
f 26/2475/66 27/2480/67 28/2493/68
f 26/2475/69 28/2493/70 29/2489/71
f 1439/3107/72 1438/3063/73 1444/3034/74 1446/3066/75
f 31/5015/76 32/5148/77 33/5153/78
f 31/5015/79 33/5153/80 34/5099/81
f 948/687/82 949/739/83 946/708/84 945/650/85
f 31/5015/86 34/5099/87 37/4999/88
f 655/3150/89 651/3270/90 650/3288/91 654/3201/92
f 37/4999/93 34/5099/94 39/5117/95
f 37/69/96 39/68/97 40/38/98
f 37/2140/99 40/2139/100 41/2178/101
f 37/760/102 41/830/103 42/853/104
f 1560/3423/105 1559/3385/106 1583/3362/107 1587/3426/108
f 39/5117/109 34/5099/110 33/5153/111
f 39/5117/112 33/5153/113 43/5155/114
f 44/828/115 33/787/116 32/785/117
f 44/828/118 32/785/119 45/868/120
f 207/748/121 206/686/122 1649/668/123 1510/733/124
f 44/828/125 43/800/126 33/787/127
f 44/828/128 45/868/129 47/885/130
f 44/828/131 47/885/132 46/839/133
f 46/839/134 47/885/135 41/830/136
f 1184/1430/137 1181/1403/138 1180/1370/139 1183/1402/140
f 1725/2040/141 1726/1967/142 1723/1968/143 1724/2046/144
f 647/1768/145 665/1783/146 670/1858/147 648/1839/148
f 587/3987/149 588/4005/150 585/3960/151 586/3932/152
f 52/390/153 55/389/154 56/172/155
f 52/4961/156 56/4969/157 57/4859/158
f 52/3808/159 57/3757/160 58/3851/161
f 52/326/162 58/384/163 53/457/164
f 272/1765/165 309/1883/166 321/1846/167 273/1736/168
f 1394/4289/169 1391/4296/170 1390/4332/171 1389/4322/172
f 896/170/173 1116/192/174 1114/133/175 1115/111/176
f 25/2335/177 63/2288/178 20/2408/179
f 25/2335/180 20/2408/181 14/2444/182
f 64/2696/183 65/2727/184 66/2829/185
f 64/5133/186 66/5130/187 67/5181/188
f 64/5133/189 67/5181/190 68/5182/191
f 64/5133/192 68/5182/193 69/5137/194
f 64/2696/195 69/2680/196 70/2667/197
f 64/2696/198 70/2667/199 65/2727/200
f 71/5139/201 69/5137/202 68/5182/203
f 71/5139/204 68/5182/205 72/5203/206
f 73/3444/207 70/3531/208 69/3555/209
f 73/3444/210 69/3555/211 71/3547/212
f 71/1510/213 72/1610/214 74/1446/215
f 71/3547/216 74/3461/217 73/3444/218
f 75/503/219 76/454/220 77/458/221
f 75/503/222 77/458/223 49/534/224
f 78/553/225 79/460/226 76/454/227
f 78/553/228 76/454/229 75/503/230
f 646/1721/231 645/1677/232 664/1659/233 666/1715/234
f 1842/4427/235 1913/4571/236 1910/4554/237 1909/4412/238
f 338/1479/239 337/1496/240 1192/1450/241 1185/1444/242
f 81/1511/243 87/1494/244 88/1470/245
f 81/4840/246 88/4772/247 82/4797/248
f 89/670/249 90/706/250 91/622/251
f 89/5161/252 91/5114/253 92/5116/254
f 287/2841/255 324/2878/256 326/2819/257 288/2776/258
f 89/670/259 92/614/260 95/630/261
f 89/670/262 95/630/263 93/665/264
f 557/4164/265 558/4168/266 555/4087/267 556/4085/268
f 88/1470/269 96/1480/270 97/1434/271
f 88/1470/272 97/1434/273 82/1448/274
f 97/1434/275 96/1480/276 98/1539/277
f 97/1434/278 98/1539/279 99/1463/280
f 1035/558/281 1039/479/282 1059/456/283 1036/545/284
f 1131/5250/285 1132/5211/286 1129/5193/287 1130/5235/288
f 2489/3835/289 2487/3842/290 2486/3766/291 2484/3752/292
f 900/3571/293 897/3504/294 1115/3453/295 1117/3524/296
f 101/3840/297 104/3849/298 110/3821/299
f 101/3840/300 110/3821/301 107/3793/302
f 101/4102/303 109/4148/304 111/4106/305
f 101/421/306 111/297/307 105/368/308
f 112/3921/309 113/3933/310 114/3865/311
f 112/2271/312 114/2303/313 115/2370/314
f 112/2271/315 115/2370/316 116/2371/317
f 112/2271/318 116/2371/319 117/2359/320
f 112/2271/321 118/2348/322 119/2284/323
f 1085/2088/324 1082/2191/325 1081/2190/326 1084/2085/327
f 1193/3608/328 1197/3614/329 1303/3520/330 1194/3512/331
f 482/4406/332 483/4358/333 477/4312/334 481/4391/335
f 2023/3023/336 2024/3087/337 2022/3030/338 2020/2967/339
f 128/1154/340 129/1062/341 130/1086/342
f 545/4034/343 2547/4045/344 2550/3893/345 580/3881/346
f 128/5201/347 132/5249/348 133/5105/349
f 128/1154/350 133/1033/351 129/1062/352
f 85/4819/353 81/4840/354 2164/4942/355 2165/4906/356
f 2332/4846/357 2330/4713/358 2490/4664/359 2483/4747/360
f 136/4251/361 137/4256/362 138/4049/363
f 136/3022/364 138/2960/365 139/3050/366
f 136/2869/367 139/2942/368 140/2933/369
f 136/2869/370 140/2933/371 141/2824/372
f 1558/3395/373 1563/3358/374 1580/3329/375 1559/3385/376
f 143/1356/377 144/1302/378 145/1329/379
f 143/1356/380 145/1329/381 146/1396/382
f 1970/1/383 1940/25/384 1939/143/385 1971/116/386
f 143/1356/387 146/1396/388 149/1447/389
f 143/603/390 149/624/391 147/657/392
f 150/1208/393 151/1240/394 152/1217/395
f 150/1208/396 152/1217/397 153/1150/398
f 154/1223/399 155/1262/400 151/1240/401
f 154/1223/402 151/1240/403 150/1208/404
f 150/1208/405 153/1150/406 156/1137/407
f 150/4364/408 156/4376/409 154/4410/410
f 6/1877/411 1753/1937/412 1756/1938/413 2/1878/414
f 1551/893/415 284/905/416 1549/972/417 1548/945/418
f 2301/1490/419 465/1390/420 2341/1386/421 2303/1473/422
f 157/4350/423 164/4528/424 165/4518/425
f 157/4350/426 165/4518/427 166/4374/428
f 1990/1803/429 1989/1700/430 2136/1644/431 1992/1728/432
f 1465/3137/433 1466/3110/434 1462/3140/435 1464/3170/436
f 12/4379/437 7/4293/438 1869/4308/439 1870/4360/440
f 188/2462/441 189/2435/442 186/2351/443 187/2349/444
f 662/808/445 661/816/446 946/708/447 949/739/448
f 175/101/449 178/205/450 179/195/451
f 175/3342/452 179/3146/453 180/3305/454
f 2109/1038/455 2108/1110/456 2141/1100/457 2111/1034/458
f 175/5095/459 181/5007/460 176/4988/461
f 182/1593/462 183/1623/463 184/1550/464
f 182/1593/465 184/1550/466 185/1553/467
f 408/517/468 382/416/469 2279/381/470 500/512/471
f 679/3950/472 678/3923/473 1008/3998/474 1012/3999/475
f 2325/4881/476 2326/4893/477 2323/5055/478 2321/5039/479
f 642/538/480 641/483/481 965/474/482 968/551/483
f 1573/4262/484 1574/4280/485 1572/4167/486 241/4143/487
f 193/4107/488 198/4044/489 199/4068/490
f 193/2658/491 199/2728/492 194/2648/493
f 200/894/494 201/812/495 202/887/496
f 200/2525/497 202/2551/498 203/2552/499
f 200/1777/500 204/1708/501 205/1752/502
f 200/1777/503 205/1752/504 206/1809/505
f 200/894/506 206/686/507 207/748/508
f 200/894/509 207/748/510 201/812/511
f 208/948/512 153/1150/513 209/1164/514
f 208/948/515 209/1164/516 210/1088/517
f 49/955/518 50/941/519 45/868/520 48/875/521
f 2521/3541/522 2520/3539/523 2519/3481/524 2518/3493/525
f 214/2440/526 215/2447/527 216/2535/528
f 214/2440/529 216/2535/530 217/2478/531
f 111/2232/532 109/2240/533 1487/2130/534 1486/2121/535
f 2545/4030/536 2544/4040/537 2554/3896/538 2548/3898/539
f 221/1348/540 222/1327/541 223/1354/542
f 221/3990/543 223/3977/544 224/3961/545
f 221/526/546 225/417/547 226/419/548
f 221/526/549 226/419/550 227/484/551
f 950/727/552 951/791/553 949/739/554 948/687/555
f 2122/1779/556 2117/1872/557 2116/1826/558 2121/1740/559
f 1859/4450/560 1776/4444/561 1856/4468/562 1858/4471/563
f 245/2948/564 1552/2875/565 1551/2900/566 1548/2976/567
f 2595/4257/568 2596/4283/569 2594/4157/570 2590/4135/571
f 599/3886/572 598/3820/573 2507/3760/574 2503/3848/575
f 197/4025/576 198/4044/577 193/4107/578 196/4115/579
f 183/1623/580 182/1593/581 2123/1638/582 2120/1702/583
f 432/3158/584 2498/3120/585 2504/3133/586 2508/3163/587
f 61/5091/588 24/5132/589 1986/5108/590 1988/5059/591
f 488/1891/592 482/1888/593 481/2069/594 487/2030/595
f 51/964/596 47/885/597 45/868/598 50/941/599
f 2393/2600/600 2389/2538/601 2388/2533/602 2392/2577/603
f 254/3042/604 255/3027/605 256/3134/606
f 254/3969/607 256/4103/608 257/3939/609
f 254/3969/610 257/3939/611 258/3771/612
f 254/5254/613 258/5253/614 259/5213/615
f 1697/1259/616 1698/1152/617 1696/1168/618 1695/1271/619
f 432/3158/620 373/3213/621 375/3223/622 431/3143/623
f 486/4314/624 489/4373/625 481/4391/626 477/4312/627
f 254/4382/628 264/4428/629 262/4351/630
f 438/4583/631 439/4492/632 434/4501/633 437/4612/634
f 261/4442/635 267/4490/636 268/4477/637
f 261/226/638 266/147/639 269/153/640
f 261/226/641 269/153/642 267/223/643
f 925/956/644 612/900/645 1095/984/646 930/1050/647
f 2119/1758/648 2118/1820/649 2144/1734/650 2148/1676/651
f 2222/3349/652 1471/3450/653 1469/3447/654 1470/3339/655
f 278/160/656 279/140/657 280/344/658
f 278/3572/659 280/3630/660 281/3627/661
f 278/3572/662 281/3627/663 282/3621/664
f 278/4317/665 282/4488/666 283/4303/667
f 278/4317/668 283/4303/669 284/4243/670
f 262/2972/671 1618/2894/672 1616/2859/673 263/2945/674
f 2506/4114/675 563/4077/676 555/4087/677 562/4133/678
f 1934/2413/679 1935/2419/680 1933/2385/681 116/2371/682
f 285/4626/683 291/4635/684 292/4688/685
f 285/4626/686 292/4688/687 293/4702/688
f 285/4626/689 293/4702/690 294/4697/691
f 86/1523/692 87/1494/693 81/1511/694 85/1573/695
f 2565/2918/696 483/2836/697 2569/2888/698 2566/2937/699
f 2609/1870/700 2610/1845/701 2067/1861/702 2069/1887/703
f 952/818/704 662/808/705 949/739/706 951/791/707
f 296/2101/708 299/2091/709 302/2160/710
f 296/4607/711 302/4634/712 300/4598/713
f 300/4598/714 302/4634/715 303/4581/716
f 300/4598/717 303/4581/718 301/4551/719
f 1720/2049/720 1929/2100/721 1928/2092/722 1724/2046/723
f 465/298/724 464/398/725 2340/443/726 2341/364/727
f 205/1752/728 204/1708/729 1643/1651/730 1642/1701/731
f 2607/3593/732 345/3597/733 1188/3537/734 372/3514/735
f 304/2628/736 289/2707/737 310/2744/738
f 304/1784/739 310/2028/740 308/1902/741
f 291/127/742 295/186/743 311/122/744
f 291/4635/745 311/4669/746 292/4688/747
f 1212/4294/748 1210/4299/749 1209/4185/750 1208/4178/751
f 457/2846/752 456/2940/753 2324/2914/754 2323/2851/755
f 312/3109/756 316/3039/757 317/3148/758
f 312/3109/759 317/3148/760 318/3216/761
f 312/3109/762 318/3216/763 313/3131/764
f 298/2004/765 297/2056/766 267/2016/767
f 298/2004/768 267/2016/769 269/1914/770
f 86/1523/771 135/1577/772 98/1539/773 96/1480/774
f 1136/1367/775 1135/1404/776 1187/1436/777 1183/1402/778
f 1504/4785/779 1676/4941/780 1507/4951/781 1505/4801/782
f 575/3457/783 569/3399/784 2384/3412/785 2381/3505/786
f 322/4601/787 303/4581/788 302/4634/789
f 322/2202/790 302/2160/791 323/2143/792
f 322/4601/793 324/4562/794 325/4509/795
f 322/4601/796 325/4509/797 303/4581/798
f 2290/450/799 2288/408/800 2322/294/801 2324/318/802
f 327/882/803 328/825/804 329/804/805
f 327/5187/806 329/5002/807 330/5180/808
f 463/2854/809 458/2838/810 2331/2717/811 2333/2739/812
f 598/4285/813 599/4261/814 558/4168/815 557/4164/816
f 2507/3760/817 2508/3715/818 2504/3806/819 2503/3848/820
f 290/2663/821 289/2707/822 304/2628/823 307/2612/824
f 335/3645/825 341/3634/826 342/3682/827
f 335/810/828 342/829/829 339/805/830
f 517/2394/831 2487/2364/832 2489/2285/833 515/2338/834
f 240/4356/835 242/4345/836 1538/4489/837 1537/4498/838
f 2262/3082/839 2196/3075/840 2260/3262/841 2261/3267/842
f 162/1177/843 161/1286/844 1382/1276/845 1381/1157/846
f 539/4510/847 540/4572/848 491/4473/849 492/4433/850
f 354/814/851 355/789/852 356/802/853
f 354/2347/854 356/2261/855 357/2280/856
f 594/3716/857 593/3639/858 2486/3766/859 600/3816/860
f 354/2347/861 357/2280/862 360/2325/863
f 354/4139/864 360/4113/865 361/4153/866
f 1996/1229/867 1994/1205/868 2108/1110/869 2106/1125/870
f 1449/2853/871 1450/2884/872 1447/2929/873 1448/2905/874
f 909/796/875 903/747/876 907/721/877 908/758/878
f 369/3454/879 370/3467/880 371/3530/881
f 369/3454/882 371/3530/883 372/3514/884
f 373/528/885 374/563/886 370/660/887
f 373/3213/888 370/3280/889 369/3276/890
f 369/3454/891 372/3514/892 375/3400/893
f 369/3276/894 375/3223/895 373/3213/896
f 376/4652/897 377/4657/898 378/4690/899
f 376/4652/900 378/4690/901 379/4700/902
f 376/4009/903 380/4150/904 381/4090/905
f 376/4009/906 381/4090/907 377/4002/908
f 376/349/909 382/416/910 383/435/911
f 376/349/912 383/435/913 380/369/914
f 384/4008/915 385/4101/916 386/4120/917
f 384/4008/918 386/4120/919 387/4015/920
f 1524/1522/921 1525/1482/922 1521/1415/923 1520/1442/924
f 384/4008/925 390/4000/926 391/4078/927
f 384/4008/928 391/4078/929 385/4101/930
f 523/1807/931 550/1823/932 548/1886/933 549/1868/934
f 1775/815/935 1783/795/936 1856/773/937 1776/797/938
f 464/2956/939 463/2854/940 2336/2877/941 2340/2963/942
f 2274/322/943 2172/282/944 2271/225/945 2273/262/946
f 1981/110/947 1982/196/948 1978/232/949 1980/139/950
f 1187/1436/951 343/1466/952 1184/1430/953 1183/1402/954
f 383/4641/955 406/4553/956 407/4533/957
f 383/435/958 407/350/959 380/369/960
f 383/435/961 382/416/962 408/517/963
f 383/2514/964 408/2586/965 409/2517/966
f 600/3816/967 601/3862/968 597/3772/969 594/3716/970
f 355/789/971 359/746/972 1333/734/973 1337/771/974
f 413/2670/975 414/2542/976 415/2540/977
f 413/4439/978 415/4576/979 416/4487/980
f 21/2471/981 2007/2505/982 2155/2545/983 2157/2524/984
f 413/4439/985 419/4430/986 420/4469/987
f 413/2670/988 420/2543/989 414/2542/990
f 2447/1484/991 2448/1560/992 2446/1572/993 2445/1483/994
f 1951/2014/995 1893/2044/996 1890/1910/997 1892/1933/998
f 410/2456/999 504/2439/1000 1154/2429/1001 411/2454/1002
f 474/1159/1003 470/1109/1004 469/1064/1005 473/1126/1006
f 2385/353/1007 513/284/1008 2384/207/1009 573/292/1010
f 375/3223/1011 430/3171/1012 433/3121/1013
f 375/3223/1014 433/3121/1015 431/3143/1016
f 1875/1950/1017 1871/1920/1018 1873/1961/1019 1874/2023/1020
f 1089/1994/1021 1086/2079/1022 1085/2088/1023 1088/1993/1024
f 275/3699/1025 276/3770/1026 270/3775/1027 274/3703/1028
f 442/833/1029 443/835/1030 444/774/1031
f 442/271/1032 444/295/1033 445/321/1034
f 442/271/1035 445/321/1036 446/313/1037
f 442/271/1038 446/313/1039 447/240/1040
f 889/1595/1041 1128/1614/1042 1127/1678/1043 890/1664/1044
f 2310/4204/1045 2309/4201/1046 2359/4305/1047 2312/4313/1048
f 2382/3560/1049 2383/3502/1050 2381/3505/1051 2380/3576/1052
f 455/2957/1053 456/2940/1054 457/2846/1055
f 455/2957/1056 457/2846/1057 458/2838/1058
f 2302/1586/1059 436/1615/1060 2300/1526/1061 2301/1490/1062
f 1736/2870/1063 1737/2848/1064 1735/2742/1065 1734/2747/1066
f 1447/2731/1067 1445/2729/1068 1444/2839/1069 1443/2827/1070
f 1866/4318/1071 1870/4360/1072 1869/4308/1073 1867/4281/1074
f 449/1319/1075 466/1424/1076 467/1411/1077
f 449/1319/1078 467/1411/1079 453/1324/1080
f 1594/1512/1081 1592/1533/1082 1658/1474/1083 1660/1443/1084
f 1070/2564/1085 1069/2599/1086 1068/2700/1087 1066/2661/1088
f 469/168/1089 472/178/1090 475/285/1091
f 469/1787/1092 475/1763/1093 476/1788/1094
f 203/2552/1095 202/2551/1096 1507/2569/1097 1678/2572/1098
f 507/2446/1099 633/2438/1100 636/2376/1101 505/2393/1102
f 477/3951/1103 480/4004/1104 484/4024/1105
f 477/4312/1106 484/4084/1107 485/4217/1108
f 477/4312/1109 485/4217/1110 486/4314/1111
f 287/2841/1112 288/2776/1113 285/2726/1114 286/2809/1115
f 1825/3471/1116 1787/3334/1117 1784/3337/1118 1777/3479/1119
f 481/4391/1120 489/4373/1121 490/4409/1122
f 481/4391/1123 490/4409/1124 491/4473/1125
f 481/2069/1126 491/2086/1127 487/2030/1128
f 490/4409/1129 489/4373/1130 492/4433/1131
f 490/4409/1132 492/4433/1133 491/4473/1134
f 493/2339/1135 494/2206/1136 495/2166/1137
f 493/2620/1138 495/2688/1139 496/2609/1140
f 493/1620/1141 497/1714/1142 498/1569/1143
f 493/19/1144 498/79/1145 494/5/1146
f 2192/4194/1147 2193/4173/1148 2189/4220/1149 2188/4244/1150
f 731/4343/1151 727/4418/1152 726/4476/1153 730/4402/1154
f 1812/4865/1155 1816/4977/1156 1815/4982/1157 1813/4878/1158
f 502/2426/1159 503/2423/1160 504/2439/1161
f 502/2426/1162 504/2439/1163 410/2456/1164
f 505/2393/1165 506/2398/1166 503/2423/1167
f 505/2393/1168 503/2423/1169 502/2426/1170
f 502/2426/1171 410/2456/1172 507/2446/1173
f 502/2426/1174 507/2446/1175 505/2393/1176
f 2379/5028/1177 2380/5027/1178 2378/4954/1179 2377/4966/1180
f 508/2281/1181 512/2147/1182 513/2158/1183
f 1161/672/1184 1160/697/1185 1164/586/1186 1167/548/1187
f 301/4551/1188 297/4560/1189 296/4607/1190 300/4598/1191
f 2509/3706/1192 2510/3657/1193 2508/3715/1194 2507/3760/1195
f 518/1690/1196 519/1761/1197 520/1636/1198
f 518/1690/1199 520/1636/1200 521/1583/1201
f 1262/2928/1202 1263/2999/1203 1261/2982/1204 1260/2911/1205
f 347/3078/1206 2279/3071/1207 2278/3194/1208 348/3202/1209
f 83/4833/1210 84/4885/1211 81/4840/1212 82/4797/1213
f 525/4415/1214 529/4419/1215 530/4362/1216
f 525/4415/1217 530/4362/1218 526/4363/1219
f 676/3807/1220 677/3859/1221 674/3908/1222 675/3863/1223
f 2483/4747/1224 2490/4664/1225 2489/4646/1226 2484/4720/1227
f 2226/1808/1228 2225/1813/1229 2258/1949/1230 2228/1932/1231
f 1803/4637/1232 1799/4610/1233 1798/4561/1234 1802/4579/1235
f 145/1329/1236 2128/1378/1237 2149/1441/1238 146/1396/1239
f 491/2086/1240 541/2133/1241 542/2026/1242
f 491/2086/1243 542/2026/1244 487/2030/1245
f 859/4875/1246 851/4892/1247 854/4960/1248 858/4919/1249
f 542/126/1250 544/181/1251 453/311/1252
f 542/2286/1253 453/2245/1254 467/2342/1255
f 984/542/1256 2494/616/1257 2493/618/1258 2492/550/1259
f 416/5016/1260 415/4991/1261 855/4975/1262 853/4989/1263
f 542/2286/1264 546/2350/1265 488/2316/1266
f 542/2026/1267 488/1891/1268 487/2030/1269
f 234/3917/1270 230/3870/1271 229/3864/1272 233/3891/1273
f 1520/1442/1274 1519/1492/1275 1671/1549/1276 1524/1522/1277
f 2241/382/1278 2242/429/1279 2240/406/1280 2239/377/1281
f 454/1237/1282 450/1245/1283 449/1319/1284 453/1324/1285
f 155/4381/1286 154/4410/1287 2277/4437/1288 2276/4405/1289
f 2607/3593/1290 2523/3589/1291 2604/3636/1292 2606/3640/1293
f 555/5268/1294 559/5281/1295 560/5195/1296
f 555/4087/1297 560/4038/1298 556/4085/1299
f 516/2247/1300 515/2338/1301 2489/2285/1302 2490/2201/1303
f 2126/1476/1304 184/1550/1305 2147/1566/1306 2128/1489/1307
f 1757/2041/1308 1758/2061/1309 1754/2002/1310 1751/1999/1311
f 2390/2477/1312 2386/2468/1313 2388/2533/1314 2389/2538/1315
f 1439/3107/1316 1446/3066/1317 1466/3110/1318 1465/3137/1319
f 672/4432/1320 671/4420/1321 1065/4287/1322 1067/4326/1323
f 568/3343/1324 569/3399/1325 570/3409/1326
f 568/3343/1327 570/3409/1328 571/3347/1329
f 568/3343/1330 572/3292/1331 573/3346/1332
f 673/3660/1333 1033/3568/1334 1065/3595/1335 671/3693/1336
f 352/994/1337 353/993/1338 346/877/1339 349/890/1340
f 570/3409/1341 569/3399/1342 575/3457/1343
f 570/3409/1344 575/3457/1345 576/3425/1346
f 2445/1483/1347 2444/1409/1348 2462/1414/1349 2447/1484/1350
f 578/3764/1351 579/3846/1352 580/3881/1353
f 578/3764/1354 580/3881/1355 581/3773/1356
f 578/4076/1357 582/4091/1358 583/4209/1359
f 578/2676/1360 583/2757/1361 579/2675/1362
f 1046/4897/1363 1044/5005/1364 1043/4992/1365 1017/4884/1366
f 2284/2563/1367 2285/2579/1368 2283/2684/1369 2282/2685/1370
f 592/4361/1371 2408/4248/1372 2485/4276/1373 593/4386/1374
f 192/2287/1375 187/2349/1376 186/2351/1377 191/2306/1378
f 591/4434/1379 592/4361/1380 593/4386/1381
f 591/3674/1382 593/3639/1383 594/3716/1384
f 591/3674/1385 595/3717/1386 596/3662/1387
f 591/4434/1388 596/4375/1389 592/4361/1390
f 591/3674/1391 594/3716/1392 597/3772/1393
f 591/3674/1394 597/3772/1395 595/3717/1396
f 1499/3755/1397 1392/3728/1398 1496/3739/1399 1498/3767/1400
f 558/4168/1401 599/4261/1402 561/4191/1403
f 1356/4778/1404 1354/4709/1405 2297/4736/1406 2281/4815/1407
f 2228/1932/1408 2229/1923/1409 2227/1793/1410 2226/1808/1411
f 603/709/1412 604/821/1413 605/741/1414
f 603/3633/1415 605/3563/1416 606/3652/1417
f 2374/1385/1418 2375/1488/1419 2371/1538/1420 2369/1418/1421
f 429/3226/1422 430/3171/1423 375/3223/1424 428/3304/1425
f 603/709/1426 611/862/1427 612/900/1428
f 603/709/1429 612/900/1430 604/821/1431
f 359/746/1432 355/789/1433 354/814/1434 358/769/1435
f 2505/1824/1436 2502/1791/1437 2501/1710/1438 2500/1742/1439
f 1590/2561/1440 1591/2574/1441 1589/2496/1442 1588/2509/1443
f 614/2082/1444 619/2134/1445 620/2072/1446
f 614/4043/1447 620/3976/1448 621/3954/1449
f 622/2333/1450 623/2511/1451 624/2463/1452
f 622/106/1453 624/238/1454 625/222/1455
f 622/2926/1456 626/3020/1457 627/3111/1458
f 622/2333/1459 627/2585/1460 623/2511/1461
f 622/5255/1462 628/5261/1463 629/5138/1464
f 622/2926/1465 629/2932/1466 626/3020/1467
f 622/106/1468 625/222/1469 630/242/1470
f 622/1277/1471 630/1323/1472 631/1410/1473
f 590/3911/1474 586/3932/1475 585/3960/1476 589/3955/1477
f 2376/1591/1478 2374/1580/1479 2443/1491/1480 2442/1485/1481
f 434/4501/1482 441/4389/1483 2285/4426/1484 2284/4523/1485
f 639/572/1486 640/488/1487 641/483/1488
f 639/572/1489 641/483/1490 642/538/1491
f 973/4693/1492 978/4670/1493 1019/4790/1494 974/4796/1495
f 639/572/1496 645/637/1497 646/679/1498
f 639/1719/1499 646/1721/1500 647/1768/1501
f 1531/3719/1502 231/3796/1503 1528/3779/1504 1530/3705/1505
f 639/572/1506 642/538/1507 649/592/1508
f 639/572/1509 649/592/1510 645/637/1511
f 650/3288/1512 651/3270/1513 652/3366/1514
f 650/3288/1515 652/3366/1516 653/3333/1517
f 2472/2374/1518 2454/2502/1519 2469/2487/1520 2471/2389/1521
f 2108/1110/1522 2109/1038/1523 2107/1037/1524 2106/1125/1525
f 431/3143/1526 433/3121/1527 884/3073/1528 2495/3103/1529
f 428/1433/1530 1188/1460/1531 1187/1436/1532 1135/1404/1533
f 1002/2934/1534 1003/2946/1535 999/3002/1536 1001/3001/1537
f 460/469/1538 2290/450/1539 2324/318/1540 456/324/1541
f 665/1783/1542 668/1789/1543 669/1831/1544
f 665/1783/1545 669/1831/1546 670/1858/1547
f 517/2332/1548 515/2378/1549 508/2281/1550 514/2257/1551
f 669/1831/1552 668/1789/1553 673/1855/1554
f 669/1831/1555 673/1855/1556 671/1956/1557
f 1549/2654/1558 1543/2693/1559 1547/2610/1560 1548/2580/1561
f 2518/667/1562 2519/663/1563 2515/577/1564 2517/594/1565
f 674/3908/1566 679/3950/1567 680/3925/1568
f 674/3908/1569 680/3925/1570 675/3863/1571
f 2303/1473/1572 2304/1567/1573 2302/1586/1574 2301/1490/1575
f 681/3649/1576 683/3552/1577 684/3588/1578
f 681/3938/1579 684/3852/1580 682/3818/1581
f 1965/245/1582 1964/279/1583 1978/232/1584 1982/196/1585
f 1980/3384/1586 1979/3382/1587 2127/3476/1588 2129/3459/1589
f 687/1862/1590 690/1896/1591 6/1877/1592
f 687/1862/1593 6/1877/1594 5/1857/1595
f 687/268/1596 691/281/1597 692/243/1598
f 687/268/1599 692/243/1600 688/231/1601
f 692/432/1602 693/247/1603 694/241/1604
f 692/243/1605 694/275/1606 688/231/1607
f 692/243/1608 691/281/1609 1/315/1610
f 692/243/1611 1/315/1612 695/278/1613
f 692/243/1614 695/278/1615 696/343/1616
f 692/432/1617 696/272/1618 693/247/1619
f 696/5031/1620 697/4945/1621 698/4959/1622
f 696/272/1623 698/300/1624 693/247/1625
f 696/343/1626 695/278/1627 699/312/1628
f 696/3834/1629 699/3736/1630 700/3828/1631
f 696/3834/1632 700/3828/1633 701/3929/1634
f 696/5031/1635 701/4952/1636 697/4945/1637
f 2107/1037/1638 2079/1048/1639 2105/1141/1640 2106/1125/1641
f 701/3929/1642 700/3828/1643 704/3822/1644
f 701/4952/1645 704/4973/1646 705/4918/1647
f 2355/4211/1648 2356/4205/1649 2353/4119/1650 2351/4123/1651
f 925/956/1652 930/1050/1653 929/1091/1654 926/1017/1655
f 706/4754/1656 705/4918/1657 709/4916/1658
f 706/4956/1659 709/5029/1660 710/4947/1661
f 1480/1795/1662 1479/1790/1663 2230/1912/1664 1482/1907/1665
f 127/4482/1666 98/4539/1667 2277/4437/1668 154/4410/1669
f 626/5124/1670 629/5138/1671 929/5032/1672 932/5025/1673
f 914/1221/1674 908/1261/1675 912/1344/1676 913/1289/1677
f 216/4093/1678 215/4092/1679 2218/4016/1680 1458/4011/1681
f 1418/1248/1682 1416/1226/1683 1415/1193/1684 152/1217/1685
f 716/1989/1686 100/1988/1687 719/1895/1688
f 716/3422/1689 719/3248/1690 717/3285/1691
f 719/700/1692 720/625/1693 721/515/1694
f 719/1836/1695 721/2042/1696 717/1873/1697
f 320/2076/1698 310/2028/1699 326/2112/1700 323/2143/1701
f 719/2672/1702 126/2673/1703 722/2746/1704
f 719/700/1705 722/767/1706 720/625/1707
f 526/399/1708 2588/395/1709 2592/492/1710 527/499/1711
f 1533/4616/1712 256/4628/1713 1531/4732/1714 1530/4723/1715
f 1286/2476/1716 401/2458/1717 1282/2488/1718 1275/2530/1719
f 1295/666/1720 1201/701/1721 1294/724/1722 748/705/1723
f 602/3813/1724 595/3717/1725 597/3772/1726 601/3862/1727
f 501/2529/1728 499/2531/1729 493/2620/1730 496/2609/1731
f 731/1028/1732 732/1029/1733 733/1099/1734
f 731/3381/1735 733/3380/1736 727/3310/1737
f 731/4343/1738 730/4402/1739 211/4327/1740
f 731/4166/1741 211/4300/1742 734/4160/1743
f 2175/2052/1744 2181/2077/1745 2268/2036/1746 2176/2021/1747
f 1410/1792/1748 1411/1798/1749 1408/1665/1750 1409/1670/1751
f 1882/4536/1752 1857/4497/1753 1856/4468/1754 1855/4495/1755
f 735/4020/1756 739/4014/1757 740/3926/1758
f 735/1233/1759 740/1156/1760 736/1170/1761
f 640/488/1762 644/495/1763 964/393/1764 962/415/1765
f 1423/3556/1766 1429/3451/1767 1469/3447/1768 1424/3551/1769
f 740/2483/1770 744/2437/1771 745/2459/1772
f 740/1311/1773 745/1298/1774 741/1333/1775
f 2082/1081/1776 2078/1151/1777 2080/1111/1778 2081/1042/1779
f 745/2459/1780 744/2437/1781 748/2397/1782
f 745/1298/1783 748/1241/1784 749/1279/1785
f 357/2280/1786 356/2261/1787 1342/2208/1788 1346/2236/1789
f 750/4155/1790 751/4152/1791 752/4130/1792
f 750/1305/1793 752/1224/1794 746/1322/1795
f 750/2243/1796 749/2145/1797 753/2150/1798
f 2286/2594/1799 1343/2689/1800 2283/2684/1801 2285/2579/1802
f 750/2243/1803 754/2246/1804 755/2345/1805
f 750/4155/1806 755/4170/1807 751/4152/1808
f 755/2125/1809 756/2168/1810 757/2141/1811
f 755/4170/1812 757/4291/1813 751/4152/1814
f 755/2345/1815 754/2246/1816 758/2252/1817
f 755/5265/1818 758/5292/1819 759/5289/1820
f 755/5265/1821 759/5289/1822 760/5300/1823
f 755/2125/1824 760/2187/1825 756/2168/1826
f 760/403/1827 761/537/1828 762/541/1829
f 760/2187/1830 762/2298/1831 756/2168/1832
f 199/4068/1833 1446/3970/1834 1444/4006/1835 1445/4110/1836
f 894/260/1837 896/170/1838 895/210/1839 893/309/1840
f 765/4733/1841 766/4731/1842 767/4761/1843
f 765/60/1844 767/28/1845 761/26/1846
f 765/540/1847 764/407/1848 768/422/1849
f 765/3857/1850 768/3844/1851 769/3845/1852
f 765/3857/1853 769/3845/1854 770/3853/1855
f 765/4733/1856 770/4714/1857 766/4731/1858
f 770/5243/1859 771/5165/1860 772/5172/1861
f 770/4714/1862 772/4540/1863 766/4731/1864
f 770/3853/1865 769/3845/1866 773/3829/1867
f 770/738/1868 773/726/1869 774/722/1870
f 770/738/1871 774/722/1872 775/843/1873
f 770/5243/1874 775/5170/1875 771/5165/1876
f 649/592/1877 642/538/1878 968/551/1879 663/617/1880
f 401/2458/1881 402/2428/1882 399/2405/1883 400/2430/1884
f 265/114/1885 266/147/1886 261/226/1887 260/173/1888
f 778/704/1889 774/722/1890 773/726/1891
f 778/276/1892 773/301/1893 779/270/1894
f 1834/1605/1895 1833/1545/1896 1921/1579/1897 1836/1647/1898
f 667/1718/1899 668/1789/1900 665/1783/1901 666/1715/1902
f 2007/1696/1903 2002/1602/1904 2005/1544/1905 2006/1666/1906
f 781/681/1907 783/641/1908 333/691/1909
f 781/681/1910 333/691/1911 327/794/1912
f 811/1622/1913 817/1608/1914 816/1753/1915 812/1766/1916
f 249/3247/1917 251/3225/1918 250/3186/1919 247/3168/1920
f 173/4926/1921 169/5077/1922 168/5066/1923 172/4971/1924
f 786/611/1925 785/582/1926 788/536/1927
f 786/5106/1928 788/5288/1929 789/5284/1930
f 786/5106/1931 789/5284/1932 790/5295/1933
f 786/611/1934 790/557/1935 787/607/1936
f 2266/2096/1937 1440/2063/1938 2269/2029/1939 2267/2059/1940
f 790/638/1941 791/500/1942 792/477/1943
f 790/2071/1944 792/2037/1945 793/2108/1946
f 1833/2784/1947 1727/2740/1948 1922/2791/1949 1921/2821/1950
f 794/2264/1951 795/2321/1952 334/2322/1953
f 794/609/1954 334/696/1955 787/607/1956
f 177/3089/1957 176/3061/1958 1945/3130/1959 1947/3145/1960
f 1436/3483/1961 1435/3575/1962 2269/3579/1963 1440/3506/1964
f 798/1036/1965 799/989/1966 800/960/1967
f 798/2314/1968 800/2414/1969 795/2321/1970
f 1999/1079/1971 2000/954/1972 1998/951/1973 1997/1049/1974
f 798/4671/1975 802/4677/1976 803/4544/1977
f 798/1561/1978 803/1632/1979 799/1635/1980
f 1570/4083/1981 1566/4175/1982 1565/4184/1983 1569/4089/1984
f 156/1137/1985 153/1150/1986 208/948/1987 211/950/1988
f 1252/2270/1989 801/2224/1990 1249/2219/1991 1251/2263/1992
f 808/2555/1993 809/2565/1994 810/2623/1995
f 808/1776/1996 810/1850/1997 804/1767/1998
f 1887/5040/1999 1886/5101/2000 1956/5094/2001 1957/5038/2002
f 808/1776/2003 812/1766/2004 813/1898/2005
f 808/2555/2006 813/2515/2007 809/2565/2008
f 1191/2858/2009 1190/2844/2010 1309/2952/2011 1313/2970/2012
f 2083/1005/2013 2081/1042/2014 2080/1111/2015 2052/1077/2016
f 1631/1372/2017 1599/1412/2018 1660/1443/2019 1659/1407/2020
f 922/2289/2021 918/2279/2022 921/2368/2023 615/2415/2024
f 127/1531/2025 125/1445/2026 99/1463/2027 98/1539/2028
f 1924/2800/2029 1919/2822/2030 1922/2791/2031 1923/2766/2032
f 95/5080/2033 1897/5079/2034 1894/5293/2035 1889/5247/2036
f 2229/1962/2037 2228/1957/2038 2256/2094/2039 2231/2102/2040
f 191/2306/2041 2134/2273/2042 2151/2244/2043 192/2287/2044
f 1578/3229/2045 1579/3279/2046 1577/3319/2047 1576/3283/2048
f 2538/2919/2049 2537/2988/2050 2601/3019/2051 2540/2971/2052
f 147/657/2053 149/624/2054 2151/682/2055 123/714/2056
f 822/4136/2057 826/4129/2058 494/3936/2059
f 822/4744/2060 494/4620/2061 498/4574/2062
f 218/2340/2063 2210/2312/2064 2214/2260/2065 219/2343/2066
f 904/3754/2067 899/3691/2068 902/3713/2069 903/3786/2070
f 1523/3947/2071 1517/3942/2072 1521/3894/2073 1522/3914/2074
f 2153/1703/2075 2158/1749/2076 2156/1672/2077 2154/1612/2078
f 2147/1566/2079 2148/1660/2080 2144/1662/2081 2146/1568/2082
f 1031/1733/2083 667/1718/2084 1030/1654/2085 1029/1653/2086
f 1023/319/2087 1024/431/2088 1022/430/2089 1021/331/2090
f 1725/2720/2091 1923/2766/2092 1922/2791/2093 1727/2740/2094
f 2433/623/2095 2434/689/2096 2432/730/2097 2431/597/2098
f 2091/939/2099 2087/1055/2100 2089/1026/2101 2090/925/2102
f 2113/4751/2103 2073/4716/2104 2110/4627/2105 2112/4675/2106
f 400/2430/2107 405/2386/2108 1284/2418/2109 1283/2461/2110
f 2215/2266/2111 219/2343/2112 2214/2260/2113 174/2216/2114
f 1716/2048/2115 721/2042/2116 1714/2185/2117 1715/2149/2118
f 84/4885/2119 714/4928/2120 2162/5010/2121 2163/4985/2122
f 51/964/2123 50/941/2124 2246/997/2125 2177/999/2126
f 807/4547/2127 806/4679/2128 1255/4685/2129 811/4541/2130
f 2360/3326/2131 2361/3338/2132 2359/3442/2133 2358/3419/2134
f 234/3917/2135 1522/3914/2136 1526/3858/2137 230/3870/2138
f 850/1785/2139 851/1750/2140 852/1741/2141
f 850/1280/2142 852/1207/2143 848/1199/2144
f 905/3681/2145 906/3750/2146 902/3713/2147 901/3655/2148
f 850/5044/2149 853/4989/2150 854/4960/2151
f 850/1785/2152 854/1739/2153 851/1750/2154
f 20/2408/2155 2002/2500/2156 2007/2505/2157 21/2471/2158
f 1299/4972/2159 212/4978/2160 1406/5072/2161 1301/5069/2162
f 514/2407/2163 2386/2468/2164 2390/2477/2165 517/2394/2166
f 1238/4611/2167 1239/4667/2168 1237/4682/2169 1236/4625/2170
f 1222/256/2171 389/334/2172 1219/316/2173 1221/244/2174
f 2326/4534/2175 2325/4624/2176 2373/4721/2177 2328/4654/2178
f 245/2527/2179 246/2549/2180 243/2498/2181 244/2460/2182
f 863/4907/2183 864/4909/2184 865/4882/2185
f 863/2745/2186 865/2834/2187 866/2775/2188
f 1563/3678/2189 1558/3686/2190 1561/3626/2191 1562/3619/2192
f 1040/202/2193 1038/183/2194 1037/335/2195 1023/319/2196
f 867/1815/2197 868/1829/2198 861/1778/2199
f 867/4817/2200 861/4759/2201 860/4842/2202
f 867/2698/2203 866/2775/2204 451/2805/2205
f 867/1174/2206 451/1292/2207 450/1245/2208
f 356/802/2209 355/789/2210 1337/771/2211 1339/792/2212
f 2171/1985/2213 2176/2021/2214 2271/1942/2215 2172/1903/2216
f 686/3548/2217 685/3629/2218 1011/3592/2219 987/3508/2220
f 871/1780/2221 873/1772/2222 874/1716/2223
f 871/1175/2224 874/1102/2225 875/1160/2226
f 871/1175/2227 875/1160/2228 862/1219/2229
f 871/50/2230 862/18/2231 861/62/2232
f 151/1240/2233 155/1262/2234 1425/1291/2235 1421/1272/2236
f 1705/1191/2237 737/1184/2238 1702/1107/2239 1704/1118/2240
f 986/374/2241 982/360/2242 981/461/2243 985/464/2244
f 1978/3302/2245 1964/3256/2246 1975/3250/2247 1977/3293/2248
f 997/3095/2249 996/3199/2250 1092/3206/2251 1000/3094/2252
f 1325/3642/2253 1324/3644/2254 1378/3574/2255 1373/3584/2256
f 66/2829/2257 65/2727/2258 1735/2742/2259 1737/2848/2260
f 881/918/2261 880/985/2262 882/916/2263
f 881/3814/2264 882/3869/2265 883/3900/2266
f 881/987/2267 883/1043/2268 632/1215/2269
f 881/987/2270 632/1215/2271 638/1104/2272
f 881/987/2273 638/1104/2274 839/1022/2275
f 881/918/2276 839/936/2277 844/1011/2278
f 1206/750/2279 1200/720/2280 1204/745/2281 1205/780/2282
f 440/4413/2283 441/4389/2284 434/4501/2285 439/4492/2286
f 1034/3543/2287 1032/3535/2288 1031/3638/2289 1029/3637/2290
f 885/3981/2291 886/4061/2292 887/4165/2293
f 885/37/2294 887/88/2295 635/14/2296
f 1502/4558/2297 1500/4370/2298 2032/4377/2299 2033/4577/2300
f 1908/5054/2301 181/5007/2302 175/5095/2303 180/5158/2304
f 1493/4255/2305 1399/4238/2306 1491/4207/2307 1492/4215/2308
f 367/511/2309 363/509/2310 362/442/2311 366/425/2312
f 1756/1938/2313 1753/1937/2314 1754/2002/2315 1755/2009/2316
f 893/5176/2317 892/5073/2318 894/5177/2319
f 469/1787/2320 476/1788/2321 1150/1827/2322 1152/1830/2323
f 893/2355/2324 895/2366/2325 506/2398/2326
f 893/2355/2327 506/2398/2328 505/2393/2329
f 895/210/2330 896/170/2331 897/166/2332
f 895/3418/2333 897/3504/2334 898/3628/2335
f 895/2366/2336 898/2402/2337 506/2398/2338
f 898/2402/2339 899/2416/2340 503/2423/2341
f 898/2402/2342 503/2423/2343 506/2398/2344
f 898/3628/2345 897/3504/2346 900/3571/2347
f 672/2007/2348 670/1858/2349 669/1831/2350 671/1956/2351
f 898/3628/2352 901/3655/2353 902/3713/2354
f 898/2402/2355 902/2412/2356 899/2416/2357
f 90/706/2358 94/699/2359 1854/719/2360 1852/732/2361
f 2389/2538/2362 2395/2519/2363 2488/2466/2364 2390/2477/2365
f 231/3796/2366 230/3870/2367 1526/3858/2368 1528/3779/2369
f 2183/3098/2370 2182/3099/2371 2245/3049/2372 2187/3057/2373
f 2020/3978/2374 2021/3982/2375 2019/4065/2376 2018/4070/2377
f 2172/1903/2378 2168/1876/2379 2170/1948/2380 2171/1985/2381
f 1218/2043/2382 836/2075/2383 1278/2019/2384 1220/2000/2385
f 2307/3401/2386 2305/3410/2387 2354/3376/2388 2353/3350/2389
f 912/2211/2390 916/2309/2391 917/2300/2392
f 912/1344/2393 917/1377/2394 913/1289/2395
f 917/2300/2396 918/2290/2397 919/2214/2398
f 917/1377/2399 919/1260/2400 913/1289/2401
f 2253/1457/2402 2254/1471/2403 2252/1555/2404 2251/1541/2405
f 705/4460/2406 704/4398/2407 2161/4393/2408 709/4459/2409
f 546/2615/2410 545/2550/2411 580/2632/2412 579/2675/2413
f 2384/3412/2414 569/3399/2415 568/3343/2416 573/3346/2417
f 577/3370/2418 571/3347/2419 570/3409/2420 576/3425/2421
f 1439/3107/2422 1433/3113/2423 1437/3069/2424 1438/3063/2425
f 924/938/2426 926/1017/2427 927/1056/2428
f 924/2098/2429 927/2176/2430 616/2114/2431
f 927/2709/2432 928/2659/2433 617/2597/2434
f 927/2176/2435 617/2174/2436 616/2114/2437
f 944/4841/2438 945/4838/2439 941/4938/2440 940/4924/2441
f 927/5129/2442 629/5138/2443 628/5261/2444
f 2312/4313/2445 2313/4329/2446 2311/4216/2447 2310/4204/2448
f 1486/2121/2449 1485/2113/2450 2236/2218/2451 111/2232/2452
f 929/2491/2453 930/2596/2454 931/2590/2455
f 929/3647/2456 931/3666/2457 932/3566/2458
f 2012/2799/2459 2011/2847/2460 2017/2810/2461 2152/2755/2462
f 1585/3687/2463 1662/3683/2464 1661/3620/2465 1586/3617/2466
f 932/3566/2467 934/3492/2468 627/3477/2469
f 932/411/2470 627/412/2471 626/522/2472
f 345/3597/2473 341/3634/2474 335/3645/2475 344/3604/2476
f 934/3492/2477 936/3433/2478 937/3363/2479
f 934/2010/2480 937/2118/2481 627/2110/2482
f 1719/1936/2483 718/1904/2484 1716/2048/2485 1718/2047/2486
f 937/3363/2487 936/3433/2488 939/3393/2489
f 937/4995/2490 939/5018/2491 940/4924/2492
f 1267/4384/2493 1266/4455/2494 1287/4478/2495 1271/4394/2496
f 941/648/2497 942/723/2498 943/683/2499
f 941/4938/2500 943/5000/2501 938/5006/2502
f 1452/3909/2503 2259/4033/2504 2206/4036/2505 1454/3912/2506
f 1547/2610/2507 1543/2693/2508 1542/2712/2509 1546/2622/2510
f 2404/513/2511 2405/606/2512 2402/514/2513 2401/446/2514
f 2530/1905/2515 2529/1838/2516 2597/1897/2517 2534/1963/2518
f 148/694/2519 144/596/2520 143/603/2521 147/657/2522
f 713/1559/2523 707/1717/2524 711/1764/2525 712/1604/2526
f 541/2133/2527 543/2177/2528 563/2242/2529 547/2152/2530
f 1041/2074/2531 1045/2073/2532 1053/2171/2533 1042/2159/2534
f 272/1392/2535 273/1320/2536 270/1295/2537 271/1398/2538
f 1683/996/2539 1682/832/2540 2039/840/2541 1685/1001/2542
f 834/2099/2543 833/2031/2544 1278/2019/2545 836/2075/2546
f 1401/1806/2547 1405/1800/2548 1490/1926/2549 1402/1931/2550
f 1200/720/2551 1206/750/2552 1294/724/2553 1201/701/2554
f 282/4488/2555 265/4516/2556 1550/4339/2557 283/4303/2558
f 83/4833/2559 82/4797/2560 97/4741/2561 100/4770/2562
f 1888/2951/2563 1885/2974/2564 1884/3003/2565 1883/2987/2566
f 1553/4186/2567 1564/4188/2568 1561/4310/2569 1555/4323/2570
f 972/4694/2571 970/4649/2572 969/4712/2573 957/4757/2574
f 251/3225/2575 249/3247/2576 1546/3321/2577 1545/3290/2578
f 1239/4667/2579 1238/4611/2580 1291/4587/2581 1242/4647/2582
f 2232/1330/2583 2231/1347/2584 2253/1457/2585 2234/1440/2586
f 1680/2613/2587 1679/2608/2588 2036/2627/2589 1682/2630/2590
f 2470/2403/2591 2471/2389/2592 2469/2487/2593 2468/2513/2594
f 844/1011/2595 839/936/2596 842/1089/2597 843/1105/2598
f 1460/3883/2599 1461/3871/2600 1459/4013/2601 1458/4011/2602
f 965/474/2603 960/378/2604 969/373/2605
f 965/4695/2606 969/4828/2607 966/4719/2608
f 1272/2546/2609 1271/2506/2610 1286/2476/2611 1275/2530/2612
f 969/1216/2613 960/1162/2614 958/1213/2615
f 969/4712/2616 958/4812/2617 957/4757/2618
f 981/461/2619 977/453/2620 976/533/2621 980/539/2622
f 1176/3872/2623 1171/3910/2624 1174/3975/2625 1175/3946/2626
f 1969/3184/2627 1967/3205/2628 1966/3212/2629 1949/3198/2630
f 972/4694/2631 975/4739/2632 976/4691/2633
f 972/4651/2634 976/4631/2635 973/4693/2636
f 976/533/2637 977/453/2638 978/451/2639
f 976/4631/2640 978/4670/2641 973/4693/2642
f 976/4691/2643 975/4739/2644 979/4787/2645
f 976/533/2646 979/621/2647 980/539/2648
f 1652/3612/2649 1651/3553/2650 1656/3557/2651 1661/3620/2652
f 1637/1349/2653 1636/1400/2654 1653/1438/2655 1639/1399/2656
f 1481/1794/2657 1414/1674/2658 1478/1679/2659 1480/1795/2660
f 980/539/2661 979/621/2662 2494/616/2663 984/542/2664
f 2193/4173/2665 2192/4194/2666 2247/4141/2667 2197/4126/2668
f 850/4483/2669 848/4480/2670 847/4446/2671 417/4452/2672
f 986/374/2673 989/366/2674 683/286/2675
f 986/3445/2676 683/3552/2677 686/3548/2678
f 1688/4808/2679 1689/4710/2680 1687/4729/2681 1686/4829/2682
f 353/993/2683 352/994/2684 1625/1068/2685 1630/1073/2686
f 1576/3283/2687 1575/3239/2688 1675/3181/2689 1578/3229/2690
f 1882/3010/2691 1880/3032/2692 1879/3059/2693 1857/3036/2694
f 1249/2219/2695 796/2164/2696 1246/2183/2697 1248/2226/2698
f 2400/998/2699 2479/1096/2700 2480/1085/2701 2481/981/2702
f 994/3698/2703 998/3748/2704 682/3818/2705
f 994/3616/2706 682/3651/2707 684/3588/2708
f 1180/1370/2709 1178/1345/2710 1177/1299/2711 1138/1336/2712
f 1207/801/2713 1205/780/2714 1204/745/2715 340/779/2716
f 451/1292/2717 452/1374/2718 449/1319/2719 450/1245/2720
f 1136/1367/2721 1183/1402/2722 1180/1370/2723 1138/1336/2724
f 123/714/2725 124/782/2726 121/798/2727 122/762/2728
f 422/2806/2729 427/2872/2730 1293/2843/2731 1247/2773/2732
f 479/345/2733 478/252/2734 2562/180/2735 2574/274/2736
f 1636/1400/2737 1637/1349/2738 1635/1304/2739 1634/1362/2740
f 1835/4563/2741 1794/4525/2742 1798/4561/2743 1800/4592/2744
f 411/4608/2745 1154/4590/2746 1153/4506/2747 412/4532/2748
f 1340/2155/2749 1341/2175/2750 1339/2237/2751 1338/2230/2752
f 704/2697/2753 2159/2756/2754 2160/2789/2755 2161/2713/2756
f 653/3333/2757 652/3366/2758 1077/3415/2759 1076/3392/2760
f 1823/3448/2761 1827/3325/2762 1826/3327/2763 1824/3460/2764
f 2349/3161/2765 2350/3221/2766 2348/3237/2767 2347/3152/2768
f 233/3891/2769 235/3839/2770 1614/3877/2771 1620/3928/2772
f 1448/4037/2773 2261/4236/2774 2260/4227/2775 1449/4027/2776
f 352/994/2777 1627/1010/2778 1626/1083/2779 1625/1068/2780
f 1819/3345/2781 1762/3284/2782 1759/3260/2783 1758/3311/2784
f 124/782/2785 2133/845/2786 2132/847/2787 121/798/2788
f 1016/4798/2789 1018/4874/2790 1019/4854/2791
f 1016/4614/2792 1019/4790/2793 978/4670/2794
f 1994/1874/2795 1995/1913/2796 1991/1880/2797 1993/1828/2798
f 1019/4854/2799 1018/4874/2800 1020/4974/2801
f 1019/4790/2802 1020/4910/2803 1021/4905/2804
f 1442/3021/2805 1438/3063/2806 1437/3069/2807 1441/3026/2808
f 964/393/2809 947/317/2810 963/340/2811 962/415/2812
f 501/2529/2813 634/2520/2814 632/2406/2815 633/2438/2816
f 1022/5053/2817 1024/5100/2818 1025/5008/2819
f 1022/4818/2820 1025/4661/2821 971/4755/2822
f 551/3906/2823 586/3932/2824 590/3911/2825 552/3867/2826
f 1859/4450/2827 1771/4421/2828 1769/4399/2829 1770/4424/2830
f 1838/4465/2831 1795/4494/2832 1835/4563/2833 1837/4530/2834
f 771/5165/2835 777/5014/2836 1681/5017/2837 772/5172/2838
f 1028/4970/2839 1027/5047/2840 1029/5064/2841
f 1028/1585/2842 1029/1653/2843 1030/1654/2844
f 1028/1585/2845 1030/1654/2846 664/1659/2847
f 1028/4970/2848 664/4887/2849 663/4889/2850
f 1666/3746/2851 1664/3738/2852 1663/3676/2853 1662/3683/2854
f 351/505/2855 500/512/2856 2279/381/2857 347/361/2858
f 2142/1854/2859 2114/1941/2860 2140/1980/2861 2139/1879/2862
f 546/2615/2863 579/2675/2864 583/2757/2865 488/2681/2866
f 1119/3723/2867 905/3681/2868 1118/3615/2869 1106/3658/2870
f 434/4501/2871 2284/4523/2872 2298/4622/2873 435/4623/2874
f 2516/524/2875 395/559/2876 2517/594/2877 2515/577/2878
f 856/4963/2879 2602/4940/2880 2533/4911/2881 857/4939/2882
f 1034/462/2883 1026/441/2884 1037/335/2885
f 1034/627/2886 1037/575/2887 1035/558/2888
f 1037/335/2889 1038/183/2890 1039/193/2891
f 1037/575/2892 1039/479/2893 1035/558/2894
f 1823/3448/2895 54/3443/2896 1829/3315/2897 1827/3325/2898
f 2054/585/2899 1697/564/2900 2051/392/2901 2053/409/2902
f 953/834/2903 954/852/2904 951/791/2905 950/727/2906
f 459/498/2907 2293/688/2908 2292/640/2909 460/469/2910
f 190/2377/2911 191/2306/2912 186/2351/2913 189/2435/2914
f 1677/2589/2915 1678/2572/2916 1507/2569/2917 1676/2588/2918
f 509/4727/2919 2328/4654/2920 2373/4721/2921 510/4807/2922
f 416/4487/2923 853/4508/2924 850/4483/2925 417/4452/2926
f 1046/2706/2927 1006/2795/2928 1047/2751/2929
f 1046/4897/2930 1047/5037/2931 1044/5005/2932
f 409/2517/2933 408/2586/2934 493/2620/2935 499/2531/2936
f 1110/2195/2937 922/2289/2938 1109/2311/2939 1108/2196/2940
f 1161/672/2941 1167/548/2942 1330/547/2943 1332/659/2944
f 307/2938/2945 306/2931/2946 315/3007/2947 314/3016/2948
f 652/3366/2949 651/3270/2950 1102/3249/2951 1096/3369/2952
f 2182/3099/2953 2183/3098/2954 2179/3157/2955 2178/3164/2956
f 584/4010/2957 581/4012/2958 2552/3959/2959 589/3955/2960
f 1166/1030/2961 1165/937/2962 1170/971/2963 1173/1080/2964
f 654/3672/2965 1080/3692/2966 1083/3653/2967 655/3623/2968
f 1229/1263/2969 1230/1265/2970 1227/1391/2971 1225/1393/2972
f 1411/1798/2973 1410/1792/2974 1484/1909/2975 1488/1918/2976
f 2295/2691/2977 1349/2695/2978 2293/2568/2979 2294/2559/2980
f 1140/4172/2981 1131/4225/2982 1137/4202/2983 1139/4142/2984
f 1142/4082/2985 1141/4059/2986 1174/3975/2987 1169/3997/2988
f 941/4938/2989 938/5006/2990 937/4995/2991 940/4924/2992
f 2272/185/2993 1430/188/2994 2275/267/2995 2273/262/2996
f 1062/520/2997 1061/420/2998 1063/402/2999
f 1062/2614/3000 1063/2539/3001 1064/2631/3002
f 1062/2614/3003 1064/2631/3004 1065/2668/3005
f 1062/3424/3006 1065/3595/3007 1033/3568/3008
f 1062/3424/3009 1033/3568/3010 1032/3535/3011
f 1062/520/3012 1032/613/3013 1036/545/3014
f 1065/2668/3015 1064/2631/3016 1066/2661/3017
f 1065/4287/3018 1066/4161/3019 1067/4326/3020
f 2315/4242/3021 440/4181/3022 439/4162/3023 2311/4216/3024
f 2450/2490/3025 2454/2502/3026 2472/2374/3027 2451/2434/3028
f 1067/2722/3029 1066/2661/3030 1068/2700/3031
f 1067/4326/3032 1068/4324/3033 631/4422/3034
f 547/2152/3035 544/2055/3036 542/2026/3037 541/2133/3038
f 1068/2700/3039 1069/2599/3040 928/2659/3041
f 1068/2700/3042 628/2761/3043 622/2835/3044
f 1068/4324/3045 622/4511/3046 631/4422/3047
f 268/4477/3048 325/4509/3049 1619/4449/3050 264/4428/3051
f 1070/2283/3052 1071/2213/3053 618/2172/3054
f 1070/2564/3055 618/2523/3056 1069/2599/3057
f 613/3569/3058 655/3623/3059 1083/3653/3060 609/3600/3061
f 1070/2564/3062 1063/2539/3063 1072/2451/3064
f 1070/2283/3065 1072/2262/3066 1071/2213/3067
f 2003/943/3068 2004/859/3069 2001/869/3070 2000/954/3071
f 1072/287/3072 1063/402/3073 1061/420/3074
f 1072/2262/3075 1061/2327/3076 1060/2267/3077
f 827/1966/3078 828/2051/3079 826/2058/3080 825/1982/3081
f 1075/3449/3082 1076/3392/3083 1077/3415/3084
f 1075/2228/3085 1077/2162/3086 1073/2212/3087
f 2198/4088/3088 2197/4126/3089 2249/4071/3090 2202/4041/3091
f 1685/5009/3092 1686/5174/3093 1684/5171/3094 1683/5013/3095
f 2036/4920/3096 1679/4934/3097 2035/4779/3098 2034/4768/3099
f 537/502/3100 536/465/3101 2343/561/3102 2345/581/3103
f 163/4531/3104 164/4528/3105 157/4350/3106 160/4359/3107
f 1608/4745/3108 1609/4674/3109 1607/4666/3110 1606/4730/3111
f 825/940/3112 826/935/3113 822/861/3114 824/886/3115
f 2455/1461/3116 2447/1484/3117 2462/1414/3118 2459/1389/3119
f 1081/2190/3120 1082/2191/3121 1083/2253/3122
f 1081/3731/3123 1083/3653/3124 1080/3692/3125
f 1331/654/3126 1329/549/3127 1371/567/3128 1334/662/3129
f 1599/4593/3130 1600/4655/3131 1598/4602/3132 1596/4555/3133
f 2587/4053/3134 2584/4023/3135 2583/4086/3136 2586/4127/3137
f 1194/3512/3138 1189/3499/3139 1192/3607/3140 1193/3608/3141
f 538/414/3142 536/465/3143 532/396/3144 535/355/3145
f 1089/3108/3146 1090/3214/3147 1091/3243/3148
f 1089/1994/3149 1091/2067/3150 1086/2079/3151
f 558/4168/3152 561/4191/3153 562/4133/3154 555/4087/3155
f 306/2931/3156 305/2856/3157 1595/2873/3158 1597/2950/3159
f 166/1368/3160 1513/1401/3161 1518/1376/3162 167/1331/3163
f 1321/1178/3164 1320/1192/3165 1383/1247/3166 1323/1231/3167
f 2155/5112/3168 2012/5090/3169 2152/5301/3170 2154/5287/3171
f 1094/4900/3172 931/4764/3173 930/4765/3174
f 1094/1051/3175 930/1050/3176 1095/984/3177
f 1094/2035/3178 1095/2062/3179 1091/2067/3180
f 1094/4900/3181 1091/5026/3182 1090/5020/3183
f 1603/4753/3184 1604/4707/3185 1602/4665/3186 1601/4701/3187
f 855/4975/3188 856/4963/3189 854/4960/3190 853/4989/3191
f 1095/984/3192 612/900/3193 611/862/3194
f 1095/2062/3195 611/2184/3196 1091/2067/3197
f 2344/2889/3198 2345/2961/3199 2343/2958/3200 2342/2885/3201
f 374/3540/3202 373/3602/3203 2510/3657/3204 2512/3609/3205
f 2473/2329/3206 2474/2334/3207 2472/2374/3208 2471/2389/3209
f 2476/3263/3210 577/3370/3211 2474/3375/3212 2473/3274/3213
f 982/3413/3214 987/3508/3215 1014/3489/3216 983/3391/3217
f 574/3268/3218 572/3292/3219 568/3343/3220 571/3347/3221
f 1419/2595/3222 1424/2591/3223 1472/2532/3224 1420/2528/3225
f 1083/2253/3226 1082/2191/3227 610/2193/3228
f 1083/2146/3229 610/2207/3230 609/2217/3231
f 498/1569/3232 497/1714/3233 819/1746/3234 818/1592/3235
f 1077/3415/3236 1097/3446/3237 1074/3526/3238
f 1077/2162/3239 1074/2165/3240 1073/2212/3241
f 167/1331/3242 161/1286/3243 157/1318/3244 166/1368/3245
f 348/3202/3246 349/3195/3247 346/3056/3248 347/3078/3249
f 1266/4455/3250 1292/4556/3251 1289/4586/3252 1287/4478/3253
f 1004/2867/3254 1005/2895/3255 1003/2946/3256 1002/2934/3257
f 820/4699/3258 821/4722/3259 818/4568/3260 817/4557/3261
f 1098/3368/3262 1096/3369/3263 1102/3249/3264
f 1098/3899/3265 1102/3833/3266 1099/3809/3267
f 1102/3249/3268 613/3122/3269 608/3079/3270
f 1102/3833/3271 608/3722/3272 1099/3809/3273
f 1463/3203/3274 1464/3170/3275 1462/3140/3276 1461/3176/3277
f 1663/3676/3278 1652/3612/3279 1661/3620/3280 1662/3683/3281
f 2573/194/3282 2574/274/3283 2562/180/3284 2560/136/3285
f 523/1807/3286 549/1868/3287 2555/1819/3288 519/1761/3289
f 876/1087/3290 877/1149/3291 875/1160/3292 874/1102/3293
f 1352/3962/3294 1353/3986/3295 1351/4055/3296 1350/3995/3297
f 1105/2323/3298 1109/2311/3299 614/2501/3300
f 1105/3963/3301 614/4043/3302 621/3954/3303
f 607/3714/3304 608/3722/3305 603/3633/3306 606/3652/3307
f 2501/1013/3308 2497/990/3309 2499/1018/3310 2500/1060/3311
f 2246/438/3312 77/458/3313 2245/428/3314 2182/410/3315
f 1033/3568/3316 673/3660/3317 1031/3638/3318 1032/3535/3319
f 1110/1210/3320 919/1260/3321 918/1293/3322
f 1110/2195/3323 918/2279/3324 922/2289/3325
f 1036/545/3326 1032/613/3327 1034/627/3328 1035/558/3329
f 623/2511/3330 627/2585/3331 937/2656/3332 938/2603/3333
f 1916/1641/3334 1911/1713/3335 1914/1706/3336 1915/1617/3337
f 571/3347/3338 577/3370/3339 2476/3263/3340 574/3268/3341
f 510/2361/3342 511/2337/3343 508/2281/3344 509/2365/3345
f 666/1715/3346 664/1659/3347 1030/1654/3348 667/1718/3349
f 2336/2877/3350 463/2854/3351 2333/2739/3352 2335/2752/3353
f 1117/3524/3354 1118/3615/3355 900/3571/3356
f 433/3121/3357 430/3171/3358 888/3102/3359 886/3040/3360
f 1910/4554/3361 1907/4550/3362 1906/4403/3363 1909/4412/3364
f 1751/151/3365 1750/144/3366 1818/120/3367 1757/130/3368
f 1118/3615/3369 905/3681/3370 901/3655/3371
f 121/798/3372 2132/847/3373 2131/817/3374 122/762/3375
f 653/3333/3376 1076/3392/3377 1078/3332/3378 656/3273/3379
f 1275/2530/3380 1276/2567/3381 1273/2602/3382 1272/2546/3383
f 1482/1907/3384 1483/1908/3385 1481/1794/3386 1480/1795/3387
f 1143/4108/3388 1144/4195/3389 1140/4172/3390 1142/4082/3391
f 2199/3060/3392 2195/3074/3393 2194/2984/3394 2198/2959/3395
f 1151/1867/3396 1152/1830/3397 1150/1827/3398 1149/1866/3399
f 1116/192/3400 1121/283/3401 475/285/3402
f 1116/192/3403 475/285/3404 472/178/3405
f 604/821/3406 612/900/3407 925/956/3408 923/884/3409
f 1195/4137/3410 1193/4171/3411 1192/4163/3412 337/4132/3413
f 388/5266/3414 384/5291/3415 1215/5109/3416 1216/5110/3417
f 1376/1115/3418 1377/1046/3419 1374/1075/3420 1375/1161/3421
f 2177/3165/3422 2178/3164/3423 2174/3271/3424 2173/3277/3425
f 1525/1482/3426 1524/1522/3427 1674/1618/3428 1527/1601/3429
f 1127/5156/3430 1128/5198/3431 1129/5193/3432
f 1127/1678/3433 1129/1648/3434 1124/1693/3435
f 153/1150/3436 152/1217/3437 1415/1193/3438 209/1164/3439
f 2184/3114/3440 2180/3154/3441 2179/3157/3442 2183/3098/3443
f 292/4688/3444 311/4669/3445 1607/4830/3446 1609/4814/3447
f 1028/4970/3448 967/4949/3449 1025/5008/3450 1027/5047/3451
f 1526/3858/3452 1522/3914/3453 1521/3894/3454 1525/3866/3455
f 1133/3160/3456 429/3226/3457 1134/3303/3458
f 1133/5225/3459 1134/5286/3460 1130/5235/3461
f 252/3189/3462 1571/3132/3463 1570/3058/3464 253/3136/3465
f 1865/4930/3466 1761/4983/3467 1759/4935/3468 1760/4876/3469
f 309/1883/3470 272/1765/3471 304/1784/3472 308/1902/3473
f 1134/1361/3474 1137/1328/3475 1131/1294/3476
f 1134/5286/3477 1131/5250/3478 1130/5235/3479
f 1134/3303/3480 429/3226/3481 428/3304/3482
f 1134/1361/3483 428/1433/3484 1135/1404/3485
f 621/3954/3486 620/3976/3487 1098/3899/3488 1101/3876/3489
f 2269/2029/3490 2270/1973/3491 2268/2036/3492 2267/2059/3493
f 1224/1388/3494 1223/1381/3495 1281/1246/3496 1285/1258/3497
f 1642/2702/3498 1643/2743/3499 1641/2677/3500 1640/2643/3501
f 1140/4172/3502 1144/4195/3503 1132/4252/3504
f 1140/5275/3505 1132/5211/3506 1131/5250/3507
f 48/875/3508 36/752/3509 2017/757/3510 2016/846/3511
f 985/464/3512 984/542/3513 2492/550/3514 988/463/3515
f 1146/4200/3516 1145/4131/3517 1147/4193/3518
f 1146/1786/3519 1147/1860/3520 1148/1810/3521
f 462/1455/3522 2294/1527/3523 2293/1427/3524 459/1373/3525
f 191/2306/3526 190/2377/3527 2135/2301/3528 2134/2273/3529
f 295/186/3530 291/127/3531 285/119/3532 290/199/3533
f 2201/4230/3534 2200/4235/3535 2206/4036/3536 2259/4033/3537
f 1301/5069/3538 1302/5070/3539 1300/4967/3540 1299/4972/3541
f 1712/4199/3542 1713/4284/3543 1711/4309/3544 1710/4239/3545
f 1152/4462/3546 1153/4506/3547 473/4493/3548
f 1152/1063/3549 473/1126/3550 469/1064/3551
f 299/2091/3552 320/2076/3553 323/2143/3554 302/2160/3555
f 1153/4506/3556 1154/4590/3557 1155/4564/3558
f 1153/4506/3559 1155/4564/3560 473/4493/3561
f 1155/4564/3562 1154/4590/3563 504/4636/3564
f 1155/3837/3565 504/3710/3566 904/3754/3567
f 1155/3837/3568 904/3754/3569 903/3786/3570
f 1155/809/3571 903/747/3572 909/796/3573
f 2281/2683/3574 2282/2685/3575 2280/2780/3576 1356/2778/3577
f 210/5003/3578 1407/5086/3579 1406/5072/3580 212/4978/3581
f 2430/3193/3582 2431/3211/3583 2429/3307/3584 2428/3281/3585
f 1151/1867/3586 1157/1925/3587 406/1928/3588
f 1151/4454/3589 406/4553/3590 412/4532/3591
f 2151/682/3592 149/624/3593 2150/580/3594 192/646/3595
f 1157/2136/3596 1159/2189/3597 407/2161/3598
f 1157/1925/3599 407/2012/3600 406/1928/3601
f 1045/2073/3602 1044/1992/3603 1047/2005/3604 1050/2078/3605
f 1159/856/3606 354/814/3607 361/858/3608
f 1159/4330/3609 361/4153/3610 407/4269/3611
f 822/4744/3612 498/4574/3613 818/4568/3614 821/4722/3615
f 1400/1812/3616 1398/1940/3617 1397/1945/3618 1307/1818/3619
f 1162/4079/3620 1163/4047/3621 1164/3980/3622
f 1162/1927/3623 1164/2015/3624 1160/2011/3625
f 823/831/3626 824/886/3627 822/861/3628 821/765/3629
f 1162/1927/3630 1147/1860/3631 1145/1848/3632
f 1162/4079/3633 1145/4131/3634 1163/4047/3635
f 1100/3788/3636 1101/3876/3637 1098/3899/3638 1099/3809/3639
f 138/4049/3640 137/4256/3641 2261/4236/3642 1448/4037/3643
f 423/2753/3644 422/2806/3645 1247/2773/3646 1245/2703/3647
f 2357/4311/3648 2355/4211/3649 2426/4218/3650 2425/4316/3651
f 1542/4260/3652 1540/4348/3653 1539/4331/3654 1541/4259/3655
f 2288/4221/3656 2287/4295/3657 2320/4333/3658 2322/4268/3659
f 2139/2556/3660 2140/2642/3661 2138/2611/3662 2137/2536/3663
f 1309/2952/3664 1190/2844/3665 1306/2840/3666 1308/2943/3667
f 1236/4625/3668 1237/4682/3669 1235/4703/3670 1234/4642/3671
f 2468/1863/3672 2469/1969/3673 2458/1964/3674 2467/1851/3675
f 1435/3575/3676 1436/3483/3677 1432/3470/3678 1431/3564/3679
f 1477/1673/3680 1476/1667/3681 2227/1793/3682 1479/1790/3683
f 1177/1299/3684 1178/1345/3685 1179/1321/3686
f 1177/4019/3687 1179/3927/3688 1175/3946/3689
f 1177/4019/3690 1141/4059/3691 1139/4142/3692
f 1177/1299/3693 1139/1297/3694 1138/1336/3695
f 1727/2045/3696 1728/1981/3697 1726/1967/3698 1725/2040/3699
f 472/178/3700 471/131/3701 1114/133/3702 1116/192/3703
f 1397/1972/3704 1395/2120/3705 1394/2122/3706 1310/1971/3707
f 923/884/3708 924/938/3709 921/921/3710 920/874/3711
f 1665/4914/3712 1664/4917/3713 1668/4866/3714 1514/4847/3715
f 1296/4122/3716 1297/4111/3717 1295/3994/3718 743/4001/3719
f 94/699/3720 90/706/3721 89/670/3722 93/665/3723
f 2332/3667/3724 2334/3587/3725 2333/3618/3726 2331/3700/3727
f 1786/4869/3728 1780/5063/3729 1784/5052/3730 1785/4855/3731
f 1127/1678/3732 1124/1693/3733 1123/1738/3734 1122/1722/3735
f 1188/3537/3736 428/3417/3737 375/3400/3738
f 1188/3537/3739 375/3400/3740 372/3514/3741
f 2263/2997/3742 2191/2990/3743 2262/3082/3744 142/3091/3745
f 1188/3537/3746 345/3597/3747 344/3604/3748
f 1186/3507/3749 1189/3499/3750 1190/3405/3751
f 1186/2808/3752 1190/2844/3753 1191/2858/3754
f 1186/2808/3755 1191/2858/3756 1182/2871/3757
f 1186/1419/3758 1182/1380/3759 1181/1403/3760
f 1186/31/3761 1185/32/3762 1192/66/3763
f 1186/3507/3764 1192/3607/3765 1189/3499/3766
f 1118/3615/3767 901/3655/3768 898/3628/3769 900/3571/3770
f 30/2734/3771 16/2770/3772 26/2774/3773 29/2750/3774
f 1769/4399/3775 1765/4396/3776 1764/4371/3777 1768/4378/3778
f 2328/4784/3779 2329/4822/3780 2327/4937/3781 2326/4893/3782
f 2311/4216/3783 438/4138/3784 2308/4125/3785 2310/4204/3786
f 1848/1379/3787 1846/1397/3788 1905/1532/3789 1903/1518/3790
f 1199/695/3791 1200/720/3792 1201/701/3793
f 664/1659/3794 645/1677/3795 649/1630/3796 663/1597/3797
f 2113/1954/3798 2071/1935/3799 2070/2020/3800 2073/2024/3801
f 1264/3070/3802 444/3044/3803 1261/2982/3804 1263/2999/3805
f 987/3508/3806 982/3413/3807 986/3445/3808 686/3548/3809
f 1936/2920/3810 1934/2881/3811 1972/2922/3812 1939/2973/3813
f 1702/1107/3814 742/1098/3815 1699/1024/3816 1701/1025/3817
f 1207/2144/3818 1208/2254/3819 1209/2249/3820
f 1207/2862/3821 1209/2876/3822 1205/2887/3823
f 1207/801/3824 340/779/3825 339/805/3826
f 1207/3038/3827 339/3183/3828 420/3037/3829
f 1207/3038/3830 420/3037/3831 419/2910/3832
f 1207/2144/3833 419/2256/3834 1208/2254/3835
f 36/752/3836 48/875/3837 45/868/3838 32/785/3839
f 1209/65/3840 1211/13/3841 1206/61/3842
f 1209/2876/3843 1206/2899/3844 1205/2887/3845
f 1451/2644/3846 1445/2729/3847 1447/2731/3848 1450/2647/3849
f 1212/5083/3850 1213/5214/3851 763/5200/3852
f 306/2931/3853 307/2938/3854 304/2864/3855 305/2856/3856
f 1212/2375/3857 1208/2254/3858 419/2256/3859
f 1212/72/3860 419/41/3861 1214/4/3862
f 1212/5083/3863 1214/5089/3864 387/5236/3865
f 1212/5083/3866 387/5236/3867 1213/5214/3868
f 1214/4277/3869 419/4430/3870 413/4439/3871
f 1214/4277/3872 413/4439/3873 1215/4271/3874
f 1214/5089/3875 1215/5109/3876 384/5291/3877
f 1214/5089/3878 384/5291/3879 387/5236/3880
f 2536/2142/3881 2532/2097/3882 2531/2025/3883 2535/2068/3884
f 2283/2057/3885 1340/2155/3886 2280/2124/3887 2282/2022/3888
f 1081/3731/3889 1080/3692/3890 1079/3735/3891 1051/3781/3892
f 912/711/3893 908/758/3894 907/721/3895 911/685/3896
f 1166/1030/3897 1173/1080/3898 1326/1139/3899 1328/1097/3900
f 743/4001/3901 744/3919/3902 740/3926/3903 739/4014/3904
f 846/4390/3905 845/4249/3906 1216/4272/3907 418/4407/3908
f 418/4407/3909 417/4452/3910 847/4446/3911 846/4390/3912
f 1022/4904/3913 974/4796/3914 1019/4790/3915 1021/4905/3916
f 2190/2989/3917 2196/3075/3918 2262/3082/3919 2191/2990/3920
f 1222/1576/3921 1224/1388/3922 1225/1393/3923
f 1222/256/3924 1225/175/3925 1226/258/3926
f 655/3150/3927 613/3122/3928 1102/3249/3929 651/3270/3930
f 2499/1018/3931 2497/990/3932 2496/952/3933 879/1015/3934
f 1226/258/3935 1228/255/3936 391/310/3937
f 1226/258/3938 391/310/3939 390/328/3940
f 317/4613/3941 316/4559/3942 1598/4602/3943 1602/4665/3944
f 1024/431/3945 1023/319/3946 1037/335/3947 1026/441/3948
f 363/509/3949 788/651/3950 1231/619/3951 364/485/3952
f 2428/3281/3953 2427/3251/3954 2460/3167/3955 2430/3193/3956
f 1098/3368/3957 620/3456/3958 1097/3446/3959 1096/3369/3960
f 1231/2292/3961 1230/2356/3962 1232/2341/3963
f 1231/619/3964 1232/445/3965 364/485/3966
f 2024/3087/3967 2023/3023/3968 2094/3101/3969 2093/3151/3970
f 2558/2678/3971 2559/2665/3972 2556/2626/3973 2557/2624/3974
f 1232/2341/3975 1233/2373/3976 1234/2357/3977
f 1232/4735/3978 1234/4642/3979 1235/4703/3980
f 2353/3350/3981 2354/3376/3982 2352/3314/3983 2351/3296/3984
f 2397/919/3985 2396/934/3986 2479/879/3987 2400/883/3988
f 1235/4703/3989 1237/4682/3990 368/4752/3991
f 1235/370/3992 368/365/3993 365/404/3994
f 2125/3756/3995 1976/3785/3996 2124/3847/3997 185/3803/3998
f 2548/3898/3999 2553/3783/4000 2551/3787/4001 2549/3902/4002
f 436/1615/4003 435/1658/4004 2299/1563/4005 2300/1526/4006
f 2088/1057/4007 2084/1138/4008 2086/1120/4009 2087/1055/4010
f 1240/2652/4011 1243/2711/4012 1244/2636/4013
f 1240/329/4014 1244/379/4015 1241/401/4016
f 833/2031/4017 1274/1952/4018 1277/1947/4019 1278/2019/4020
f 738/4140/4021 739/4014/4022 735/4020/4023 734/4160/4024
f 2319/5057/4025 2318/4903/4026 2325/4881/4027 2321/5039/4028
f 1246/2183/4029 796/2164/4030 793/2108/4031
f 1246/444/4032 793/610/4033 792/477/4034
f 1424/2591/4035 1419/2595/4036 1422/2649/4037 1423/2653/4038
f 957/974/4039 958/967/4040 956/910/4041 955/912/4042
f 1701/1074/4043 1700/1078/4044 2057/1130/4045 1703/1119/4046
f 935/4773/4047 933/4769/4048 1093/4899/4049 995/4898/4050
f 1042/2159/4051 1038/2135/4052 1040/2053/4053 1041/2074/4054
f 1253/2291/4055 1254/2305/4056 1252/2270/4057 1251/2263/4058
f 1579/3279/4059 1578/3229/4060 1672/3179/4061 1581/3233/4062
f 1252/1429/4063 1254/1456/4064 1255/1283/4065
f 1252/2239/4066 1255/2293/4067 806/2302/4068
f 2411/3656/4069 2407/3594/4070 2406/3549/4071 2410/3606/4072
f 1255/1283/4073 1254/1456/4074 1256/1487/4075
f 1255/4685/4076 1256/4780/4077 820/4699/4078
f 144/1302/4079 2129/1242/4080 2127/1269/4081 145/1329/4082
f 1256/2363/4083 1254/2305/4084 1253/2291/4085
f 1256/1127/4086 1253/965/4087 1257/928/4088
f 1256/1127/4089 1257/928/4090 448/917/4091
f 1256/770/4092 448/873/4093 823/831/4094
f 1256/770/4095 823/831/4096 821/765/4097
f 1256/4780/4098 821/4722/4099 820/4699/4100
f 1049/2084/4101 1084/2085/4102 1081/2190/4103 1051/2186/4104
f 2540/2971/4105 2541/2913/4106 2539/2868/4107 2538/2919/4108
f 1114/1069/4109 471/1092/4110 1112/1148/4111 1111/1122/4112
f 616/2114/4113 615/2033/4114 921/2018/4115 924/2098/4116
f 137/3261/4117 142/3091/4118 2262/3082/4119 2261/3267/4120
f 2014/2823/4121 2013/2902/4122 2096/2962/4123 2018/2896/4124
f 103/3888/4125 104/3849/4126 101/3840/4127 102/3907/4128
f 648/1839/4129 670/1858/4130 672/2007/4131 630/1943/4132
f 81/4840/4133 84/4885/4134 2163/4985/4135 2164/4942/4136
f 910/3801/4137 911/3882/4138 907/3827/4139 906/3750/4140
f 1268/4267/4141 1267/4384/4142 1271/4394/4143
f 1268/2554/4144 1271/2506/4145 1272/2546/4146
f 2067/1202/4147 2068/1266/4148 2066/1249/4149 2065/1158/4150
f 1273/5160/4151 1274/5230/4152 829/5297/4153
f 1273/2602/4154 829/2716/4155 1269/2617/4156
f 1177/4019/4157 1175/3946/4158 1174/3975/4159 1141/4059/4160
f 1273/2602/4161 1276/2567/4162 1277/2625/4163
f 1273/5160/4164 1277/5163/4165 1274/5230/4166
f 1060/962/4167 1061/966/4168 1059/903/4169 1058/902/4170
f 1277/2625/4171 1276/2567/4172 1279/2548/4173
f 1277/1341/4174 1279/1230/4175 1280/1358/4176
f 1277/1341/4177 1280/1358/4178 1220/1571/4179
f 1277/1947/4180 1220/2000/4181 1278/2019/4182
f 2081/1042/4183 2085/942/4184 2103/976/4185 2082/1081/4186
f 801/2250/4187 802/2308/4188 798/2314/4189 797/2258/4190
f 2268/2036/4191 2181/2077/4192 2265/2103/4193 2267/2059/4194
f 2467/1194/4195 2420/1084/4196 2482/1082/4197 2468/1185/4198
f 1250/2265/4199 1251/2263/4200 1249/2219/4201 1248/2226/4202
f 1700/1078/4203 1701/1074/4204 1699/1007/4205 1698/1006/4206
f 960/378/4207 961/400/4208 959/320/4209 958/291/4210
f 2309/4201/4211 2307/4117/4212 2353/4119/4213 2356/4205/4214
f 959/930/4215 659/896/4216 956/910/4217 958/967/4218
f 1172/1094/4219 1173/1080/4220 1170/971/4221 1171/991/4222
f 1930/2372/4223 1925/2395/4224 1928/2417/4225 1929/2400/4226
f 598/4285/4227 557/4164/4228 2594/4157/4229 2596/4283/4230
f 1059/903/4231 1039/855/4232 1056/866/4233 1058/902/4234
f 2454/1616/4235 2450/1626/4236 2452/1551/4237 2453/1543/4238
f 1425/2704/4239 1426/2715/4240 1422/2649/4241 1421/2635/4242
f 552/3867/4243 590/3911/4244 2551/3885/4245 2553/3831/4246
f 2400/2733/4247 2401/2765/4248 2398/2669/4249 2397/2655/4250
f 2406/643/4251 2403/556/4252 2402/514/4253 2405/606/4254
f 318/4656/4255 317/4613/4256 1602/4665/4257 1604/4707/4258
f 1977/2518/4259 1976/2467/4260 2125/2299/4261 1979/2358/4262
f 1166/1030/4263 1167/1000/4264 1164/920/4265 1165/937/4266
f 625/598/4267 624/478/4268 644/495/4269 643/593/4270
f 1289/4586/4271 1292/4556/4272 426/4621/4273
f 1289/4470/4274 426/4507/4275 425/4546/4276
f 1292/4556/4277 1266/4455/4278 1263/4435/4279
f 1292/2936/4280 1263/2999/4281 1262/2928/4282
f 1668/1528/4283 1667/1565/4284 1671/1549/4285 1519/1492/4286
f 2037/5111/4287 2038/5115/4288 2036/5142/4289 2034/5135/4290
f 2427/3251/4291 2457/3215/4292 2456/3147/4293 2460/3167/4294
f 1634/1362/4295 1635/1304/4296 1633/1257/4297 1632/1334/4298
f 1583/3362/4299 1559/3385/4300 1580/3329/4301 1582/3299/4302
f 1270/2633/4303 827/2738/4304 825/2759/4305
f 1270/372/4306 825/277/4307 446/313/4308
f 1553/4186/4309 1552/4073/4310 1568/4081/4311 1564/4188/4312
f 703/4776/4313 697/4945/4314 701/4952/4315 702/4762/4316
f 2546/2486/4317 468/2455/4318 2543/2521/4319 2545/2544/4320
f 1293/102/4321 1250/169/4322 1248/159/4323
f 1293/2843/4324 1248/2730/4325 1247/2773/4326
f 1329/4922/4327 1330/4861/4328 1328/4950/4329 1327/5030/4330
f 965/474/4331 641/483/4332 961/400/4333 960/378/4334
f 2039/2646/4335 1682/2630/4336 2036/2627/4337 2038/2640/4338
f 2321/2857/4339 2322/2916/4340 2320/2924/4341 2319/2866/4342
f 2017/2810/4343 2011/2847/4344 2015/2912/4345 2016/2882/4346
f 791/500/4347 1241/401/4348 1244/379/4349 792/477/4350
f 636/2376/4351 633/2438/4352 632/2406/4353 635/2352/4354
f 94/4575/4355 1883/4569/4356 1882/4536/4357 1854/4535/4358
f 403/4538/4359 402/4472/4360 1288/4440/4361 1290/4496/4362
f 1720/2049/4363 1724/2046/4364 1723/1968/4365 1721/1955/4366
f 1213/4032/4367 387/4015/4368 386/4120/4369
f 1213/4032/4370 386/4120/4371 768/4124/4372
f 1211/2154/4373 758/2252/4374 754/2246/4375
f 1211/2154/4376 753/2150/4377 1294/2064/4378
f 1211/7/4379 1294/8/4380 1206/67/4381
f 1294/2064/4382 753/2150/4383 749/2145/4384
f 1294/2/4385 749/74/4386 748/75/4387
f 1038/793/4388 1042/790/4389 1056/866/4390 1039/855/4391
f 2003/943/4392 2102/1053/4393 2101/1071/4394 2100/946/4395
f 1295/666/4396 748/705/4397 744/669/4398
f 1295/3994/4399 744/3919/4400 743/4001/4401
f 1776/797/4402 1770/826/4403 1774/841/4404 1775/815/4405
f 1295/3994/4406 1297/4111/4407 1202/4099/4408
f 1297/4111/4409 1296/4122/4410 213/4182/4411
f 1297/4111/4412 213/4182/4413 1298/4169/4414
f 138/2960/4415 1443/2996/4416 1442/3128/4417 139/3050/4418
f 114/3865/4419 113/3933/4420 2123/3901/4421 2124/3847/4422
f 1298/4848/4423 1299/4972/4424 1300/4967/4425
f 1298/4169/4426 1300/4190/4427 1203/4156/4428
f 2484/4720/4429 2485/4813/4430 2412/4850/4431 2483/4747/4432
f 2032/3776/4433 1500/3759/4434 1499/3755/4435 1498/3767/4436
f 397/552/4437 393/604/4438 392/565/4439 396/516/4440
f 1303/5056/4441 1302/5070/4442 1304/5113/4443
f 1303/2777/4444 1304/2813/4445 1305/2832/4446
f 1303/2777/4447 1305/2832/4448 1306/2840/4449
f 1303/3520/4450 1306/3480/4451 1194/3512/4452
f 1390/4332/4453 1386/4353/4454 1388/4347/4455 1389/4322/4456
f 2092/2705/4457 2090/2793/4458 2089/2792/4459 2043/2710/4460
f 2024/3087/4461 2093/3151/4462 2095/3169/4463 2025/3112/4464
f 1306/2840/4465 1190/2844/4466 1189/2797/4467
f 1306/3480/4468 1189/3499/4469 1194/3512/4470
f 1309/2952/4471 1308/2943/4472 1310/2992/4473
f 1309/756/4474 1310/680/4475 1311/702/4476
f 1309/756/4477 1311/702/4478 1312/716/4479
f 1309/2952/4480 1312/3054/4481 1313/2970/4482
f 988/463/4483 2492/550/4484 2491/576/4485 990/470/4486
f 842/953/4487 839/1022/4488 838/1131/4489 841/1045/4490
f 2089/838/4491 2087/768/4492 2086/980/4493 2046/1014/4494
f 1315/1040/4495 1314/1076/4496 1316/1058/4497
f 1315/1350/4498 1316/1300/4499 1179/1321/4500
f 1334/662/4501 1371/567/4502 1368/584/4503 1363/678/4504
f 2208/3236/4505 2207/3072/4506 2255/3045/4507 2212/3232/4508
f 794/2095/4509 787/2038/4510 790/2071/4511 793/2108/4512
f 1316/1058/4513 1176/1016/4514 1175/979/4515
f 1316/3868/4516 1175/3946/4517 1179/3927/4518
f 1211/2154/4519 754/2246/4520 750/2243/4521 753/2150/4522
f 1133/5225/4523 1130/5235/4524 1129/5193/4525 1128/5198/4526
f 1586/3617/4527 1661/3620/4528 1656/3557/4529 1588/3550/4530
f 346/2381/4531 814/2481/4532 813/2515/4533 350/2452/4534
f 1051/2186/4535 1052/2180/4536 1050/2078/4537 1049/2084/4538
f 1703/1052/4539 1704/1118/4540 1702/1107/4541 1701/1025/4542
f 1326/5151/4543 1325/5123/4544 1327/5030/4545
f 1326/1139/4546 1327/1116/4547 1328/1097/4548
f 141/2221/4549 140/2179/4550 2266/2096/4551 2264/2148/4552
f 710/4947/4553 709/5029/4554 2162/5010/4555 714/4928/4556
f 53/3436/4557 1830/3335/4558 1829/3315/4559 54/3443/4560
f 1631/1372/4561 1632/1334/4562 1630/1307/4563 1629/1346/4564
f 97/1434/4565 126/1394/4566 719/1335/4567 100/1363/4568
f 1460/3883/4569 1458/4011/4570 2218/4016/4571 2217/3890/4572
f 242/3308/4573 240/3238/4574 236/3231/4575 239/3306/4576
f 1096/3369/4577 1097/3446/4578 1077/3415/4579 652/3366/4580
f 452/2861/4581 451/2805/4582 2539/2868/4583 2541/2913/4584
f 535/355/4585 2303/304/4586 2341/364/4587 538/414/4588
f 2447/1484/4589 2455/1461/4590 2452/1551/4591 2448/1560/4592
f 977/453/4593 983/358/4594 1016/346/4595 978/451/4596
f 1426/189/4597 1425/265/4598 2275/267/4599 1430/188/4600
f 1349/2695/4601 1347/2694/4602 2292/2576/4603 2293/2568/4604
f 911/2205/4605 910/2199/4606 1120/2326/4607 915/2317/4608
f 1639/4783/4609 1653/4781/4610 1650/4698/4611 1645/4704/4612
f 876/1087/4613 874/1102/4614 2499/1018/4615 879/1015/4616
f 552/3867/4617 549/3836/4618 548/3878/4619 551/3906/4620
f 1341/2175/4621 1340/2155/4622 2283/2057/4623 1343/2089/4624
f 1348/2783/4625 1347/2694/4626 1349/2695/4627
f 1348/4050/4628 1349/3945/4629 1350/3995/4630
f 197/4025/4631 196/4115/4632 1457/4105/4633 1459/4013/4634
f 968/4877/4635 967/4949/4636 1028/4970/4637 663/4889/4638
f 2265/3252/4639 2186/3162/4640 2263/3159/4641 2264/3240/4642
f 1862/3153/4643 1766/3197/4644 1764/3208/4645 1765/3177/4646
f 1353/3986/4647 1352/3962/4648 1354/3920/4649
f 1353/4662/4650 1354/4709/4651 1355/4705/4652
f 1353/4662/4653 1355/4705/4654 378/4690/4655
f 1353/4662/4656 378/4690/4657 377/4657/4658
f 1355/4705/4659 1354/4709/4660 1356/4778/4661
f 1355/4705/4662 1356/4778/4663 1357/4760/4664
f 1355/4705/4665 1357/4760/4666 1358/4758/4667
f 1355/4705/4668 1358/4758/4669 378/4690/4670
f 1358/4758/4671 1359/4788/4672 379/4700/4673
f 1358/4758/4674 379/4700/4675 378/4690/4676
f 114/2303/4677 1974/2396/4678 1973/2453/4679 115/2370/4680
f 198/4044/4681 197/4025/4682 1462/3897/4683 1466/3937/4684
f 1362/731/4685 1363/678/4686 1364/698/4687
f 1362/3394/4688 1364/3365/4689 1359/3373/4690
f 1561/3626/4691 1558/3686/4692 1557/3694/4693 1555/3631/4694
f 2346/2901/4695 2344/2889/4696 2414/2786/4697 2416/2790/4698
f 1266/4455/4699 1267/4384/4700 1264/4372/4701 1263/4435/4702
f 1364/3365/4703 1367/3291/4704 379/3323/4705
f 1364/3365/4706 379/3323/4707 1359/3373/4708
f 1364/698/4709 1363/678/4710 1368/584/4711
f 1364/3365/4712 1368/3428/4713 1365/3402/4714
f 1368/4927/4715 1369/5033/4716 1370/5019/4717
f 1368/3428/4718 1370/3478/4719 1365/3402/4720
f 2260/4227/4721 2201/4230/4722 2259/4033/4723 1449/4027/4724
f 1258/857/4725 1259/844/4726 1257/928/4727 1253/965/4728
f 1629/4683/4729 1630/4706/4730 1625/4774/4731 1624/4737/4732
f 1881/2360/4733 1880/2259/4734 1884/2233/4735 1887/2319/4736
f 1582/3299/4737 1581/3233/4738 1669/3188/4739 1584/3255/4740
f 786/611/4741 333/691/4742 783/641/4743 785/582/4744
f 1374/1075/4745 1377/1046/4746 1370/927/4747
f 1374/5131/4748 1370/5019/4749 1369/5033/4750
f 1398/1974/4751 1402/1977/4752 1491/2123/4753 1399/2119/4754
f 1378/3259/4755 1379/3174/4756 1380/3220/4757
f 1378/3574/4758 1380/3498/4759 1375/3485/4760
f 539/1502/4761 554/1413/4762 565/1420/4763 540/1506/4764
f 1378/1278/4765 1324/1222/4766 1323/1231/4767
f 1378/3259/4768 1323/3135/4769 1379/3174/4770
f 678/3923/4771 679/3950/4772 674/3908/4773 677/3859/4774
f 1379/1288/4775 1323/1231/4776 1383/1247/4777
f 1379/3115/4778 1383/3295/4779 1381/3196/4780
f 913/1289/4781 919/1260/4782 1113/1180/4783 914/1221/4784
f 348/3202/4785 1366/3317/4786 1628/3312/4787 349/3195/4788
f 1383/1247/4789 1320/1192/4790 1385/1201/4791
f 1383/3295/4792 1385/3430/4793 1384/3357/4794
f 1001/3001/4795 1000/3094/4796 1089/3108/4797 1088/3004/4798
f 2362/3353/4799 2312/3463/4800 2359/3442/4801 2361/3338/4802
f 1385/95/4803 1317/27/4804 1388/94/4805
f 1385/4385/4806 1388/4347/4807 1386/4353/4808
f 567/1268/4809 560/1303/4810 564/1351/4811 566/1340/4812
f 1388/1575/4813 1317/1611/4814 1314/1562/4815
f 1388/5078/4816 1314/5241/4817 1312/5258/4818
f 1388/5078/4819 1312/5258/4820 1311/5273/4821
f 1388/4347/4822 1311/4337/4823 1389/4322/4824
f 1390/4332/4825 1391/4296/4826 1392/4366/4827
f 1390/3684/4828 1392/3728/4829 1393/3718/4830
f 1390/3684/4831 1393/3718/4832 1387/3702/4833
f 1390/4332/4834 1387/4417/4835 1386/4353/4836
f 2128/1378/4837 145/1329/4838 2127/1269/4839 2126/1312/4840
f 1596/1464/4841 1594/1512/4842 1660/1443/4843 1599/1412/4844
f 1394/4289/4845 1396/4275/4846 1391/4296/4847
f 1394/4289/4848 1389/4322/4849 1311/4337/4850
f 1394/2122/4851 1311/1970/4852 1310/1971/4853
f 1370/927/4854 1377/1046/4855 1627/1010/4856 1628/908/4857
f 724/555/4858 720/625/4859 722/767/4860 723/707/4861
f 1397/76/4862 1310/10/4863 1308/73/4864
f 1397/2964/4865 1308/2943/4866 1307/2927/4867
f 341/3634/4868 345/3597/4869 2607/3593/4870 2606/3640/4871
f 1242/4647/4872 1243/4728/4873 1240/4743/4874 1239/4667/4875
f 697/4945/4876 703/4776/4877 1745/4793/4878 698/4959/4879
f 188/1801/4880 187/1694/4881 2145/1683/4882 2143/1775/4883
f 149/1447/4884 146/1396/4885 2149/1441/4886 2150/1505/4887
f 1403/2814/4888 1304/2813/4889 1302/2735/4890
f 1403/5128/4891 1302/5070/4892 1301/5069/4893
f 1403/5128/4894 1301/5069/4895 1406/5072/4896
f 1403/1707/4897 1406/1594/4898 1404/1709/4899
f 623/2511/4900 938/2603/4901 943/2558/4902 624/2463/4903
f 2032/3776/4904 1497/3780/4905 2031/3799/4906 2030/3790/4907
f 1017/4884/4908 1018/4874/4909 1016/4798/4910 1015/4802/4911
f 1149/1866/4912 1147/1860/4913 1162/1927/4914 1156/1922/4915
f 1408/1665/4916 1411/1798/4917 1405/1800/4918
f 1408/1711/4919 1405/1804/4920 1404/1709/4921
f 605/2445/4922 920/2409/4923 917/2300/4924 916/2309/4925
f 1412/2330/4926 1413/2354/4927 1414/2235/4928
f 1412/1639/4929 1414/1724/4930 1409/1720/4931
f 1412/5102/4932 1407/5086/4933 210/5003/4934
f 1412/1218/4935 210/1088/4936 209/1164/4937
f 1412/1218/4938 209/1164/4939 1415/1193/4940
f 1412/2330/4941 1415/2494/4942 1413/2354/4943
f 2144/1734/4944 2118/1820/4945 2142/1854/4946 2143/1775/4947
f 480/4004/4948 479/3971/4949 2577/4048/4950 2579/4075/4951
f 403/4538/4952 404/4565/4953 399/4500/4954 402/4472/4955
f 1174/3975/4956 1171/3910/4957 1170/3935/4958 1169/3997/4959
f 1223/1381/4960 1224/1388/4961 1222/1576/4962 1221/1578/4963
f 1928/2741/4964 1925/2771/4965 1924/2800/4966 1923/2766/4967
f 2043/837/4968 2044/1004/4969 2042/1003/4970 2041/836/4971
f 1991/1880/4972 61/1893/4973 1988/1840/4974 1990/1803/4975
f 2440/806/4976 2441/876/4977 2439/813/4978 2438/744/4979
f 1886/2282/4980 1887/2319/4981 1884/2233/4982 1885/2210/4983
f 340/779/4984 336/753/4985 335/810/4986 339/805/4987
f 1429/3451/4988 1423/3556/4989 1427/3559/4990 1428/3455/4991
f 988/463/4992 989/366/4993 986/374/4994 985/464/4995
f 189/2435/4996 188/2462/4997 2139/2556/4998 2137/2536/4999
f 2525/740/5000 2524/671/5001 2598/652/5002 2529/713/5003
f 678/3923/5004 677/3859/5005 1003/3826/5006 1005/3916/5007
f 758/4292/5008 1211/4180/5009 1209/4185/5010 1210/4299/5011
f 720/625/5012 724/555/5013 1714/437/5014 721/515/5015
f 1442/221/5016 1443/220/5017 1444/125/5018
f 1442/3021/5019 1444/3034/5020 1438/3063/5021
f 1555/4323/5022 1556/4325/5023 1554/4174/5024 1553/4186/5025
f 2123/1638/5026 113/1661/5027 2121/1769/5028 2120/1702/5029
f 707/1717/5030 713/1559/5031 1722/1499/5032 708/1675/5033
f 463/2854/5034 464/2956/5035 455/2957/5036 458/2838/5037
f 613/5234/5038 609/5143/5039 603/5042/5040 608/5127/5041
f 1819/3673/5042 1757/3675/5043 1818/3729/5044 1817/3727/5045
f 2162/4458/5046 709/4459/5047 2161/4393/5048 38/4380/5049
f 1674/3024/5050 1670/3123/5051 1672/3179/5052 1673/3117/5053
f 2029/3138/5054 2030/3086/5055 2028/3067/5056 2027/3126/5057
f 551/3906/5058 553/3953/5059 587/3987/5060 586/3932/5061
f 815/2547/5062 809/2565/5063 813/2515/5064 814/2481/5065
f 67/217/5066 66/246/5067 1740/211/5068 1744/184/5069
f 1669/3804/5070 1667/3798/5071 1666/3746/5072 1584/3749/5073
f 423/2753/5074 424/2804/5075 421/2828/5076 422/2806/5077
f 955/4805/5078 975/4739/5079 972/4694/5080 957/4757/5081
f 777/5014/5082 771/5165/5083 775/5170/5084 776/5004/5085
f 1340/2155/5086 1338/2230/5087 1360/2203/5088 2280/2124/5089
f 460/469/5090 456/324/5091 455/339/5092 459/498/5093
f 196/2618/5094 195/2584/5095 1456/2537/5096 1457/2571/5097
f 232/3811/5098 1532/3741/5099 1617/3768/5100 235/3839/5101
f 1045/2073/5102 1041/2074/5103 1043/1990/5104 1044/1992/5105
f 260/173/5106 261/226/5107 254/333/5108 259/250/5109
f 1529/1756/5110 1530/1759/5111 1528/1607/5112 1527/1601/5113
f 106/434/5114 102/491/5115 101/421/5116 105/368/5117
f 417/4452/5118 418/4407/5119 413/4439/5120 416/4487/5121
f 1567/4288/5122 1562/4301/5123 1565/4184/5124 1566/4175/5125
f 559/1359/5126 565/1420/5127 564/1351/5128 560/1303/5129
f 1730/1519/5130 1832/1582/5131 1805/1546/5132 1731/1475/5133
f 659/896/5134 660/881/5135 657/872/5136 658/848/5137
f 1307/2927/5138 1308/2943/5139 1306/2840/5140 1305/2832/5141
f 1469/3447/5142 1468/3328/5143 1470/3339/5144
f 1614/4913/5145 235/4908/5146 1617/4800/5147 1615/4810/5148
f 365/404/5149 364/485/5150 1232/445/5151 1235/370/5152
f 1173/1080/5153 1172/1094/5154 1322/1166/5155 1326/1139/5156
f 249/2560/5157 246/2549/5158 1547/2610/5159 1546/2622/5160
f 1472/3542/5161 1474/3529/5162 1475/3573/5163
f 1472/2532/5164 1475/2390/5165 1420/2528/5166
f 488/2681/5167 583/2757/5168 2571/2837/5169 482/2768/5170
f 907/3827/5171 903/3786/5172 902/3713/5173 906/3750/5174
f 1475/3573/5175 1477/3523/5176 1478/3554/5177
f 1475/2390/5178 1478/2251/5179 1417/2369/5180
f 189/2435/5181 2137/2536/5182 2136/2457/5183 190/2377/5184
f 1100/3788/5185 607/3714/5186 1120/3707/5187 1103/3782/5188
f 2072/4668/5189 2076/4596/5190 2110/4627/5191 2073/4716/5192
f 1672/3179/5193 1670/3123/5194 1669/3188/5195 1581/3233/5196
f 2249/4071/5197 2197/4126/5198 2247/4141/5199 2248/4098/5200
f 60/5175/5201 2166/5285/5202 2165/5290/5203 59/5169/5204
f 955/4805/5205 953/4870/5206 979/4787/5207 975/4739/5208
f 2507/3760/5209 598/3820/5210 2596/3763/5211 2509/3706/5212
f 1575/3624/5213 1576/3646/5214 1574/3582/5215 1573/3562/5216
f 2066/1249/5217 1709/1235/5218 2063/1147/5219 2065/1158/5220
f 1641/2677/5221 810/2623/5222 1638/2601/5223 1640/2643/5224
f 1565/4184/5225 1562/4301/5226 1561/4310/5227 1564/4188/5228
f 2444/1409/5229 2445/1483/5230 2442/1485/5231 2440/1408/5232
f 994/3616/5233 684/3588/5234 991/3538/5235 993/3565/5236
f 2118/1820/5237 2119/1758/5238 2116/1826/5239 2115/1882/5240
f 1491/4207/5241 108/4187/5242 1492/4215/5243
f 1601/4701/5244 1602/4665/5245 1598/4602/5246 1600/4655/5247
f 281/3627/5248 277/3701/5249 2608/3696/5250 282/3621/5251
f 381/4090/5252 380/4150/5253 407/4269/5254 361/4153/5255
f 184/1550/5256 183/1623/5257 2148/1660/5258 2147/1566/5259
f 1493/4255/5260 1395/4270/5261 1399/4238/5262
f 245/2527/5263 1548/2580/5264 1547/2610/5265 246/2549/5266
f 1496/3739/5267 1497/3780/5268 1498/3767/5269
f 160/1316/5270 159/1163/5271 1499/1153/5272 1501/1314/5273
f 1496/3739/5274 1392/3728/5275 1391/3695/5276
f 1496/4245/5277 1391/4296/5278 1396/4275/5279
f 1754/2002/5280 1753/1937/5281 1752/1930/5282 1751/1999/5283
f 1499/1153/5284 1500/1309/5285 1501/1314/5286
f 1936/2920/5287 1937/2892/5288 1935/2842/5289 1934/2881/5290
f 1499/3344/5291 159/3322/5292 1393/3406/5293
f 1499/3755/5294 1393/3718/5295 1392/3728/5296
f 1632/1334/5297 1631/1372/5298 1659/1407/5299 1634/1362/5300
f 510/4763/5301 2373/4689/5302 2372/4738/5303 2371/4827/5304
f 1503/4548/5305 1502/4558/5306 1504/4672/5307
f 1503/2117/5308 1504/2126/5309 1505/2106/5310
f 1503/2117/5311 1505/2106/5312 1506/2090/5313
f 1503/4548/5314 1506/4630/5315 163/4531/5316
f 2314/4340/5317 2315/4242/5318 2311/4216/5319 2313/4329/5320
f 1506/4809/5321 202/4964/5322 201/4953/5323
f 1376/1115/5324 1623/1145/5325 1622/1103/5326 1626/1083/5327
f 1506/4809/5328 1508/4821/5329 164/4775/5330
f 1506/4630/5331 164/4528/5332 163/4531/5333
f 1616/4686/5334 294/4697/5335 1613/4826/5336 1615/4810/5337
f 1508/4821/5338 1509/4832/5339 165/4811/5340
f 1508/4584/5341 165/4518/5342 164/4528/5343
f 1732/1822/5344 1731/1748/5345 1805/1770/5346 1804/1821/5347
f 1509/4832/5348 1511/4839/5349 1512/4823/5350
f 1509/4566/5351 1512/4503/5352 165/4518/5353
f 1512/4503/5354 1513/4392/5355 166/4374/5356
f 1512/4503/5357 166/4374/5358 165/4518/5359
f 1512/4823/5360 1511/4839/5361 1514/4847/5362
f 1512/4844/5363 1514/4740/5364 1515/4858/5365
f 1512/4844/5366 1515/4858/5367 1516/4888/5368
f 1512/4503/5369 1516/4411/5370 1513/4392/5371
f 1516/1458/5372 1517/1406/5373 1518/1376/5374
f 1516/4411/5375 1518/4342/5376 1513/4392/5377
f 1136/1367/5378 1137/1328/5379 1134/1361/5380 1135/1404/5381
f 1516/4888/5382 1520/4915/5383 1521/4946/5384
f 1516/1458/5385 1521/1417/5386 1517/1406/5387
f 1251/296/5388 1250/169/5389 1258/158/5390 1253/266/5391
f 1318/1135/5392 1317/1146/5393 1385/1201/5394 1320/1192/5395
f 544/1325/5396 547/1313/5397 2506/1225/5398 869/1239/5399
f 1182/2871/5400 1191/2858/5401 1313/2970/5402 1315/2986/5403
f 1526/1481/5404 1525/1482/5405 1527/1601/5406
f 1526/3858/5407 1527/3762/5408 1528/3779/5409
f 2085/942/5410 2081/1042/5411 2083/1005/5412 2084/913/5413
f 1622/1103/5414 1623/1145/5415 1605/1155/5416 1603/1132/5417
f 301/4551/5418 303/4581/5419 325/4509/5420 268/4477/5421
f 412/4532/5422 406/4553/5423 383/4641/5424 411/4608/5425
f 2235/1425/5426 2234/1440/5427 2250/1537/5428 2237/1524/5429
f 829/1959/5430 830/2039/5431 828/2051/5432 827/1966/5433
f 2339/2955/5434 2340/2963/5435 2336/2877/5436 2338/2879/5437
f 1533/4616/5438 1534/4605/5439 1535/4543/5440
f 1533/3596/5441 1535/3581/5442 1536/3533/5443
f 1939/2973/5444 1940/3015/5445 1938/2994/5446 1936/2920/5447
f 2542/2566/5448 2557/2624/5449 2556/2626/5450 2544/2581/5451
f 425/2865/5452 426/2883/5453 421/2828/5454 424/2804/5455
f 2234/1440/5456 2235/1425/5457 2233/1315/5458 2232/1330/5459
f 1322/1166/5460 1172/1094/5461 1319/1114/5462 1321/1178/5463
f 27/521/5464 1960/535/5465 1959/544/5466 28/523/5467
f 1539/4331/5468 242/4345/5469 239/4286/5470
f 1539/3440/5471 239/3306/5472 1541/3378/5473
f 2511/3664/5474 2509/3706/5475 2596/3763/5476 2595/3709/5477
f 830/2039/5478 829/1959/5479 1274/1952/5480 833/2031/5481
f 1058/902/5482 1057/899/5483 1075/968/5484 1060/962/5485
f 1473/3452/5486 1474/3529/5487 1472/3542/5488 1471/3450/5489
f 2408/4248/5490 2407/4097/5491 2412/4144/5492 2485/4276/5493
f 805/1745/5494 799/1635/5495 803/1632/5496 804/1767/5497
f 1648/649/5498 1649/668/5499 1646/600/5500 1647/568/5501
f 1549/972/5502 284/905/5503 283/1019/5504
f 1549/4254/5505 283/4303/5506 1550/4339/5507
f 1225/1393/5508 1224/1388/5509 1285/1258/5510 1229/1263/5511
f 1759/2093/5512 1755/2009/5513 1754/2002/5514 1758/2061/5515
f 1551/2900/5516 1552/2875/5517 1553/2764/5518
f 1551/4067/5519 1553/4186/5520 1554/4174/5521
f 1551/4067/5522 1554/4174/5523 279/4158/5524
f 389/3968/5525 390/4000/5526 384/4008/5527 388/3966/5528
f 728/4491/5529 723/4589/5530 726/4476/5531 727/4418/5532
f 624/478/5533 943/375/5534 964/393/5535 644/495/5536
f 2395/2519/5537 2389/2538/5538 2393/2600/5539 2394/2593/5540
f 929/5032/5541 629/5138/5542 927/5129/5543 926/5022/5544
f 2488/3904/5545 600/3816/5546 2486/3766/5547 2487/3842/5548
f 1557/3420/5549 1560/3423/5550 276/3497/5551
f 1557/3694/5552 276/3770/5553 275/3699/5554
f 2180/3154/5555 2186/3162/5556 2265/3252/5557 2181/3258/5558
f 1336/761/5559 1335/725/5560 1362/731/5561 1361/755/5562
f 425/4546/5563 1291/4587/5564 1290/4496/5565 1289/4470/5566
f 997/3697/5567 998/3748/5568 994/3698/5569 996/3648/5570
f 2009/1509/5571 2008/1387/5572 2098/1355/5573 2013/1469/5574
f 367/511/5575 791/500/5576 790/638/5577 789/653/5578
f 708/161/5579 702/138/5580 706/117/5581 707/141/5582
f 1570/3058/5583 1571/3132/5584 1572/3052/5585
f 1570/4083/5586 1572/4167/5587 1566/4175/5588
f 1145/4131/5589 1146/4200/5590 1144/4195/5591 1143/4108/5592
f 313/3131/5593 318/3216/5594 1607/3282/5595 311/3149/5596
f 638/1104/5597 637/1209/5598 838/1131/5599 839/1022/5600
f 577/3370/5601 576/3425/5602 2475/3462/5603 2474/3375/5604
f 1572/3052/5605 1571/3132/5606 237/3175/5607
f 1572/4167/5608 237/4064/5609 241/4143/5610
f 58/3851/5611 57/3757/5612 1817/3727/5613 1816/3819/5614
f 802/2308/5615 801/2250/5616 1252/2239/5617 806/2302/5618
f 1996/1946/5619 1997/1965/5620 1995/1913/5621 1994/1874/5622
f 864/4909/5623 857/4939/5624 2533/4911/5625 2532/4886/5626
f 2077/4453/5627 2075/4505/5628 2074/4617/5629 2058/4578/5630
f 427/2872/5631 426/2883/5632 1292/2936/5633 1262/2928/5634
f 2358/3419/5635 2357/3404/5636 2429/3307/5637 2360/3326/5638
f 878/1066/5639 849/1134/5640 877/1149/5641 876/1087/5642
f 1583/3362/5643 1582/3299/5644 1584/3255/5645
f 1583/3679/5646 1584/3749/5647 1585/3687/5648
f 1583/3679/5649 1585/3687/5650 1586/3617/5651
f 1583/3362/5652 1586/3429/5653 1587/3426/5654
f 780/259/5655 391/310/5656 1228/255/5657 782/218/5658
f 130/129/5659 129/176/5660 1808/251/5661 1806/145/5662
f 76/454/5663 79/460/5664 2242/429/5665 2244/433/5666
f 1197/4177/5667 1193/4171/5668 1195/4137/5669 1196/4147/5670
f 1589/1220/5671 1591/1317/5672 270/1295/5673
f 1589/3513/5674 270/3577/5675 276/3497/5676
f 543/2177/5677 541/2133/5678 491/2086/5679 540/2127/5680
f 224/3961/5681 1621/3943/5682 1620/3928/5683 228/3949/5684
f 1593/1619/5685 1592/1533/5686 1594/1512/5687
f 1593/2798/5688 1594/2807/5689 1595/2873/5690
f 1474/3529/5691 1473/3452/5692 2224/3434/5693 1476/3494/5694
f 412/4532/5695 1153/4506/5696 1152/4462/5697 1151/4454/5698
f 857/4939/5699 864/4909/5700 863/4907/5701 858/4919/5702
f 1597/4461/5703 1596/4555/5704 1598/4602/5705
f 1597/2950/5706 1598/3048/5707 316/3039/5708
f 1597/2950/5709 315/3007/5710 306/2931/5711
f 1087/2003/5712 1088/1993/5713 1085/2088/5714 1084/2085/5715
f 1502/4558/5716 1503/4548/5717 1501/4368/5718 1500/4370/5719
f 1998/1958/5720 62/1916/5721 1995/1913/5722 1997/1965/5723
f 806/4679/5724 807/4547/5725 803/4544/5726 802/4677/5727
f 1409/1670/5728 1414/1674/5729 1481/1794/5730 1410/1792/5731
f 2452/1551/5732 2450/1626/5733 2449/1625/5734 2448/1560/5735
f 2018/3018/5736 2019/2978/5737 2015/2912/5738 2014/2965/5739
f 2000/954/5740 1999/1079/5741 2102/1053/5742 2003/943/5743
f 220/2424/5744 218/2340/5745 214/2440/5746 217/2478/5747
f 49/955/5748 48/875/5749 2016/846/5750 80/958/5751
f 1609/264/5752 1608/341/5753 1610/327/5754
f 1609/4814/5755 1610/4895/5756 1611/4836/5757
f 2313/3468/5758 2312/3463/5759 2362/3353/5760 2366/3361/5761
f 1611/224/5762 1610/327/5763 1612/314/5764
f 1611/4836/5765 1612/4936/5766 1613/4826/5767
f 2515/577/5768 374/563/5769 2512/486/5770 2514/508/5771
f 55/289/5772 54/467/5773 1823/466/5774 1821/269/5775
f 2179/3157/5776 2175/3272/5777 2174/3271/5778 2178/3164/5779
f 2514/3567/5780 2513/3625/5781 2581/3580/5782 2516/3516/5783
f 513/284/5784 512/190/5785 2381/124/5786 2384/207/5787
f 1616/2859/5788 1618/2894/5789 286/2809/5790
f 610/2193/5791 611/2184/5792 603/2255/5793 609/2269/5794
f 294/4697/5795 293/4702/5796 1611/4836/5797 1613/4826/5798
f 223/3977/5799 1523/3947/5800 1621/3943/5801 224/3961/5802
f 1619/4449/5803 325/4509/5804 324/4562/5805
f 1619/2921/5806 324/2878/5807 287/2841/5808
f 226/419/5809 225/417/5810 1610/327/5811 1608/341/5812
f 108/4187/5813 107/4154/5814 1494/4192/5815 1492/4215/5816
f 1617/1817/5817 1532/1744/5818 255/1814/5819
f 1617/2935/5820 255/3027/5821 263/2945/5822
f 1895/234/5823 177/254/5824 1947/203/5825 1896/164/5826
f 1614/3877/5827 228/3949/5828 1620/3928/5829
f 248/3088/5830 247/3168/5831 250/3186/5832 253/3136/5833
f 1872/4401/5834 12/4379/5835 1870/4360/5836 1871/4395/5837
f 122/762/5838 2131/817/5839 2130/715/5840 148/694/5841
f 289/2707/5842 290/2663/5843 285/2726/5844 288/2776/5845
f 310/2028/5846 320/2076/5847 319/2013/5848 308/1902/5849
f 1612/314/5850 1610/327/5851 225/417/5852
f 909/1206/5853 908/1261/5854 914/1221/5855 474/1159/5856
f 1654/4792/5857 1651/4711/5858 1650/4698/5859 1653/4781/5860
f 377/4002/5861 381/4090/5862 1351/4055/5863 1353/3986/5864
f 1826/3327/5865 1792/3185/5866 1788/3180/5867 1791/3331/5868
f 1817/3727/5869 1818/3729/5870 1815/3812/5871 1816/3819/5872
f 2298/2557/5873 2281/2683/5874 2297/2687/5875 2296/2553/5876
f 241/3192/5877 237/3175/5878 236/3231/5879 240/3238/5880
f 1015/4802/5881 1009/4804/5882 1046/4897/5883 1017/4884/5884
f 534/367/5885 535/355/5886 532/396/5887 533/426/5888
f 2071/1935/5889 2069/1887/5890 2064/1951/5891 2070/2020/5892
f 1751/151/5893 1752/177/5894 1748/163/5895 1750/144/5896
f 1601/4701/5897 1624/4737/5898 1622/4799/5899 1603/4753/5900
f 1628/3312/5901 1366/3317/5902 1365/3402/5903
f 1628/908/5904 1365/864/5905 1370/927/5906
f 2290/2473/5907 2291/2587/5908 2289/2592/5909 2288/2492/5910
f 80/958/5911 2016/846/5912 2015/850/5913 2019/959/5914
f 2209/4029/5915 2205/4035/5916 2204/4232/5917 2208/4240/5918
f 148/694/5919 2130/715/5920 2129/587/5921 144/596/5922
f 123/714/5923 122/762/5924 148/694/5925 147/657/5926
f 2028/3810/5927 2031/3799/5928 110/3821/5929 2026/3838/5930
f 1633/2399/5931 814/2481/5932 346/2381/5933
f 1633/1023/5934 346/877/5935 353/993/5936
f 889/5185/5937 888/5222/5938 1133/5225/5939 1128/5198/5940
f 1689/4710/5941 1688/4808/5942 2045/4789/5943 1691/4687/5944
f 1638/1285/5945 1637/1349/5946 1639/1399/5947
f 1638/2601/5948 1639/2641/5949 1640/2643/5950
f 838/2820/5951 637/2890/5952 835/2893/5953 837/2830/5954
f 2459/1389/5955 2460/1382/5956 2456/1451/5957 2455/1461/5958
f 2191/4250/5959 2185/4273/5960 2189/4220/5961 2190/4197/5962
f 1641/2677/5963 1643/2743/5964 1644/2812/5965
f 1641/915/5966 1644/895/5967 805/929/5968
f 1641/1825/5969 805/1745/5970 804/1767/5971
f 1641/2677/5972 804/2662/5973 810/2623/5974
f 1644/2812/5975 1643/2743/5976 204/2769/5977
f 1644/5248/5978 204/5188/5979 332/5210/5980
f 239/3306/5981 238/3227/5982 1545/3290/5983 1541/3378/5984
f 274/3703/5985 280/3630/5986 1556/3632/5987 275/3699/5988
f 2187/3057/5989 2188/3068/5990 2184/3114/5991 2183/3098/5992
f 2042/1003/5993 1685/1001/5994 2039/840/5995 2041/836/5996
f 1642/2702/5997 1640/2643/5998 1639/2641/5999
f 1642/658/6000 1639/494/6001 1645/583/6002
f 62/1916/6003 61/1893/6004 1991/1880/6005 1995/1913/6006
f 1123/1738/6007 475/1763/6008 1121/1743/6009 1122/1722/6010
f 1646/676/6011 1645/583/6012 1650/588/6013
f 1646/4632/6014 1650/4698/6015 1647/4645/6016
f 1479/1790/6017 1480/1795/6018 1478/1679/6019 1477/1673/6020
f 2385/2129/6021 514/2257/6022 508/2281/6023 513/2158/6024
f 141/3093/6025 2264/3005/6026 2263/2997/6027 142/3091/6028
f 2548/3898/6029 2549/3902/6030 2546/4028/6031 2545/4030/6032
f 1054/3789/6033 1055/3850/6034 1053/3905/6035 1052/3841/6036
f 1654/1468/6037 1657/1437/6038 1658/1474/6039
f 1654/3501/6040 1658/3416/6041 1655/3484/6042
f 1658/1474/6043 1592/1533/6044 1590/1557/6045
f 1658/3416/6046 1590/3438/6047 1655/3484/6048
f 2491/576/6049 939/570/6050 992/480/6051 990/470/6052
f 1268/4267/6053 1265/4264/6054 1264/4372/6055 1267/4384/6056
f 685/3984/6057 1013/3964/6058 1012/3999/6059 1011/4066/6060
f 36/5173/6061 32/5148/6062 31/5015/6063 35/5021/6064
f 1557/3694/6065 275/3699/6066 1556/3632/6067 1555/3631/6068
f 271/1398/6069 270/1295/6070 1591/1317/6071 1593/1422/6072
f 1246/444/6073 792/477/6074 1244/379/6075 1245/356/6076
f 1656/3557/6077 1655/3484/6078 1590/3438/6079
f 1656/2508/6080 1590/2561/6081 1588/2509/6082
f 2429/3307/6083 2357/3404/6084 2425/3387/6085 2428/3281/6086
f 618/2172/6087 1071/2213/6088 1074/2165/6089 619/2134/6090
f 1171/991/6091 1176/1016/6092 1319/1114/6093 1172/1094/6094
f 1663/3676/6095 1664/3738/6096 1665/3730/6097
f 1663/639/6098 1665/712/6099 1648/649/6100
f 228/3949/6101 225/3972/6102 221/3990/6103 224/3961/6104
f 708/161/6105 72/198/6106 1745/174/6107 703/157/6108
f 1854/719/6109 1855/743/6110 1853/764/6111 1852/732/6112
f 706/4754/6113 702/4762/6114 701/4952/6115 705/4918/6116
f 1801/1198/6117 131/1182/6118 1802/1101/6119 1798/1117/6120
f 1138/1336/6121 1139/1297/6122 1137/1328/6123 1136/1367/6124
f 86/1523/6125 96/1480/6126 88/1470/6127 87/1494/6128
f 430/3171/6129 429/3226/6130 1133/3160/6131 888/3102/6132
f 1043/1990/6133 1041/2074/6134 1040/2053/6135 1020/1979/6136
f 2554/3896/6137 2555/3777/6138 2553/3783/6139 2548/3898/6140
f 2004/859/6141 2003/943/6142 2100/946/6143 2008/854/6144
f 445/321/6145 1265/371/6146 1270/372/6147 446/313/6148
f 2105/1108/6149 2082/1081/6150 2103/976/6151 2104/1009/6152
f 1675/3688/6153 1575/3624/6154 1535/3581/6155
f 1675/2318/6156 1535/2420/6157 1534/2313/6158
f 1377/1046/6159 1376/1115/6160 1626/1083/6161 1627/1010/6162
f 2575/1983/6163 2597/1897/6164 2578/1849/6165 2576/1917/6166
f 1674/4767/6167 1673/4708/6168 1529/4726/6169
f 1674/1618/6170 1529/1756/6171 1527/1601/6172
f 461/1416/6173 2300/1526/6174 2299/1563/6175 462/1455/6176
f 2427/3251/6177 2428/3281/6178 2425/3387/6179 2424/3356/6180
f 1668/4932/6181 1519/4879/6182 1515/4858/6183
f 1668/4866/6184 1515/4852/6185 1514/4847/6186
f 170/3371/6187 171/3340/6188 168/3398/6189 169/3421/6190
f 1665/4914/6191 1514/4847/6192 1511/4839/6193
f 298/2004/6194 299/2091/6195 296/2101/6196 297/2056/6197
f 1431/109/6198 1430/188/6199 2272/185/6200 1435/112/6201
f 1788/3180/6202 1785/3173/6203 1784/3337/6204 1787/3334/6205
f 668/1789/6206 667/1718/6207 1031/1733/6208 673/1855/6209
f 2272/185/6210 2273/262/6211 2271/225/6212 2270/162/6213
f 1403/2814/6214 1401/2907/6215 1400/2917/6216 1304/2813/6217
f 1573/4262/6218 241/4143/6219 240/4118/6220
f 1573/4474/6221 240/4356/6222 1537/4498/6223
f 2008/1387/6224 2009/1509/6225 2005/1544/6226 2004/1431/6227
f 1158/1998/6228 1159/2008/6229 1157/1925/6230 1156/1922/6231
f 1607/4666/6232 318/4656/6233 1604/4707/6234 1606/4730/6235
f 739/4014/6236 738/4140/6237 1296/4122/6238 743/4001/6239
f 2350/3221/6240 2349/3161/6241 2422/3129/6242 2426/3204/6243
f 1675/3181/6244 1673/3117/6245 1672/3179/6246 1578/3229/6247
f 1412/1639/6248 1409/1720/6249 1408/1711/6250 1407/1606/6251
f 2170/1948/6252 2168/1876/6253 2167/1835/6254 2166/1911/6255
f 2022/3874/6256 103/3888/6257 2021/3982/6258 2020/3978/6259
f 1052/3841/6260 1051/3781/6261 1079/3735/6262 1054/3789/6263
f 1469/3447/6264 1429/3451/6265 1467/3318/6266 1468/3328/6267
f 1518/1376/6268 223/1354/6269 222/1327/6270
f 321/1846/6271 309/1883/6272 298/2004/6273 269/1914/6274
f 308/1902/6275 319/2013/6276 298/2004/6277 309/1883/6278
f 2580/4128/6279 2583/4086/6280 484/4024/6281 2579/4075/6282
f 1347/2192/6283 1348/2277/6284 1346/2236/6285 1345/2153/6286
f 264/2991/6287 1619/2921/6288 1618/2894/6289 262/2972/6290
f 1678/2572/6291 1677/2589/6292 777/2497/6293
f 1678/3884/6294 777/3745/6295 776/3737/6296
f 1678/3884/6297 776/3737/6298 329/3733/6299
f 1678/4680/6300 329/4902/6301 203/4660/6302
f 999/3761/6303 676/3807/6304 998/3748/6305 997/3697/6306
f 1677/2589/6307 1680/2613/6308 1681/2607/6309
f 1677/4307/6310 1681/4448/6311 777/4447/6312
f 1681/2607/6313 1680/2613/6314 1682/2630/6315
f 1681/992/6316 1682/832/6317 1683/996/6318
f 1006/2795/6319 1007/2815/6320 1005/2895/6321 1004/2867/6322
f 219/2343/6323 215/2447/6324 214/2440/6325 218/2340/6326
f 644/495/6327 640/488/6328 639/572/6329 643/593/6330
f 1014/3489/6331 987/3508/6332 1011/3592/6333 1010/3578/6334
f 1684/4856/6335 767/4761/6336 766/4731/6337
f 1684/5171/6338 766/5252/6339 772/5172/6340
f 983/358/6341 977/453/6342 981/461/6343 982/360/6344
f 1687/4729/6345 1689/4710/6346 1690/4820/6347
f 1687/5194/6348 1690/5245/6349 762/5233/6350
f 1687/5194/6351 762/5233/6352 761/5217/6353
f 1687/4791/6354 761/4880/6355 767/4761/6356
f 1690/4820/6357 1689/4710/6358 1691/4687/6359
f 1690/3725/6360 1691/3680/6361 1692/3744/6362
f 1690/3725/6363 1692/3744/6364 1693/3689/6365
f 1690/2231/6366 1693/2128/6367 757/2141/6368
f 1690/2231/6369 757/2141/6370 756/2168/6371
f 1690/5245/6372 756/5251/6373 762/5233/6374
f 1693/3689/6375 1692/3744/6376 1694/3769/6377
f 1693/4715/6378 1694/4746/6379 1695/4750/6380
f 1693/4715/6381 1695/4750/6382 1696/4725/6383
f 1693/4100/6384 1696/4109/6385 752/4130/6386
f 1693/4100/6387 752/4130/6388 751/4152/6389
f 1693/2128/6390 751/1900/6391 757/2141/6392
f 248/2433/6393 244/2460/6394 243/2498/6395 247/2503/6396
f 1696/1168/6397 1698/1152/6398 1699/1041/6399
f 1696/1453/6400 1699/1467/6401 747/1352/6402
f 1696/1453/6403 747/1352/6404 746/1322/6405
f 1696/4109/6406 746/4021/6407 752/4130/6408
f 2456/1451/6409 2453/1543/6410 2452/1551/6411 2455/1461/6412
f 1487/2130/6413 1488/1987/6414 1484/1995/6415 1486/2121/6416
f 1699/1024/6417 742/1098/6418 741/1095/6419
f 1699/1467/6420 741/1333/6421 747/1352/6422
f 808/1776/6423 804/1767/6424 803/1632/6425 807/1627/6426
f 1810/4771/6427 133/4734/6428 1831/4860/6429 1812/4865/6430
f 711/121/6431 707/141/6432 706/117/6433 710/96/6434
f 259/4524/6435 1540/4348/6436 1544/4344/6437 260/4520/6438
f 500/512/6439 497/664/6440 493/692/6441 408/517/6442
f 2480/1085/6443 2479/1096/6444 2478/1187/6445 2470/1183/6446
f 836/2817/6447 837/2830/6448 835/2893/6449 834/2860/6450
f 557/4164/6451 556/4085/6452 2593/4069/6453 2594/4157/6454
f 2369/1596/6455 2367/1497/6456 2443/1491/6457 2374/1580/6458
f 1612/314/6459 225/417/6460 228/385/6461 1614/303/6462
f 1711/2151/6463 1713/2220/6464 1714/2320/6465
f 1711/440/6466 1714/437/6467 724/555/6468
f 1711/440/6469 724/555/6470 723/707/6471
f 1711/4309/6472 723/4400/6473 728/4349/6474
f 1463/3203/6475 1468/3207/6476 1467/3178/6477 1464/3170/6478
f 2145/1683/6479 2146/1656/6480 2144/1734/6481 2143/1775/6482
f 2114/1941/6483 2115/1882/6484 2113/1954/6485 2112/2032/6486
f 174/5049/6487 172/4971/6488 168/5066/6489 171/5126/6490
f 1963/3235/6491 1968/3218/6492 1975/3250/6493 1964/3256/6494
f 2320/2924/6495 440/2939/6496 2317/2891/6497 2319/2866/6498
f 784/167/6499 782/218/6500 1228/255/6501 1227/182/6502
f 516/2479/6503 509/2365/6504 508/2281/6505 515/2378/6506
f 2330/3751/6507 2332/3667/6508 2331/3700/6509 2327/3797/6510
f 1722/3464/6511 1721/3348/6512 1723/3354/6513
f 1722/3464/6514 1723/3354/6515 74/3461/6516
f 1722/1499/6517 74/1446/6518 72/1610/6519
f 1722/1499/6520 72/1610/6521 708/1675/6522
f 437/1691/6523 436/1615/6524 2302/1586/6525 2306/1663/6526
f 287/2841/6527 286/2809/6528 1618/2894/6529 1619/2921/6530
f 2409/3515/6531 2414/3668/6532 2413/3690/6533 2410/3606/6534
f 1461/3176/6535 1460/3210/6536 2221/3230/6537 1463/3203/6538
f 1723/3354/6539 73/3444/6540 74/3461/6541
f 798/2314/6542 795/2321/6543 794/2264/6544 797/2258/6545
f 1726/1967/6546 1728/1981/6547 1729/1892/6548
f 718/3313/6549 712/3437/6550 716/3422/6551 717/3285/6552
f 1729/1771/6553 1731/1748/6554 1732/1822/6555
f 1729/3411/6556 1732/3482/6557 1733/3528/6558
f 1729/3411/6559 1733/3528/6560 70/3531/6561
f 1729/3411/6562 70/3531/6563 73/3444/6564
f 1733/3528/6565 1732/3482/6566 1734/3546/6567
f 1733/2657/6568 1734/2747/6569 1735/2742/6570
f 1733/2657/6571 1735/2742/6572 65/2727/6573
f 1733/2657/6574 65/2727/6575 70/2667/6576
f 1722/3464/6577 713/3458/6578 1719/3341/6579 1721/3348/6580
f 1105/3963/6581 621/3954/6582 1101/3876/6583 1104/3873/6584
f 1790/1598/6585 1785/1452/6586 1788/1472/6587 1789/1631/6588
f 1886/2282/6589 1885/2210/6590 1890/2156/6591 1893/2229/6592
f 1476/3494/6593 1477/3523/6594 1475/3573/6595 1474/3529/6596
f 1740/4786/6597 1741/4955/6598 1742/4958/6599
f 2435/736/6600 2363/799/6601 2432/730/6602 2434/689/6603
f 1659/1407/6604 1660/1443/6605 1658/1474/6606 1657/1437/6607
f 2493/618/6608 944/647/6609 2491/576/6610 2492/550/6611
f 1744/184/6612 1745/174/6613 68/212/6614
f 1744/184/6615 68/212/6616 67/217/6617
f 2078/1065/6618 2082/1140/6619 2105/1141/6620 2079/1048/6621
f 106/434/6622 105/368/6623 2238/363/6624 2240/406/6625
f 1745/174/6626 72/198/6627 68/212/6628
f 1743/4962/6629 1742/4958/6630 1746/5048/6631
f 1743/118/6632 1746/215/6633 694/241/6634
f 1743/118/6635 694/241/6636 693/247/6637
f 1743/4962/6638 693/5036/6639 698/4959/6640
f 1746/5048/6641 1742/4958/6642 1741/4955/6643
f 1746/3983/6644 1741/4062/6645 1747/3965/6646
f 1746/3983/6647 1747/3965/6648 1748/4018/6649
f 1746/123/6650 1748/163/6651 689/200/6652
f 1746/123/6653 689/200/6654 688/231/6655
f 1746/215/6656 688/135/6657 694/241/6658
f 1748/4018/6659 1747/3965/6660 1749/3948/6661
f 1748/42/6662 1749/81/6663 1750/85/6664
f 531/4464/6665 529/4419/6666 525/4415/6667 528/4445/6668
f 906/3750/6669 905/3681/6670 1119/3723/6671 910/3801/6672
f 2537/2988/6673 2538/2919/6674 2536/2898/6675 2535/2975/6676
f 553/3953/6677 551/3906/6678 548/3878/6679 550/3903/6680
f 2599/2050/6681 2534/1963/6682 2597/1897/6683 2575/1983/6684
f 763/5200/6685 759/5192/6686 1210/5075/6687 1212/5083/6688
f 524/1540/6689 522/1704/6690 518/1690/6691 521/1583/6692
f 815/1200/6693 814/1121/6694 1633/1257/6695 1635/1304/6696
f 1759/4935/6697 1761/4983/6698 1755/5023/6699
f 2446/1572/6700 2376/1591/6701 2442/1485/6702 2445/1483/6703
f 1759/3260/6704 1762/3284/6705 1763/3244/6706
f 1759/3260/6707 1763/3244/6708 1764/3208/6709
f 1759/3260/6710 1764/3208/6711 1760/3219/6712
f 1462/3897/6713 197/4025/6714 1459/4013/6715 1461/3871/6716
f 1764/3208/6717 1766/3197/6718 1760/3219/6719
f 1764/3208/6720 1763/3244/6721 1767/3300/6722
f 1764/4371/6723 1767/4354/6724 1768/4378/6725
f 2590/4135/6726 2594/4157/6727 2593/4069/6728 2591/4063/6729
f 334/696/6730 333/691/6731 786/611/6732 787/607/6733
f 1769/4399/6734 1771/4421/6735 1765/4396/6736
f 1769/4399/6737 1768/4378/6738 1772/4387/6739
f 1769/3599/6740 1772/3720/6741 1773/3721/6742
f 1769/1204/6743 1773/1343/6744 1774/1338/6745
f 1769/842/6746 1774/841/6747 1770/826/6748
f 418/4407/6749 1216/4272/6750 1215/4271/6751 413/4439/6752
f 1774/1338/6753 1773/1343/6754 1777/1556/6755
f 1774/3441/6756 1777/3610/6757 1778/3601/6758
f 1774/3441/6759 1778/3601/6760 1779/3591/6761
f 1774/841/6762 1779/944/6763 1775/815/6764
f 1779/5140/6765 1780/5063/6766 1781/5071/6767
f 1779/4214/6768 1781/4057/6769 1782/4222/6770
f 1779/4456/6771 1782/4467/6772 1783/4640/6773
f 1779/944/6774 1783/795/6775 1775/815/6776
f 1779/3591/6777 1778/3601/6778 1784/3734/6779
f 1779/5140/6780 1784/5052/6781 1780/5063/6782
f 2327/4937/6783 457/5088/6784 2323/5055/6785 2326/4893/6786
f 1784/3734/6787 1778/3601/6788 1777/3610/6789
f 1828/3190/6790 1796/3187/6791 1826/3327/6792 1827/3325/6793
f 2382/3560/6794 2451/3534/6795 2475/3462/6796 2383/3502/6797
f 1336/761/6798 1337/771/6799 1333/734/6800 1335/725/6801
f 1788/3180/6802 1787/3334/6803 1791/3331/6804
f 863/4907/6805 860/4842/6806 859/4875/6807 858/4919/6808
f 1738/263/6809 1739/239/6810 1737/273/6811 1736/306/6812
f 1793/4638/6813 1794/4525/6814 1795/4494/6815
f 1793/1642/6816 1795/1727/6817 1789/1631/6818
f 1793/1642/6819 1792/1493/6820 1796/1516/6821
f 1317/1146/6822 1318/1135/6823 1316/1058/6824 1314/1076/6825
f 1793/1642/6826 1797/1646/6827 1798/1735/6828
f 1793/4638/6829 1798/4561/6830 1794/4525/6831
f 1798/4561/6832 1799/4610/6833 1800/4592/6834
f 817/4557/6835 811/4541/6836 1255/4685/6837 820/4699/6838
f 1798/1735/6839 1797/1646/6840 1801/1650/6841
f 799/989/6842 805/929/6843 1644/895/6844 800/960/6845
f 658/848/6846 952/818/6847 951/791/6848 954/852/6849
f 1803/1881/6850 1804/1821/6851 1805/1770/6852
f 1803/89/6853 1805/12/6854 1799/56/6855
f 1803/4637/6856 1802/4579/6857 130/4600/6858
f 1803/105/6859 130/129/6860 1806/145/6861
f 1803/105/6862 1806/145/6863 1807/204/6864
f 1803/1881/6865 1807/1894/6866 1804/1821/6867
f 1807/2754/6868 1734/2747/6869 1732/2651/6870
f 1807/1894/6871 1732/1822/6872 1804/1821/6873
f 1807/204/6874 1806/145/6875 1808/251/6876
f 1807/2754/6877 1808/2908/6878 1809/2880/6879
f 1807/2754/6880 1809/2880/6881 1736/2870/6882
f 1807/2754/6883 1736/2870/6884 1734/2747/6885
f 1809/307/6886 1808/251/6887 1810/388/6888
f 1809/338/6889 1810/348/6890 1811/302/6891
f 2517/594/6892 394/608/6893 2524/671/6894 2518/667/6895
f 1811/16/6896 1810/78/6897 1812/23/6898
f 1811/4873/6899 1812/4865/6900 1813/4878/6901
f 1811/5081/6902 1813/5084/6903 1814/5061/6904
f 1811/302/6905 1814/209/6906 1738/263/6907
f 1814/5061/6908 1813/5084/6909 1815/5076/6910
f 1814/3887/6911 1815/3930/6912 1749/3948/6913
f 1814/3887/6914 1749/3948/6915 1747/3965/6916
f 1814/46/6917 1747/47/6918 1741/93/6919
f 1814/4948/6920 1739/4766/6921 1738/4748/6922
f 255/4659/6923 1532/4777/6924 1531/4732/6925 256/4628/6926
f 465/1390/6927 461/1416/6928 455/1310/6929 464/1306/6930
f 1815/3812/6931 1818/3729/6932 1750/3732/6933
f 1815/3930/6934 1750/3830/6935 1749/3948/6936
f 543/2177/6937 559/2222/6938 555/2295/6939 563/2242/6940
f 199/4068/6941 198/4044/6942 1466/3937/6943 1446/3970/6944
f 1819/3345/6945 1758/3311/6946 1757/3377/6947
f 1819/3673/6948 1817/3727/6949 57/3757/6950
f 1819/4795/6951 57/4859/6952 56/4969/6953
f 1819/4795/6954 56/4969/6955 1820/4993/6956
f 1819/3345/6957 1820/3372/6958 1762/3284/6959
f 1820/4334/6960 1767/4354/6961 1763/4233/6962
f 1820/3372/6963 1763/3244/6964 1762/3284/6965
f 1820/4993/6966 56/4969/6967 55/5050/6968
f 1820/3495/6969 55/3486/6970 1821/3517/6971
f 1820/3495/6972 1821/3517/6973 1822/3544/6974
f 1820/4334/6975 1822/4321/6976 1767/4354/6977
f 1822/661/6978 1772/684/6979 1768/632/6980
f 1822/4321/6981 1768/4378/6982 1767/4354/6983
f 177/4994/6984 178/5149/6985 175/5095/6986 176/4988/6987
f 1822/261/6988 1824/459/6989 1825/452/6990
f 1822/661/6991 1825/634/6992 1772/684/6993
f 1825/3471/6994 1791/3331/6995 1787/3334/6996
f 1825/3979/6997 1777/3973/6998 1773/3824/6999
f 1825/634/7000 1773/718/7001 1772/684/7002
f 618/2172/7003 619/2134/7004 614/2082/7005 617/2174/7006
f 1826/3327/7007 1796/3187/7008 1792/3185/7009
f 1196/4147/7010 1203/4156/7011 1300/4190/7012 1197/4177/7013
f 396/516/7014 2579/448/7015 2577/493/7016 397/552/7017
f 1828/1525/7018 1801/1650/7019 1797/1646/7020
f 1828/3190/7021 1827/3325/7022 1829/3315/7023
f 1828/633/7024 1829/759/7025 134/629/7026
f 1828/633/7027 134/629/7028 131/504/7029
f 1828/1525/7030 131/1649/7031 1801/1650/7032
f 1026/5119/7033 1027/5047/7034 1025/5008/7035 1024/5100/7036
f 2562/2811/7037 2563/2779/7038 2561/2724/7039 2560/2749/7040
f 1829/3315/7041 1830/3335/7042 132/3316/7043
f 1829/759/7044 132/645/7045 134/629/7046
f 405/4582/7047 404/4565/7048 1236/4625/7049 1234/4642/7050
f 1830/4837/7051 1831/4860/7052 133/4734/7053
f 1830/5269/7054 133/5105/7055 132/5249/7056
f 1342/2208/7057 356/2261/7058 1339/2237/7059 1341/2175/7060
f 1405/1800/7061 1411/1798/7062 1488/1918/7063 1490/1926/7064
f 476/1788/7065 1126/1774/7066 1148/1810/7067 1150/1827/7068
f 389/3968/7069 388/3966/7070 1217/3889/7071 1219/3931/7072
f 2206/4036/7073 2200/4235/7074 2204/4232/7075 2205/4035/7076
f 9/4338/7077 8/4298/7078 11/4416/7079 13/4451/7080
f 677/3859/7081 676/3807/7082 999/3761/7083 1003/3826/7084
f 1805/4367/7085 1832/4355/7086 1800/4149/7087
f 1805/12/7088 1800/24/7089 1799/56/7090
f 2323/2851/7091 2324/2914/7092 2322/2916/7093 2321/2857/7094
f 232/3811/7095 231/3796/7096 1531/3719/7097 1532/3741/7098
f 1832/1582/7099 1834/1605/7100 1835/1486/7101
f 1832/21/7102 1835/22/7103 1800/57/7104
f 1835/1486/7105 1834/1605/7106 1836/1647/7107
f 1835/71/7108 1836/45/7109 1837/29/7110
f 1227/182/7111 1228/255/7112 1226/258/7113 1225/175/7114
f 1835/4563/7115 1795/4494/7116 1794/4525/7117
f 1838/4465/7118 1837/4530/7119 1839/4504/7120
f 1838/4465/7121 1839/4504/7122 1840/4443/7123
f 1838/4465/7124 1840/4443/7125 1841/4279/7126
f 1838/1705/7127 1841/1590/7128 1790/1598/7129
f 1838/1705/7130 1790/1598/7131 1789/1631/7132
f 1838/4465/7133 1789/4499/7134 1795/4494/7135
f 1841/4279/7136 1840/4443/7137 1842/4431/7138
f 1841/1590/7139 1842/1621/7140 1843/1574/7141
f 1948/5264/7142 1896/5229/7143 1947/5216/7144 1946/5244/7145
f 1665/4914/7146 1511/4839/7147 1509/4832/7148 1510/4921/7149
f 1844/1421/7150 1843/1574/7151 1845/1558/7152
f 680/3925/7153 679/3950/7154 1012/3999/7155 1013/3964/7156
f 1844/4883/7157 1846/4896/7158 1847/5074/7159
f 1844/4883/7160 1847/5074/7161 1781/5071/7162
f 1844/4883/7163 1781/5071/7164 1780/5063/7165
f 1844/4883/7166 1780/5063/7167 1786/4869/7168
f 1847/5074/7169 1846/4896/7170 1848/4912/7171
f 1847/5074/7172 1848/4912/7173 1849/5082/7174
f 1847/5074/7175 1849/5082/7176 1850/5134/7177
f 1847/4383/7178 1850/4229/7179 1851/4237/7180
f 1847/4383/7181 1851/4237/7182 1782/4247/7183
f 1847/5074/7184 1782/5136/7185 1781/5071/7186
f 1851/5087/7187 1850/5104/7188 1852/5184/7189
f 1851/710/7190 1852/732/7191 1853/764/7192
f 1851/710/7193 1853/764/7194 1783/795/7195
f 1851/4479/7196 1783/4640/7197 1782/4467/7198
f 1679/2608/7199 1680/2613/7200 1677/2589/7201 1676/2588/7202
f 454/1237/7203 868/1142/7204 867/1174/7205 450/1245/7206
f 2087/1055/7207 2091/939/7208 2099/949/7209 2088/1057/7210
f 1856/4468/7211 1857/4497/7212 1858/4471/7213
f 1182/1380/7214 1178/1345/7215 1180/1370/7216 1181/1403/7217
f 1382/1276/7218 1380/1264/7219 1379/1169/7220 1381/1157/7221
f 1873/4365/7222 1871/4395/7223 1870/4360/7224 1866/4318/7225
f 1859/3097/7226 1860/3090/7227 1861/3125/7228
f 206/686/7229 205/605/7230 1646/600/7231 1649/668/7232
f 1859/4450/7233 1770/4424/7234 1776/4444/7235
f 1862/11/7236 1861/52/7237 1863/51/7238
f 1862/4633/7239 1863/4484/7240 1864/4552/7241
f 1862/4633/7242 1864/4552/7243 1865/4594/7244
f 1862/64/7245 1865/63/7246 1766/39/7247
f 1862/3153/7248 1765/3177/7249 1771/3141/7250
f 1865/4594/7251 1864/4552/7252 1866/4643/7253
f 1865/4210/7254 1866/4318/7255 1867/4281/7256
f 1865/4210/7257 1867/4281/7258 1868/4213/7259
f 1865/4930/7260 1868/5046/7261 1761/4983/7262
f 1865/4930/7263 1760/4876/7264 1766/4831/7265
f 1518/1376/7266 1517/1406/7267 1523/1395/7268 223/1354/7269
f 616/2114/7270 617/2174/7271 614/2082/7272 615/2033/7273
f 1868/1939/7274 1756/1938/7275 1755/2009/7276
f 1868/5046/7277 1755/5023/7278 1761/4983/7279
f 15/518/7280 19/532/7281 1960/535/7282 27/521/7283
f 1869/1833/7284 7/1781/7285 4/1832/7286
f 1869/1833/7287 4/1832/7288 3/1869/7289
f 2186/3162/7290 2180/3154/7291 2184/3114/7292 2185/3124/7293
f 1111/1122/7294 1112/1148/7295 1110/1210/7296 1108/1190/7297
f 1668/3795/7298 1664/3738/7299 1666/3746/7300 1667/3798/7301
f 78/553/7302 102/491/7303 106/434/7304 79/460/7305
f 1873/5058/7306 1866/5097/7307 1864/5062/7308
f 1873/4585/7309 1864/4552/7310 1863/4484/7311
f 1873/4585/7312 1863/4484/7313 1876/4466/7314
f 1873/1961/7315 1876/1978/7316 1874/2023/7317
f 1876/602/7318 1877/599/7319 1878/471/7320
f 1876/1978/7321 1878/2054/7322 1874/2023/7323
f 1876/4466/7324 1863/4484/7325 1861/4263/7326
f 1876/30/7327 1861/20/7328 1860/55/7329
f 1876/30/7330 1860/55/7331 1879/77/7332
f 1876/602/7333 1879/823/7334 1877/599/7335
f 1879/34/7336 1880/70/7337 1881/44/7338
f 1879/823/7339 1881/615/7340 1877/599/7341
f 1879/3059/7342 1858/3065/7343 1857/3036/7344
f 1170/3935/7345 1165/3952/7346 1168/4022/7347 1169/3997/7348
f 1890/2925/7349 1885/2974/7350 1888/2951/7351 1889/2906/7352
f 1882/4536/7353 1855/4495/7354 1854/4535/7355
f 595/3717/7356 602/3813/7357 2399/3743/7358 596/3662/7359
f 1485/2113/7360 1486/2121/7361 1484/1995/7362 1483/1997/7363
f 1319/1114/7364 1176/1016/7365 1316/1058/7366 1318/1135/7367
f 2116/1826/7368 2117/1872/7369 2113/1954/7370 2115/1882/7371
f 590/3911/7372 589/3955/7373 2552/3959/7374 2551/3885/7375
f 1888/4599/7376 1883/4569/7377 94/4575/7378
f 1888/5224/7379 94/5051/7380 93/5068/7381
f 1002/2934/7382 1001/3001/7383 1088/3004/7384 1087/2923/7385
f 1890/1910/7386 1891/1853/7387 1892/1933/7388
f 2005/1544/7389 2002/1602/7390 2001/1514/7391 2004/1431/7392
f 1258/158/7393 1250/169/7394 1293/102/7395 1260/82/7396
f 1890/2925/7397 1889/2906/7398 1894/2732/7399
f 1890/1498/7400 1894/1353/7401 1891/1375/7402
f 1064/2631/7403 1063/2539/7404 1070/2564/7405 1066/2661/7406
f 252/3189/7407 251/3225/7408 1545/3290/7409 238/3227/7410
f 1894/436/7411 1897/248/7412 1898/171/7413
f 1894/179/7414 1898/387/7415 1895/234/7416
f 2237/1524/7417 2238/1500/7418 2236/1405/7419 2235/1425/7420
f 1898/2272/7421 1897/2238/7422 1899/2310/7423
f 1898/4696/7424 1899/4834/7425 1900/4692/7426
f 1898/4696/7427 1900/4692/7428 179/4549/7429
f 1898/380/7430 179/195/7431 178/205/7432
f 1900/4944/7433 1899/5092/7434 1901/5085/7435
f 46/839/7436 41/830/7437 43/800/7438 44/828/7439
f 1713/2220/7440 120/2157/7441 112/2271/7442 119/2284/7443
f 1903/2268/7444 1904/2436/7445 180/2450/7446
f 1903/206/7447 180/146/7448 179/150/7449
f 1903/206/7450 1902/187/7451 1848/208/7452
f 1494/4192/7453 1495/4212/7454 1493/4255/7455 1492/4215/7456
f 1903/1518/7457 1905/1532/7458 1906/1530/7459
f 1903/2268/7460 1906/2422/7461 1904/2436/7462
f 1906/4816/7463 1907/4663/7464 1908/4648/7465
f 1906/2422/7466 1908/2583/7467 1904/2436/7468
f 1906/1530/7469 1905/1532/7470 1845/1558/7471
f 1906/4403/7472 1845/4134/7473 1909/4412/7474
f 431/3143/7475 2495/3103/7476 2498/3120/7477 432/3158/7478
f 1910/5242/7479 1911/5208/7480 1912/5154/7481
f 1910/59/7482 1912/58/7483 1907/15/7484
f 267/4490/7485 297/4560/7486 301/4551/7487 268/4477/7488
f 1910/574/7489 1913/562/7490 1914/546/7491
f 1910/5242/7492 1914/5238/7493 1911/5208/7494
f 83/4833/7495 100/4770/7496 716/4782/7497 715/4853/7498
f 1914/546/7499 1913/562/7500 1839/530/7501
f 1914/1706/7502 1839/1944/7503 1917/1686/7504
f 1914/1706/7505 1917/1686/7506 1918/1600/7507
f 1914/1706/7508 1918/1600/7509 1915/1617/7510
f 1918/2863/7511 1919/2822/7512 1920/2849/7513
f 1918/2863/7514 1920/2849/7515 1915/2903/7516
f 2496/3855/7517 2495/3918/7518 884/3941/7519 882/3869/7520
f 2247/4141/7521 2192/4194/7522 2243/4196/7523 2241/4159/7524
f 747/1352/7525 741/1333/7526 745/1298/7527 746/1322/7528
f 1562/3619/7529 1567/3603/7530 1577/3663/7531 1563/3678/7532
f 218/2340/7533 220/2424/7534 2211/2404/7535 2210/2312/7536
f 1924/2427/7537 1925/2395/7538 1926/2387/7539
f 1924/2800/7540 1926/2802/7541 1927/2826/7542
f 2197/4126/7543 2198/4088/7544 2194/4146/7545 2193/4173/7546
f 2357/4311/7547 2358/4306/7548 2356/4205/7549 2355/4211/7550
f 2233/2107/7551 1482/1986/7552 2230/1976/7553 2232/2104/7554
f 1928/2741/7555 1923/2766/7556 1725/2720/7557
f 1928/2092/7558 1725/2040/7559 1724/2046/7560
f 1362/4835/7561 1359/4788/7562 1358/4758/7563 1361/4825/7564
f 1930/2372/7565 118/2348/7566 112/2271/7567
f 1930/2372/7568 112/2271/7569 1931/2362/7570
f 925/956/7571 926/1017/7572 924/938/7573 923/884/7574
f 1930/2372/7575 1929/2400/7576 1717/2383/7577
f 1930/2372/7578 1717/2383/7579 118/2348/7580
f 1931/2362/7581 112/2271/7582 117/2359/7583
f 1931/2362/7584 117/2359/7585 1932/2367/7586
f 1931/2362/7587 1932/2367/7588 1933/2385/7589
f 1931/2362/7590 1933/2385/7591 1926/2387/7592
f 1933/2385/7593 1932/2367/7594 117/2359/7595
f 1933/2385/7596 117/2359/7597 116/2371/7598
f 1901/5085/7599 1849/5082/7600 1902/4929/7601 1900/4944/7602
f 2318/4357/7603 2319/4266/7604 2317/4265/7605 2316/4352/7606
f 477/325/7607 483/201/7608 2565/149/7609 478/252/7610
f 1935/2842/7611 1937/2892/7612 1920/2849/7613
f 1935/2842/7614 1920/2849/7615 1927/2826/7616
f 1009/4094/7617 1010/4072/7618 1008/3998/7619 1007/3996/7620
f 1937/2892/7621 1916/2941/7622 1915/2903/7623
f 1937/2892/7624 1915/2903/7625 1920/2849/7626
f 845/4249/7627 846/4390/7628 842/4369/7629 841/4203/7630
f 1938/2994/7631 1940/3015/7632 1941/3077/7633
f 1938/2983/7634 1941/3041/7635 1912/3028/7636
f 1938/2983/7637 1912/3028/7638 1911/3011/7639
f 1938/2994/7640 1911/3043/7641 1916/2941/7642
f 1941/5267/7643 1940/5118/7644 1942/5207/7645
f 1941/253/7646 1942/233/7647 1943/293/7648
f 1941/253/7649 1943/293/7650 181/439/7651
f 1941/253/7652 181/439/7653 1908/449/7654
f 1941/253/7655 1908/449/7656 1907/475/7657
f 1941/253/7658 1907/475/7659 1912/237/7660
f 1943/4573/7661 1942/4519/7662 1944/4297/7663
f 1943/4849/7664 1944/5166/7665 1945/5125/7666
f 1943/4849/7667 1945/5125/7668 176/5103/7669
f 1943/293/7670 176/525/7671 181/439/7672
f 1432/3470/7673 1428/3455/7674 1427/3559/7675 1431/3564/7676
f 1537/3527/7677 1538/3487/7678 1536/3533/7679 1535/3581/7680
f 107/3793/7681 110/3821/7682 2031/3799/7683 1494/3774/7684
f 765/540/7685 761/537/7686 760/403/7687 764/407/7688
f 1948/5264/7689 1946/5244/7690 1949/5278/7691
f 1948/3992/7692 1949/4151/7693 1950/3988/7694
f 1948/1072/7695 1950/1039/7696 1951/824/7697
f 1948/1072/7698 1951/824/7699 1892/860/7700
f 1948/1072/7701 1892/860/7702 1891/889/7703
f 1948/3643/7704 1891/3654/7705 1896/3661/7706
f 1951/824/7707 1950/1039/7708 1952/1008/7709
f 1951/824/7710 1952/1008/7711 1953/751/7712
f 1951/2014/7713 1953/2081/7714 1954/2188/7715
f 1951/2014/7716 1954/2188/7717 1955/2115/7718
f 1951/2014/7719 1955/2115/7720 1893/2044/7721
f 1955/5096/7722 1954/5232/7723 30/5294/7724
f 1955/5096/7725 30/5294/7726 1956/5162/7727
f 1955/5191/7728 1956/5094/7729 1886/5101/7730
f 1955/3105/7731 1886/3104/7732 1893/3009/7733
f 1956/2699/7734 30/2734/7735 29/2750/7736
f 1956/5094/7737 29/5045/7738 1957/5038/7739
f 2581/3580/7740 2513/3625/7741 2585/3669/7742 2582/3622/7743
f 1957/9/7744 29/53/7745 28/33/7746
f 1957/5262/7747 28/5231/7748 1958/5218/7749
f 1957/5262/7750 1958/5218/7751 1881/5260/7752
f 1957/2391/7753 1881/2360/7754 1887/2319/7755
f 1958/543/7756 28/523/7757 1959/544/7758
f 1958/2065/7759 1959/2006/7760 1878/2054/7761
f 1958/2065/7762 1878/2054/7763 1877/2204/7764
f 1958/473/7765 1877/599/7766 1881/615/7767
f 584/4010/7768 588/4005/7769 2572/4121/7770 582/4091/7771
f 496/3014/7772 495/2954/7773 831/2904/7774 832/2944/7775
f 2020/2967/7776 2018/2896/7777 2096/2962/7778 2023/3023/7779
f 892/5073/7780 893/5176/7781 891/4980/7782 890/4871/7783
f 1960/535/7784 19/532/7785 11/573/7786
f 1960/4457/7787 11/4416/7788 1961/4429/7789
f 1954/424/7790 1953/423/7791 22/305/7792
f 1954/2718/7793 22/2719/7794 17/2760/7795
f 1954/2718/7796 17/2760/7797 16/2770/7798
f 1954/2718/7799 16/2770/7800 30/2734/7801
f 1953/751/7802 1952/1008/7803 1962/961/7804
f 1953/4179/7805 1962/3944/7806 22/4315/7807
f 1962/3879/7808 1963/3861/7809 1964/3843/7810
f 1962/280/7811 1964/279/7812 1965/245/7813
f 1962/1031/7814 1965/1002/7815 23/690/7816
f 1962/3944/7817 23/4346/7818 22/4315/7819
f 1962/5215/7820 1952/5239/7821 1966/5228/7822
f 1962/3879/7823 1966/3880/7824 1963/3861/7825
f 1323/1231/7826 1324/1222/7827 1322/1166/7828 1321/1178/7829
f 1966/5228/7830 1952/5239/7831 1950/5263/7832
f 1966/5240/7833 1950/5227/7834 1949/5223/7835
f 1238/4611/7836 403/4538/7837 1290/4496/7838 1291/4587/7839
f 1969/3956/7840 1970/3726/7841 1971/3711/7842
f 1969/2645/7843 1971/2616/7844 1967/2621/7845
f 1289/4586/7846 1290/4604/7847 1288/4502/7848 1287/4478/7849
f 1969/2138/7850 1944/2132/7851 1942/1864/7852
f 1969/3956/7853 1942/3740/7854 1970/3726/7855
f 1971/2485/7856 1972/2431/7857 115/2370/7858
f 1971/2485/7859 115/2370/7860 1973/2453/7861
f 337/1496/7862 338/1479/7863 335/1534/7864 336/1542/7865
f 1971/2616/7866 1968/2598/7867 1967/2621/7868
f 1647/4645/7869 1652/4658/7870 1663/4597/7871 1648/4591/7872
f 1971/116/7873 1939/143/7874 1972/228/7875
f 1551/893/7876 279/803/7877 278/772/7878 284/905/7879
f 1973/2578/7880 1974/2541/7881 1975/2562/7882
f 129/176/7883 133/357/7884 1810/388/7885 1808/251/7886
f 866/2775/7887 865/2834/7888 2539/2868/7889 451/2805/7890
f 1468/3207/7891 1463/3203/7892 2221/3230/7893 1470/3245/7894
f 915/2317/7895 916/2309/7896 912/2211/7897 911/2205/7898
f 2207/3072/7899 2208/3236/7900 2204/3242/7901 2203/3080/7902
f 1117/3524/7903 1115/3453/7904 1114/3386/7905 1111/3427/7906
f 1982/1634/7907 1981/1548/7908 1983/1252/7909
f 1982/3825/7910 1983/3659/7911 1984/3650/7912
f 1982/506/7913 1984/507/7914 23/560/7915
f 1982/970/7916 23/690/7917 1965/1002/7918
f 1984/3650/7919 1983/3659/7920 1985/3561/7921
f 1984/5164/7922 1985/5060/7923 1986/5108/7924
f 1984/5164/7925 1986/5108/7926 24/5132/7927
f 1984/134/7928 24/191/7929 23/165/7930
f 2010/1645/7931 2006/1666/7932 2005/1544/7933 2009/1509/7934
f 818/1592/7935 819/1746/7936 816/1753/7937 817/1608/7938
f 1293/2843/7939 427/2872/7940 1262/2928/7941 1260/2911/7942
f 1004/2867/7943 1002/2934/7944 1087/2923/7945 1048/2833/7946
f 864/2170/7947 2532/2097/7948 2536/2142/7949 865/2194/7950
f 1981/728/7951 1980/579/7952 2129/587/7953 2130/715/7954
f 134/5296/7955 132/5249/7956 128/5201/7957 131/5220/7958
f 1968/3218/7959 1963/3235/7960 1966/3212/7961 1967/3205/7962
f 476/1788/7963 475/1763/7964 1123/1738/7965 1126/1774/7966
f 1998/2163/7967 63/2288/7968 25/2335/7969
f 1998/2163/7970 25/2335/7971 62/2173/7972
f 1345/2153/7973 1346/2236/7974 1342/2208/7975 1344/2111/7976
f 1998/951/7977 2000/954/7978 2001/869/7979
f 1998/2163/7980 2001/2274/7981 63/2288/7982
f 2001/1514/7983 2002/1602/7984 20/1687/7985
f 2001/2274/7986 20/2408/7987 63/2288/7988
f 1057/899/7989 1058/902/7990 1056/866/7991 1055/849/7992
f 271/1398/7993 305/1507/7994 304/1477/7995 272/1392/7996
f 1869/4308/7997 3/4206/7998 1868/4213/7999 1867/4281/8000
f 2250/1537/8001 2234/1440/8002 2253/1457/8003 2251/1541/8004
f 1021/331/8005 1020/230/8006 1040/202/8007 1023/319/8008
f 444/774/8009 443/835/8010 1259/844/8011 1261/778/8012
f 474/1159/8013 914/1221/8014 1113/1180/8015 470/1109/8016
f 1993/1828/8017 1992/1728/8018 2138/1682/8019 2141/1762/8020
f 608/3722/8021 607/3714/8022 1100/3788/8023 1099/3809/8024
f 942/288/8025 947/317/8026 964/393/8027 943/375/8028
f 125/1445/8029 725/1439/8030 722/1369/8031 126/1394/8032
f 2230/1912/8033 1479/1790/8034 2227/1793/8035 2229/1923/8036
f 2019/4065/8037 2021/3982/8038 78/4074/8039
f 2019/749/8040 78/553/8041 80/642/8042
f 1633/1257/8043 353/1214/8044 1630/1307/8045 1632/1334/8046
f 2021/3982/8047 103/3888/8048 102/3907/8049
f 2021/590/8050 102/491/8051 78/553/8052
f 648/1839/8053 643/1799/8054 639/1719/8055 647/1768/8056
f 536/465/8057 538/414/8058 2339/510/8059 2343/561/8060
f 1413/2354/8061 1417/2369/8062 1478/2251/8063 1414/2235/8064
f 2022/3874/8065 104/3849/8066 103/3888/8067
f 554/4513/8068 539/4510/8069 531/4464/8070 528/4445/8071
f 1007/2815/8072 1006/2795/8073 1046/2706/8074 1009/2737/8075
f 1125/5186/8076 1124/5168/8077 1129/5193/8078 1132/5211/8079
f 2028/3810/8080 2030/3790/8081 2031/3799/8082
f 1826/3327/8083 1791/3331/8084 1825/3471/8085 1824/3460/8086
f 116/2371/8087 115/2370/8088 1972/2431/8089 1934/2413/8090
f 2031/3799/8091 1495/3758/8092 1494/3774/8093
f 2032/3100/8094 2030/3086/8095 2029/3138/8096
f 2032/4377/8097 2029/4570/8098 2033/4577/8099
f 656/3273/8100 654/3201/8101 650/3288/8102 653/3333/8103
f 2032/3776/8104 1498/3767/8105 1497/3780/8106
f 2033/4577/8107 2029/4570/8108 2034/4681/8109
f 2033/4618/8110 2034/4768/8111 2035/4779/8112
f 2033/4618/8113 2035/4779/8114 1504/4785/8115
f 2033/4577/8116 1504/4672/8117 1502/4558/8118
f 698/4959/8119 1745/4793/8120 1744/4794/8121 1743/4962/8122
f 2243/386/8123 2244/433/8124 2242/429/8125 2241/382/8126
f 2316/3475/8127 2314/3465/8128 2368/3367/8129 2370/3379/8130
f 1836/1647/8131 1921/1579/8132 1918/1600/8133 1917/1686/8134
f 2138/2611/8135 1992/2534/8136 2136/2457/8137 2137/2536/8138
f 2039/2646/8139 2038/2640/8140 2040/2666/8141
f 2601/3019/8142 2537/2988/8143 2599/3062/8144 2600/3085/8145
f 1273/2602/8146 1269/2617/8147 1268/2554/8148 1272/2546/8149
f 1145/4131/8150 1143/4108/8151 1168/4022/8152 1163/4047/8153
f 2008/854/8154 2100/946/8155 2099/949/8156 2098/851/8157
f 2042/1003/8158 2044/1004/8159 2045/1112/8160
f 2042/5001/8161 2045/5179/8162 1688/5178/8163
f 2091/939/8164 2090/925/8165 2094/865/8166 2097/870/8167
f 2045/1112/8168 2044/1004/8169 2046/1014/8170
f 2045/35/8171 2046/36/8172 2047/87/8173
f 2045/4436/8174 2047/4463/8175 2048/4527/8176
f 2045/4789/8177 2048/4673/8178 1691/4687/8179
f 499/2531/8180 501/2529/8181 633/2438/8182 507/2446/8183
f 2048/4527/8184 2047/4463/8185 2049/4521/8186
f 2048/5283/8187 2049/5282/8188 2050/5212/8189
f 2048/1513/8190 2050/1462/8191 2051/1588/8192
f 2048/3747/8193 2051/3805/8194 1694/3769/8195
f 2048/3747/8196 1694/3769/8197 1692/3744/8198
f 2048/4673/8199 1692/4481/8200 1691/4687/8201
f 2051/1588/8202 2050/1462/8203 2052/1360/8204
f 2051/392/8205 2052/235/8206 2053/409/8207
f 2413/3690/8208 2337/3753/8209 2411/3656/8210 2410/3606/8211
f 2051/5144/8212 1697/5145/8213 1695/5256/8214
f 2051/3805/8215 1695/3934/8216 1694/3769/8217
f 2564/3000/8218 524/3055/8219 2561/3053/8220 2563/2985/8221
f 424/4606/8222 1242/4647/8223 1291/4587/8224 425/4546/8225
f 2054/1061/8226 1700/1078/8227 1698/1006/8228
f 2054/1270/8229 1698/1152/8230 1697/1259/8231
f 1450/3892/8232 1449/4027/8233 2259/4033/8234 1452/3909/8235
f 2423/4328/8236 2424/4319/8237 2422/4231/8238 2421/4246/8239
f 2425/4316/8240 2426/4218/8241 2422/4231/8242 2424/4319/8243
f 2060/1167/8244 2059/1179/8245 2061/1227/8246
f 2060/1070/8247 2061/1020/8248 2062/1090/8249
f 1106/2198/8250 1107/2200/8251 1105/2323/8252 1104/2328/8253
f 523/1807/8254 522/1704/8255 2568/1697/8256 550/1823/8257
f 35/2725/8258 2152/2755/8259 2017/2810/8260 36/2787/8261
f 816/1753/8262 350/1899/8263 813/1898/8264 812/1766/8265
f 2342/2885/8266 2343/2958/8267 2339/2955/8268 2338/2879/8269
f 424/2804/8270 423/2753/8271 1243/2711/8272 1242/2772/8273
f 2066/1432/8274 2068/1535/8275 120/1552/8276
f 2066/4104/8277 120/4198/8278 1712/4199/8279
f 2066/4104/8280 1712/4199/8281 1710/4239/8282
f 2066/1249/8283 1710/1301/8284 1709/1235/8285
f 2065/1158/8286 2064/1113/8287 2069/1136/8288
f 2065/1915/8289 2069/1887/8290 2067/1861/8291
f 2377/1680/8292 2376/1591/8293 2446/1572/8294 2379/1655/8295
f 2064/1113/8296 2062/1090/8297 2061/1020/8298
f 2064/489/8299 2061/418/8300 2070/490/8301
f 2070/4742/8302 2072/4668/8303 2073/4716/8304
f 1351/4055/8305 360/4113/8306 1348/4050/8307 1350/3995/8308
f 238/3227/8309 239/3306/8310 236/3231/8311 237/3175/8312
f 2513/3625/8313 2511/3664/8314 2595/3709/8315 2585/3669/8316
f 2391/969/8317 2392/995/8318 2388/1047/8319 2387/1012/8320
f 1108/2196/8321 1109/2311/8322 1105/2323/8323 1107/2200/8324
f 2077/957/8325 2078/1065/8326 2079/1048/8327
f 2077/4453/8328 2079/4404/8329 2075/4505/8330
f 2077/1236/8331 2058/1188/8332 2056/1128/8333
f 2077/487/8334 2056/620/8335 2055/481/8336
f 2077/487/8337 2055/481/8338 2080/359/8339
f 2077/957/8340 2080/1035/8341 2078/1065/8342
f 2266/2096/8343 2267/2059/8344 2265/2103/8345 2264/2148/8346
f 2080/986/8347 2055/1044/8348 2053/977/8349
f 2080/1111/8350 2053/1143/8351 2052/1077/8352
f 2231/2102/8353 2232/2104/8354 2230/1976/8355 2229/1962/8356
f 257/4529/8357 256/4628/8358 1533/4616/8359 1536/4515/8360
f 2083/1243/8361 2052/1360/8362 2050/1462/8363
f 2083/5183/8364 2050/4976/8365 2049/5034/8366
f 2083/4629/8367 2049/4521/8368 2086/4397/8369
f 2083/1005/8370 2086/892/8371 2084/913/8372
f 2419/2874/8373 2346/2901/8374 2416/2790/8375 2418/2794/8376
f 2086/4397/8377 2049/4521/8378 2047/4463/8379
f 2086/980/8380 2047/1144/8381 2046/1014/8382
f 871/1780/8383 861/1778/8384 868/1829/8385 870/1843/8386
f 1529/4726/8387 1534/4605/8388 1533/4616/8389 1530/4723/8390
f 1103/3782/8391 1104/3873/8392 1101/3876/8393 1100/3788/8394
f 1814/4948/8395 1741/4955/8396 1740/4786/8397 1739/4766/8398
f 2092/3222/8399 2093/3151/8400 2094/3101/8401
f 2092/904/8402 2094/865/8403 2090/925/8404
f 2092/2705/8405 2043/2710/8406 2041/2671/8407
f 171/3340/8408 170/3371/8409 2219/3309/8410 2216/3298/8411
f 171/3957/8412 2216/3924/8413 2215/4039/8414 174/4060/8415
f 1974/3794/8416 114/3865/8417 2124/3847/8418 1976/3785/8419
f 2095/766/8420 2037/763/8421 2027/578/8422
f 2095/3169/8423 2027/3126/8424 2025/3112/8425
f 77/458/8426 76/454/8427 2244/433/8428 2245/428/8429
f 2221/3230/8430 1460/3210/8431 2217/3246/8432 2220/3265/8433
f 921/2388/8434 918/2290/8435 917/2300/8436 920/2409/8437
f 2097/3033/8438 2096/2962/8439 2013/2902/8440
f 2097/1337/8441 2013/1469/8442 2098/1355/8443
f 2092/2705/8444 2041/2671/8445 2039/2646/8446 2040/2666/8447
f 1652/4658/8448 1647/4645/8449 1650/4698/8450 1651/4711/8451
f 867/4817/8452 860/4842/8453 863/4907/8454 866/4867/8455
f 729/4438/8456 730/4402/8457 726/4476/8458 725/4537/8459
f 2418/103/8460 2417/219/8461 2482/229/8462 2420/132/8463
f 2101/1071/8464 2102/1053/8465 2103/1129/8466
f 2101/878/8467 2103/976/8468 2085/942/8469
f 2101/878/8470 2085/942/8471 2084/913/8472
f 2101/1071/8473 2084/1138/8474 2088/1057/8475
f 2103/1129/8476 2102/1053/8477 1999/1079/8478
f 2103/976/8479 1999/926/8480 2104/1009/8481
f 1350/3995/8482 1349/3945/8483 2295/3895/8484 1352/3962/8485
f 2462/1414/8486 2463/1342/8487 2461/1332/8488 2459/1389/8489
f 1366/3317/8490 1367/3291/8491 1364/3365/8492 1365/3402/8493
f 1347/2694/8494 1345/2690/8495 2291/2587/8496 2292/2576/8497
f 1422/2649/8498 1419/2595/8499 1418/2582/8500 1421/2635/8501
f 1987/4990/8502 1985/5060/8503 2132/4984/8504 2133/4931/8505
f 2107/1037/8506 2109/1038/8507 2110/947/8508
f 2107/4567/8509 2110/4627/8510 2076/4596/8511
f 2107/4567/8512 2076/4596/8513 2075/4505/8514
f 2107/1037/8515 2075/963/8516 2079/1048/8517
f 2110/947/8518 2109/1038/8519 2111/1034/8520
f 2110/4627/8521 2111/4678/8522 2112/4675/8523
f 2188/4244/8524 2187/4253/8525 2243/4196/8526 2192/4194/8527
f 1240/4743/8528 368/4752/8529 1237/4682/8530 1239/4667/8531
f 967/529/8532 968/551/8533 965/474/8534 966/476/8535
f 1720/2049/8536 1721/1955/8537 1719/1936/8538 1718/2047/8539
f 2113/1954/8540 2117/1872/8541 2071/1935/8542
f 2398/2669/8543 2394/2593/8544 2393/2600/8545 2397/2655/8546
f 811/1622/8547 812/1766/8548 808/1776/8549 807/1627/8550
f 1303/5056/8551 1197/4965/8552 1300/4967/8553 1302/5070/8554
f 60/988/8555 59/924/8556 47/885/8557 51/964/8558
f 2121/4046/8559 113/3933/8560 112/3921/8561
f 2121/5277/8562 112/5276/8563 2122/5226/8564
f 1387/3389/8565 1384/3357/8566 1385/3430/8567 1386/3474/8568
f 2123/1638/8569 182/1593/8570 185/1553/8571
f 2123/3901/8572 185/3803/8573 2124/3847/8574
f 158/3301/8575 1387/3389/8576 1393/3406/8577 159/3322/8578
f 1428/3455/8579 1434/3324/8580 1467/3318/8581 1429/3451/8582
f 1740/211/8583 66/246/8584 1737/273/8585 1739/239/8586
f 395/559/8587 2516/524/8588 2581/455/8589 398/496/8590
f 2125/1250/8591 2126/1312/8592 2127/1269/8593
f 2125/2299/8594 2127/2227/8595 1979/2358/8596
f 1656/3557/8597 1651/3553/8598 1654/3501/8599 1655/3484/8600
f 2168/347/8601 2172/282/8602 2274/322/8603 2169/394/8604
f 2058/1188/8605 2059/1179/8606 2057/1130/8607 2056/1128/8608
f 1704/1118/8609 1703/1052/8610 2060/1070/8611 1706/1133/8612
f 393/604/8613 397/552/8614 2578/595/8615 2598/652/8616
f 2176/2021/8617 2171/1985/8618 2174/2034/8619 2175/2052/8620
f 523/1807/8621 519/1761/8622 518/1690/8623 522/1704/8624
f 2189/4220/8625 2185/4273/8626 2184/4278/8627 2188/4244/8628
f 394/608/8629 395/559/8630 392/565/8631 393/604/8632
f 2131/817/8633 2132/847/8634 1985/897/8635
f 2131/3685/8636 1985/3561/8637 1983/3659/8638
f 1823/466/8639 1824/459/8640 1822/261/8641 1821/269/8642
f 433/3989/8643 886/4061/8644 885/3981/8645 884/3941/8646
f 2133/845/8647 124/782/8648 2134/735/8649
f 2133/2225/8650 2134/2273/8651 2135/2301/8652
f 2133/2225/8653 2135/2301/8654 1989/2346/8655
f 2133/1652/8656 1989/1700/8657 1987/1737/8658
f 848/1199/8659 852/1207/8660 877/1149/8661 849/1134/8662
f 1314/3081/8663 1315/2986/8664 1313/2970/8665 1312/3054/8666
f 156/4376/8667 211/4327/8668 730/4402/8669 729/4438/8670
f 1636/1400/8671 1634/1362/8672 1659/1407/8673 1657/1437/8674
f 843/1105/8675 849/1134/8676 878/1066/8677 844/1011/8678
f 2498/3120/8679 2495/3103/8680 2496/3083/8681 2497/3096/8682
f 995/3613/8683 996/3665/8684 994/3616/8685 993/3565/8686
f 1325/5123/8687 1373/5141/8688 1372/5035/8689 1327/5030/8690
f 1996/1229/8691 2106/1125/8692 2105/1141/8693 2104/1255/8694
f 2141/1100/8695 2108/1110/8696 1994/1205/8697
f 2141/1762/8698 1994/1874/8699 1993/1828/8700
f 289/2707/8701 288/2776/8702 326/2819/8703 310/2744/8704
f 2140/1584/8705 2114/1609/8706 2112/1536/8707
f 2140/90/8708 2112/154/8709 2111/148/8710
f 2577/1865/8711 479/1929/8712 2574/1991/8713 2576/1917/8714
f 326/2112/8715 324/2215/8716 322/2202/8717 323/2143/8718
f 1437/3352/8719 1433/3336/8720 1432/3470/8721 1436/3483/8722
f 2187/383/8723 2245/428/8724 2244/433/8725 2243/386/8726
f 361/4153/8727 360/4113/8728 1351/4055/8729 381/4090/8730
f 1433/3113/8731 1439/3107/8732 1465/3137/8733 1434/3142/8734
f 1199/4095/8735 1196/4147/8736 1195/4137/8737 1198/4080/8738
f 2148/1660/8739 183/1623/8740 2120/1702/8741
f 2148/1676/8742 2120/1688/8743 2119/1758/8744
f 2147/1566/8745 2146/1568/8746 2149/1478/8747
f 2147/1426/8748 2149/1441/8749 2128/1378/8750
f 462/1455/8751 459/1373/8752 455/1310/8753 461/1416/8754
f 634/2949/8755 832/2944/8756 835/2893/8757 637/2890/8758
f 360/2325/8759 357/2280/8760 1346/2236/8761 1348/2277/8762
f 2149/1478/8763 2146/1568/8764 2145/1547/8765
f 2149/1441/8766 2145/1564/8767 2150/1505/8768
f 2136/2457/8769 1989/2346/8770 2135/2301/8771 190/2377/8772
f 2150/1505/8773 2145/1564/8774 187/1587/8775
f 2150/2276/8776 187/2349/8777 192/2287/8778
f 1920/2849/8779 1919/2822/8780 1924/2800/8781 1927/2826/8782
f 125/4588/8783 127/4482/8784 729/4438/8785 725/4537/8786
f 2365/914/8787 2364/871/8788 2439/813/8789 2441/876/8790
f 1281/1246/8791 1223/1381/8792 1280/1358/8793 1279/1230/8794
f 984/542/8795 985/464/8796 981/461/8797 980/539/8798
f 778/704/8799 330/827/8800 775/843/8801 774/722/8802
f 2104/1124/8803 1999/1079/8804 1997/1049/8805
f 2104/1255/8806 1997/1326/8807 1996/1229/8808
f 1529/4726/8809 1673/4708/8810 1675/4609/8811 1534/4605/8812
f 1816/4977/8813 1812/4865/8814 1831/4860/8815 58/4968/8816
f 2101/1071/8817 2088/1057/8818 2099/949/8819 2100/946/8820
f 2522/3590/8821 2528/3635/8822 2604/3636/8823 2523/3589/8824
f 2526/3585/8825 2522/3590/8826 2521/3541/8827 2525/3545/8828
f 2037/5111/8829 2034/5135/8830 2029/5121/8831
f 2037/3500/8832 2029/3511/8833 2027/3491/8834
f 2506/1934/8835 562/1906/8836 2505/1824/8837 872/1842/8838
f 1218/2788/8839 1219/2748/8840 1217/2723/8841 840/2785/8842
f 726/1428/8843 723/1357/8844 722/1369/8845 725/1439/8846
f 2513/3625/8847 2514/3567/8848 2512/3609/8849 2511/3664/8850
f 2558/2678/8851 2557/2624/8852 2601/2619/8853 2600/2708/8854
f 1167/1000/8855 1166/1030/8856 1328/1097/8857 1330/1059/8858
f 2329/4615/8859 516/4580/8860 2490/4664/8861 2330/4713/8862
f 2511/3664/8863 2512/3609/8864 2510/3657/8865 2509/3706/8866
f 351/505/8867 347/361/8868 346/337/8869 350/501/8870
f 2157/4485/8871 13/4451/8872 18/4545/8873
f 2157/2524/8874 18/2482/8875 21/2471/8876
f 2156/1672/8877 2158/1749/8878 10/1796/8879
f 1417/2369/8880 1413/2354/8881 1415/2494/8882 1416/2512/8883
f 2158/3374/8884 2159/3234/8885 699/3224/8886
f 2158/1749/8887 699/1726/8888 10/1796/8889
f 2158/2664/8890 2153/2686/8891 2160/2650/8892
f 2158/5209/8893 2160/5012/8894 2159/5041/8895
f 465/1390/8896 2301/1490/8897 2300/1526/8898 461/1416/8899
f 2160/2650/8900 2153/2686/8901 35/2725/8902
f 2160/4864/8903 35/5021/8904 31/5015/8905
f 2160/2789/8906 38/2758/8907 2161/2713/8908
f 2420/2801/8909 2421/2850/8910 2419/2874/8911 2418/2794/8912
f 1600/1384/8913 1599/1412/8914 1631/1372/8915 1629/1346/8916
f 522/1704/8917 524/1540/8918 2564/1521/8919 2568/1697/8920
f 2162/2660/8921 38/2758/8922 37/2831/8923
f 2162/216/8924 37/113/8925 2163/128/8926
f 1056/866/8927 1042/790/8928 1053/777/8929 1055/849/8930
f 2163/3118/8931 37/3119/8932 42/3200/8933
f 2163/5298/8934 42/5159/8935 2164/5299/8936
f 2055/1044/8937 2056/1128/8938 2054/1061/8939 2053/977/8940
f 184/1550/8941 2126/1476/8942 2125/1495/8943 185/1553/8944
f 1233/2373/8945 1229/2410/8946 1285/2464/8947 1284/2418/8948
f 2165/3289/8949 2166/3330/8950 2167/3275/8951
f 2165/1657/8952 2167/1633/8953 85/1573/8954
f 732/1254/8955 737/1184/8956 1705/1191/8957 733/1273/8958
f 2167/1835/8959 2168/1876/8960 2169/1816/8961
f 2167/2296/8962 2169/2441/8963 135/2384/8964
f 2167/1633/8965 135/1577/8966 86/1523/8967
f 2167/1633/8968 86/1523/8969 85/1573/8970
f 314/3016/8971 315/3007/8972 312/3109/8973 313/3131/8974
f 1178/1345/8975 1182/1380/8976 1315/1350/8977 1179/1321/8978
f 2170/1948/8979 2166/1911/8980 60/1852/8981
f 2170/3414/8982 60/3287/8983 2173/3277/8984
f 2170/3414/8985 2173/3277/8986 2174/3271/8987
f 2170/1948/8988 2174/2034/8989 2171/1985/8990
f 1430/188/8991 1431/109/8992 1427/107/8993 1426/189/8994
f 1458/4011/8995 1459/4013/8996 1457/4105/8997 216/4093/8998
f 1507/4951/8999 202/4964/9000 1506/4809/9001 1505/4801/9002
f 1879/3059/9003 1860/3090/9004 1859/3097/9005 1858/3065/9006
f 1331/654/9007 1332/659/9008 1330/547/9009 1329/549/9010
f 468/2930/9011 452/2861/9012 2541/2913/9013 2543/2966/9014
f 888/5222/9015 889/5185/9016 887/5167/9017 886/5219/9018
f 517/2394/9019 2390/2477/9020 2488/2466/9021 2487/2364/9022
f 636/2376/9023 635/2352/9024 887/2297/9025 891/2336/9026
f 1141/4059/9027 1142/4082/9028 1140/4172/9029 1139/4142/9030
f 2153/2686/9031 2154/2714/9032 2152/2755/9033 35/2725/9034
f 714/4928/9035 715/4853/9036 711/4863/9037 710/4947/9038
f 831/2137/9039 495/2166/9040 828/2051/9041 830/2039/9042
f 661/816/9043 660/881/9044 963/891/9045 947/822/9046
f 2461/5147/9047 2430/5274/9048 2460/5270/9049 2459/5146/9050
f 528/1371/9051 527/1308/9052 566/1340/9053 554/1413/9054
f 2199/4026/9055 2198/4088/9056 2202/4041/9057
f 2199/3060/9058 2202/2981/9059 2203/3080/9060
f 1079/3735/9061 656/3712/9062 1078/3765/9063 1054/3789/9064
f 258/3432/9065 257/3466/9066 1536/3533/9067 1538/3487/9068
f 2012/2799/9069 2006/2855/9070 2010/2909/9071 2011/2847/9072
f 849/1134/9073 843/1105/9074 847/1195/9075 848/1199/9076
f 797/2167/9077 796/2164/9078 1249/2219/9079 801/2224/9080
f 992/480/9081 993/351/9082 991/354/9083 990/470/9084
f 2209/4029/9085 2213/4052/9086 2214/3993/9087
f 2209/5093/9088 2214/5272/9089 2210/5246/9090
f 401/2458/9091 400/2430/9092 1283/2461/9093 1282/2488/9094
f 1434/3324/9095 1428/3455/9096 1432/3470/9097 1433/3336/9098
f 1062/520/9099 1036/545/9100 1059/456/9101 1061/420/9102
f 142/3091/9103 137/3261/9104 136/3266/9105 141/3093/9106
f 1284/2418/9107 1285/2464/9108 1281/2516/9109 1283/2461/9110
f 1162/1927/9111 1160/2011/9112 1158/1998/9113 1156/1922/9114
f 1840/4443/9115 1839/4504/9116 1913/4486/9117 1842/4431/9118
f 1382/1276/9119 167/1331/9120 1518/1376/9121 222/1327/9122
f 1491/2123/9123 1402/1977/9124 1490/1984/9125 1489/2131/9126
f 363/509/9127 367/511/9128 789/653/9129 788/651/9130
f 467/2342/9131 466/2382/9132 2547/2443/9133 545/2379/9134
f 1987/4990/9135 1988/5059/9136 1986/5108/9137 1985/5060/9138
f 436/1615/9139 437/1691/9140 434/1747/9141 435/1658/9142
f 2222/3286/9143 2220/3265/9144 2219/3309/9145
f 2222/3349/9146 2219/3228/9147 2223/3364/9148
f 398/496/9149 396/516/9150 392/565/9151 395/559/9152
f 2222/3349/9153 1473/3452/9154 1471/3450/9155
f 2224/3434/9156 2223/3364/9157 2225/3351/9158
f 2224/1699/9159 2225/1813/9160 2226/1808/9161
f 2224/1699/9162 2226/1808/9163 2227/1793/9164
f 2224/3434/9165 2227/3439/9166 1476/3494/9167
f 2059/1179/9168 2058/1188/9169 2074/1238/9170 2061/1227/9171
f 2550/3893/9172 2547/4045/9173 2546/4028/9174 2549/3902/9175
f 840/2785/9176 841/2762/9177 838/2820/9178 837/2830/9179
f 1707/1197/9180 1706/1133/9181 2063/1147/9182 1709/1235/9183
f 2442/1485/9184 2443/1491/9185 2441/1423/9186 2440/1408/9187
f 260/4520/9188 1544/4344/9189 1550/4339/9190 265/4516/9191
f 215/4092/9192 219/4116/9193 2215/4039/9194 2218/4016/9195
f 1420/2528/9196 1416/2512/9197 1418/2582/9198 1419/2595/9199
f 2233/1315/9200 2235/1425/9201 2236/1405/9202
f 2233/2107/9203 2236/2218/9204 1485/2113/9205
f 277/1253/9206 274/1212/9207 270/1295/9208 273/1320/9209
f 2371/1538/9210 2372/1581/9211 2370/1454/9212 2369/1418/9213
f 1484/1909/9214 1410/1792/9215 1481/1794/9216 1483/1908/9217
f 195/2584/9218 194/2648/9219 1451/2644/9220 1453/2573/9221
f 2238/1500/9222 2237/1524/9223 2239/1589/9224
f 2238/1754/9225 2239/1755/9226 2240/1805/9227
f 427/2872/9228 422/2806/9229 421/2828/9230 426/2883/9231
f 1588/3550/9232 1589/3518/9233 1587/3586/9234 1586/3617/9235
f 2240/406/9236 2242/429/9237 79/460/9238
f 2240/406/9239 79/460/9240 106/434/9241
f 249/2560/9242 247/2503/9243 243/2498/9244 246/2549/9245
f 1597/2950/9246 316/3039/9247 312/3109/9248 315/3007/9249
f 2026/3838/9250 110/3821/9251 104/3849/9252 2022/3874/9253
f 2351/3296/9254 2352/3314/9255 2348/3237/9256 2350/3221/9257
f 358/769/9258 1161/672/9259 1332/659/9260 359/746/9261
f 349/890/9262 1628/908/9263 1627/1010/9264 352/994/9265
f 1068/2700/9266 928/2659/9267 927/2709/9268 628/2761/9269
f 1467/3178/9270 1434/3142/9271 1465/3137/9272 1464/3170/9273
f 2246/997/9274 50/941/9275 49/955/9276
f 2246/438/9277 49/534/9278 77/458/9279
f 535/355/9280 534/367/9281 2304/308/9282 2303/304/9283
f 1708/1284/9284 733/1273/9285 1705/1191/9286 1707/1197/9287
f 736/1170/9288 742/1098/9289 1702/1107/9290 737/1184/9291
f 1282/2488/9292 1283/2461/9293 1281/2516/9294 1279/2548/9295
f 500/512/9296 351/505/9297 819/656/9298 497/664/9299
f 2206/4036/9300 2205/4035/9301 2211/3922/9302 1454/3912/9303
f 2217/3890/9304 2218/4016/9305 2215/4039/9306 2216/3924/9307
f 2219/3309/9308 2220/3265/9309 2217/3246/9310 2216/3298/9311
f 2252/2969/9312 2207/3072/9313 2203/3080/9314
f 2252/4003/9315 2203/3958/9316 2202/4041/9317
f 84/4885/9318 83/4833/9319 715/4853/9320 714/4928/9321
f 2252/1555/9322 2254/1471/9323 2255/1508/9324
f 2252/2969/9325 2255/3045/9326 2207/3072/9327
f 2586/4127/9328 2585/4208/9329 2595/4257/9330 2590/4135/9331
f 2255/1508/9332 2254/1471/9333 2256/1364/9334
f 2255/3045/9335 2256/3006/9336 2257/3051/9337
f 2458/1964/9338 2453/2066/9339 2456/2083/9340 2457/2001/9341
f 2257/2087/9342 2256/2094/9343 2228/1957/9344
f 2257/3051/9345 2228/3025/9346 2258/3084/9347
f 2111/148/9348 2141/155/9349 2138/83/9350 2140/90/9351
f 2338/2879/9352 2337/2767/9353 2413/2781/9354 2342/2885/9355
f 2258/1949/9356 2225/1813/9357 170/1847/9358
f 2258/3488/9359 170/3371/9360 169/3421/9361
f 890/2294/9362 891/2336/9363 887/2297/9364 889/2275/9365
f 1074/2165/9366 1071/2213/9367 1072/2262/9368 1073/2212/9369
f 1938/2994/9370 1916/2941/9371 1937/2892/9372 1936/2920/9373
f 2212/4234/9374 2213/4052/9375 2209/4029/9376 2208/4240/9377
f 2060/1167/9378 1703/1119/9379 2057/1130/9380 2059/1179/9381
f 1402/1931/9382 1398/1940/9383 1400/1812/9384 1401/1806/9385
f 2225/3351/9386 2223/3364/9387 2219/3228/9388
f 2225/3408/9389 2219/3309/9390 170/3371/9391
f 1671/1549/9392 1667/1565/9393 1669/1643/9394 1670/1637/9395
f 2271/1942/9396 2176/2021/9397 2268/2036/9398 2270/1973/9399
f 1247/2773/9400 1248/2730/9401 1246/2637/9402 1245/2703/9403
f 1120/2326/9404 910/2199/9405 1119/2197/9406 1103/2331/9407
f 169/3253/9408 173/3217/9409 2257/3051/9410 2258/3084/9411
f 1636/1400/9412 1657/1437/9413 1654/1468/9414 1653/1438/9415
f 2044/1004/9416 2043/837/9417 2089/838/9418 2046/1014/9419
f 2436/677/9420 2437/703/9421 2435/736/9422 2434/689/9423
f 2296/2553/9424 2297/2687/9425 2295/2691/9426 2294/2559/9427
f 852/3031/9428 851/2995/9429 859/2980/9430 862/3017/9431
f 1221/1578/9432 1220/1571/9433 1280/1358/9434 1223/1381/9435
f 1728/2701/9436 1727/2740/9437 1833/2784/9438 1730/2736/9439
f 163/4531/9440 160/4359/9441 1501/4368/9442 1503/4548/9443
f 1260/783/9444 1261/778/9445 1259/844/9446 1258/857/9447
f 2364/871/9448 2363/799/9449 2435/736/9450 2439/813/9451
f 2424/3356/9452 2423/3320/9453 2457/3215/9454 2427/3251/9455
f 690/214/9456 689/200/9457 1748/163/9458 1752/177/9459
f 2063/1147/9460 1706/1133/9461 2060/1070/9462 2062/1090/9463
f 1305/2832/9464 1304/2813/9465 1400/2917/9466 1307/2927/9467
f 1545/3290/9468 1546/3321/9469 1542/3403/9470 1541/3378/9471
f 2015/2912/9472 2011/2847/9473 2010/2909/9474 2014/2965/9475
f 1287/4478/9476 1288/4502/9477 1286/4408/9478 1271/4394/9479
f 716/1668/9480 712/1604/9481 711/1764/9482 715/1811/9483
f 2544/2581/9484 2545/2544/9485 2543/2521/9486 2542/2566/9487
f 869/1239/9488 870/1123/9489 868/1142/9490 454/1237/9491
f 409/2517/9492 499/2531/9493 507/2446/9494 410/2456/9495
f 2181/3258/9496 2175/3272/9497 2179/3157/9498 2180/3154/9499
f 2573/3155/9500 2600/3085/9501 2599/3062/9502 2575/3144/9503
f 2471/2389/9504 2470/2403/9505 2478/2324/9506 2473/2329/9507
f 80/642/9508 78/553/9509 75/503/9510 49/534/9511
f 2224/3434/9512 1473/3452/9513 2222/3349/9514 2223/3364/9515
f 1004/2867/9516 1048/2833/9517 1047/2751/9518 1006/2795/9519
f 2277/4437/9520 98/4539/9521 135/4512/9522
f 2277/4437/9523 135/4512/9524 2169/4441/9525
f 2276/336/9526 2275/267/9527 1425/265/9528
f 2276/1290/9529 1425/1291/9530 155/1262/9531
f 368/365/9532 366/425/9533 362/442/9534 365/404/9535
f 2115/1882/9536 2114/1941/9537 2142/1854/9538 2118/1820/9539
f 946/708/9540 942/723/9541 941/648/9542 945/650/9543
f 750/1305/9544 746/1322/9545 745/1298/9546 749/1279/9547
f 2253/1457/9548 2231/1347/9549 2256/1364/9550 2254/1471/9551
f 2417/219/9552 2418/103/9553 2416/98/9554 2415/213/9555
f 2266/2096/9556 140/2179/9557 1441/2234/9558
f 2266/3522/9559 1441/3383/9560 1440/3506/9561
f 1405/1804/9562 1401/1802/9563 1403/1707/9564 1404/1709/9565
f 872/1842/9566 873/1772/9567 871/1780/9568 870/1843/9569
f 2177/3165/9570 2173/3277/9571 60/3287/9572
f 2177/999/9573 60/988/9574 51/964/9575
f 2159/3724/9576 704/3822/9577 700/3828/9578
f 2159/3234/9579 700/3092/9580 699/3224/9581
f 2344/2889/9582 2342/2885/9583 2413/2781/9584 2414/2786/9585
f 159/1163/9586 160/1316/9587 157/1318/9588 158/1171/9589
f 293/4702/9590 292/4688/9591 1609/4814/9592 1611/4836/9593
f 343/1466/9594 344/1501/9595 335/1534/9596 338/1479/9597
f 1970/3726/9598 1942/3740/9599 1940/3670/9600
f 453/1324/9601 544/1325/9602 869/1239/9603 454/1237/9604
f 1601/4701/9605 1600/4655/9606 1629/4683/9607 1624/4737/9608
f 1917/49/9609 1839/3/9610 1837/54/9611
f 1917/1686/9612 1837/1669/9613 1836/1647/9614
f 1008/3998/9615 678/3923/9616 1005/3916/9617 1007/3996/9618
f 1909/1570/9619 1845/1558/9620 1843/1574/9621
f 1909/4412/9622 1843/4522/9623 1842/4427/9624
f 1908/2583/9625 180/2450/9626 1904/2436/9627
f 1902/4929/9628 1849/5082/9629 1848/4912/9630
f 1901/4987/9631 1899/4998/9632 92/5116/9633
f 1901/4987/9634 92/5116/9635 91/5114/9636
f 1901/4987/9637 91/5114/9638 1850/5104/9639
f 1901/4987/9640 1850/5104/9641 1849/4943/9642
f 1899/4998/9643 1897/5067/9644 95/5204/9645
f 1899/4998/9646 95/5204/9647 92/5116/9648
f 2222/3286/9649 1470/3245/9650 2221/3230/9651 2220/3265/9652
f 1016/3359/9653 983/3391/9654 1014/3489/9655 1015/3435/9656
f 1852/5184/9657 1850/5104/9658 91/5114/9659
f 1852/732/9660 91/622/9661 90/706/9662
f 1884/3003/9663 1880/3032/9664 1882/3010/9665 1883/2987/9666
f 1862/3153/9667 1771/3141/9668 1859/3097/9669 1861/3125/9670
f 1717/2383/9671 1715/2353/9672 119/2284/9673
f 1717/2383/9674 119/2284/9675 118/2348/9676
f 1713/4284/9677 1712/4199/9678 120/4198/9679
f 712/3437/9680 718/3313/9681 1719/3341/9682 713/3458/9683
f 1489/2131/9684 1487/2130/9685 109/2240/9686
f 1009/3532/9687 1015/3435/9688 1014/3489/9689 1010/3578/9690
f 884/3941/9691 885/3981/9692 883/3900/9693 882/3869/9694
f 261/4442/9695 268/4477/9696 264/4428/9697 254/4382/9698
f 216/2535/9699 1457/2571/9700 1456/2537/9701 217/2478/9702
f 1382/1276/9703 161/1286/9704 167/1331/9705
f 1382/1276/9706 222/1327/9707 221/1348/9708
f 1382/1276/9709 221/1348/9710 1380/1264/9711
f 348/3202/9712 2278/3194/9713 1367/3291/9714 1366/3317/9715
f 2269/104/9716 1435/112/9717 2272/185/9718 2270/162/9719
f 390/328/9720 389/334/9721 1222/256/9722 1226/258/9723
f 1367/2080/9724 2278/2182/9725 376/2209/9726
f 1367/4650/9727 376/4652/9728 379/4700/9729
f 1596/2886/9730 1597/2950/9731 1595/2873/9732 1594/2807/9733
f 2278/2182/9734 2279/2304/9735 382/2315/9736
f 2278/2182/9737 382/2315/9738 376/2209/9739
f 1976/2467/9740 1977/2518/9741 1975/2562/9742 1974/2541/9743
f 9/4338/9744 13/4451/9745 2157/4485/9746 2156/4341/9747
f 2524/671/9748 2525/740/9749 2521/754/9750 2518/667/9751
f 1360/4824/9752 1357/4760/9753 1356/4778/9754
f 1360/2203/9755 1356/2109/9756 2280/2124/9757
f 1203/4156/9758 1196/4147/9759 1199/4095/9760 1202/4099/9761
f 610/2193/9762 1082/2191/9763 1085/2088/9764 1086/2079/9765
f 1905/1532/9766 1846/1397/9767 1844/1421/9768 1845/1558/9769
f 2027/3126/9770 2028/3067/9771 2026/3047/9772 2025/3112/9773
f 879/1015/9774 880/985/9775 878/1066/9776 876/1087/9777
f 405/2386/9778 400/2430/9779 399/2405/9780 404/2380/9781
f 2286/2594/9782 2285/2579/9783 441/2448/9784
f 2286/4223/9785 441/4389/9786 2287/4295/9787
f 2359/4305/9788 2309/4201/9789 2356/4205/9790 2358/4306/9791
f 2286/2605/9792 2289/2592/9793 1344/2679/9794
f 2286/2017/9795 1344/2111/9796 1343/2089/9797
f 675/3863/9798 682/3818/9799 998/3748/9800 676/3807/9801
f 2289/2592/9802 2291/2587/9803 1345/2690/9804
f 2289/2060/9805 1345/2153/9806 1344/2111/9807
f 689/200/9808 690/214/9809 687/268/9810 688/231/9811
f 1706/1133/9812 1707/1197/9813 1705/1191/9814 1704/1118/9815
f 2314/3465/9816 2313/3468/9817 2366/3361/9818 2368/3367/9819
f 935/3536/9820 936/3433/9821 934/3492/9822 933/3598/9823
f 584/4010/9824 582/4091/9825 578/4076/9826 581/4012/9827
f 1568/4081/9828 1569/4089/9829 1565/4184/9830 1564/4188/9831
f 2318/1624/9832 2316/1520/9833 2370/1454/9834 2372/1581/9835
f 1684/5171/9836 772/5172/9837 1681/5017/9838 1683/5013/9839
f 2295/4718/9840 2297/4736/9841 1354/4709/9842
f 2295/3895/9843 1354/3920/9844 1352/3962/9845
f 2466/674/9846 2464/635/9847 2463/626/9848 2465/673/9849
f 471/131/9850 472/178/9851 469/168/9852 470/115/9853
f 2551/3787/9854 2552/3778/9855 2550/3893/9856 2549/3902/9857
f 471/1092/9858 470/1109/9859 1113/1180/9860 1112/1148/9861
f 1605/4803/9862 1606/4730/9863 1604/4707/9864 1603/4753/9865
f 1946/3172/9866 1947/3145/9867 1945/3130/9868 1944/3156/9869
f 227/1172/9870 226/1173/9871 1605/1155/9872 1623/1145/9873
f 1456/2537/9874 195/2584/9875 1453/2573/9876 1455/2507/9877
f 2277/4437/9878 2169/4441/9879 2274/4423/9880 2276/4405/9881
f 509/4727/9882 516/4717/9883 2329/4644/9884 2328/4654/9885
f 2498/3120/9886 2497/3096/9887 2501/3116/9888 2504/3133/9889
f 2302/472/9890 2304/519/9891 2305/569/9892
f 2302/3503/9893 2305/3410/9894 2306/3469/9895
f 334/696/9896 331/807/9897 327/794/9898 333/691/9899
f 2306/3469/9900 2305/3410/9901 2307/3401/9902
f 2306/4054/9903 2307/4117/9904 2308/4125/9905
f 2306/4054/9906 2308/4125/9907 438/4138/9908
f 2306/931/9909 438/932/9910 437/982/9911
f 234/3917/9912 233/3891/9913 1620/3928/9914 1621/3943/9915
f 329/5002/9916 776/5004/9917 775/5170/9918 330/5180/9919
f 344/1501/9920 343/1466/9921 1187/1436/9922 1188/1460/9923
f 1718/2047/9924 1717/2116/9925 1929/2100/9926 1720/2049/9927
f 1738/263/9928 1736/306/9929 1809/338/9930 1811/302/9931
f 2311/4216/9932 439/4162/9933 438/4138/9934
f 338/1479/9935 1185/1444/9936 1184/1430/9937 343/1466/9938
f 2315/4242/9939 2317/4265/9940 440/4181/9941
f 1802/1101/9942 131/1182/9943 128/1154/9944 130/1086/9945
f 199/2728/9946 1445/2729/9947 1451/2644/9948 194/2648/9949
f 1605/1155/9950 226/1173/9951 1608/1186/9952 1606/1165/9953
f 933/3598/9954 934/3492/9955 932/3566/9956 931/3666/9957
f 1374/5131/9958 1369/5033/9959 1372/5035/9960 1373/5141/9961
f 1903/206/9962 179/150/9963 1900/142/9964 1902/187/9965
f 1567/4288/9966 1566/4175/9967 1572/4167/9968 1574/4280/9969
f 1360/4824/9970 1361/4825/9971 1358/4758/9972 1357/4760/9973
f 1203/4156/9974 1202/4099/9975 1297/4111/9976 1298/4169/9977
f 336/753/9978 340/779/9979 1204/745/9980 1198/717/9981
f 1649/668/9982 1648/649/9983 1665/712/9984 1510/733/9985
f 61/2169/9986 62/2173/9987 25/2335/9988 24/2307/9989
f 2327/3797/9990 2329/3854/9991 2330/3751/9992
f 505/2393/9993 636/2376/9994 891/2336/9995 893/2355/9996
f 2327/5279/9997 2331/5206/9998 458/5271/9999
f 2327/2816/10000 458/2838/10001 457/2846/10002
f 1125/1729/10003 1126/1774/10004 1123/1738/10005 1124/1693/10006
f 276/3497/10007 1560/3423/10008 1587/3426/10009 1589/3513/10010
f 2333/3618/10011 2334/3587/10012 2335/3525/10013
f 1973/2578/10014 1975/2562/10015 1968/2598/10016 1971/2616/10017
f 495/2166/10018 494/2206/10019 826/2058/10020 828/2051/10021
f 654/3672/10022 656/3712/10023 1079/3735/10024 1080/3692/10025
f 584/4010/10026 589/3955/10027 585/3960/10028 588/4005/10029
f 367/511/10030 366/425/10031 1241/401/10032 791/500/10033
f 545/2379/10034 546/2350/10035 542/2286/10036 467/2342/10037
f 717/1873/10038 721/2042/10039 1716/2048/10040 718/1904/10041
f 2194/4146/10042 2190/4197/10043 2189/4220/10044 2193/4173/10045
f 936/3433/10046 935/3536/10047 992/3490/10048 939/3393/10049
f 780/628/10050 781/681/10051 778/704/10052 779/644/10053
f 852/1207/10054 862/1219/10055 875/1160/10056 877/1149/10057
f 553/1841/10058 550/1823/10059 2568/1697/10060 2567/1685/10061
f 2345/2961/10062 2344/2889/10063 2346/2901/10064
f 2345/3166/10065 2346/3064/10066 2347/3152/10067
f 2345/3166/10068 2347/3152/10069 2348/3237/10070
f 2345/581/10071 2348/527/10072 537/502/10073
f 785/1629/10074 784/1628/10075 1231/1698/10076 788/1695/10077
f 947/822/10078 942/723/10079 946/708/10080 661/816/10081
f 2348/3237/10082 2352/3314/10083 533/3294/10084
f 2348/527/10085 533/426/10086 537/502/10087
f 735/4020/10088 732/4017/10089 731/4166/10090 734/4160/10091
f 2352/3314/10092 2354/3376/10093 534/3360/10094
f 2352/468/10095 534/367/10096 533/426/10097
f 2185/4273/10098 2191/4250/10099 2263/4290/10100 2186/4320/10101
f 2354/3376/10102 2305/3410/10103 2304/3431/10104
f 2354/391/10105 2304/308/10106 534/367/10107
f 2211/3922/10108 2205/4035/10109 2209/4029/10110 2210/3913/10111
f 1585/3687/10112 1584/3749/10113 1666/3746/10114 1662/3683/10115
f 974/4542/10116 970/4649/10117 972/4694/10118 973/4603/10119
f 1452/2575/10120 1453/2573/10121 1451/2644/10122 1450/2647/10123
f 1427/2721/10124 1423/2653/10125 1422/2649/10126 1426/2715/10127
f 1338/784/10128 1336/761/10129 1361/755/10130 1360/781/10131
f 1204/745/10132 1200/720/10133 1199/695/10134 1198/717/10135
f 2362/3353/10136 2361/3338/10137 2363/3257/10138
f 2362/907/10139 2363/799/10140 2364/871/10141
f 2362/907/10142 2364/871/10143 2365/914/10144
f 2362/3353/10145 2365/3278/10146 2366/3361/10147
f 2006/1666/10148 2012/1760/10149 2155/1782/10150 2007/1696/10151
f 1229/2410/10152 1233/2373/10153 1232/2341/10154 1230/2356/10155
f 2196/3075/10156 2190/2989/10157 2194/2984/10158 2195/3074/10159
f 2368/1517/10160 2367/1497/10161 2369/1596/10162
f 2368/1365/10163 2369/1418/10164 2370/1454/10165
f 1946/3172/10166 1944/3156/10167 1969/3184/10168 1949/3198/10169
f 538/414/10170 2341/364/10171 2340/443/10172 2339/510/10173
f 971/4755/10174 966/4719/10175 969/4828/10176 970/4868/10177
f 188/1801/10178 2143/1775/10179 2142/1854/10180 2139/1879/10181
f 2372/4756/10182 2373/4721/10183 2325/4624/10184
f 2372/1581/10185 2325/1751/10186 2318/1624/10187
f 1092/3206/10188 1090/3214/10189 1089/3108/10190 1000/3094/10191
f 95/5080/10192 1889/5247/10193 1888/5224/10194 93/5068/10195
f 445/321/10196 444/295/10197 1264/342/10198 1265/371/10199
f 660/881/10200 659/896/10201 959/930/10202 963/891/10203
f 2371/4827/10204 511/4851/10205 510/4763/10206
f 2375/1640/10207 2374/1580/10208 2376/1591/10209
f 2375/2638/10210 2376/2639/10211 2377/2682/10212
f 2375/4894/10213 2377/4966/10214 2378/4954/10215
f 1617/4800/10216 263/4676/10217 1616/4686/10218 1615/4810/10219
f 2378/4954/10220 2380/5027/10221 2381/5024/10222
f 2378/97/10223 2381/124/10224 512/190/10225
f 2378/4954/10226 512/4979/10227 508/4862/10228
f 2378/4954/10229 508/4862/10230 511/4851/10231
f 371/3530/10232 370/3467/10233 2519/3481/10234 2520/3539/10235
f 2381/3505/10236 2383/3502/10237 575/3457/10238
f 231/3796/10239 232/3811/10240 229/3864/10241 230/3870/10242
f 492/4433/10243 529/4419/10244 531/4464/10245 539/4510/10246
f 332/867/10247 328/825/10248 327/882/10249 331/911/10250
f 2385/2129/10251 2386/2223/10252 514/2257/10253
f 2385/353/10254 573/292/10255 572/330/10256
f 2385/1054/10257 572/1021/10258 2387/1012/10259
f 2385/1054/10260 2387/1012/10261 2388/1047/10262
f 2385/2129/10263 2388/2181/10264 2386/2223/10265
f 1726/3355/10266 1729/3411/10267 73/3444/10268 1723/3354/10269
f 966/4719/10270 971/4755/10271 1025/4661/10272 967/4639/10273
f 172/4971/10274 174/5049/10275 2214/4986/10276 2213/4901/10277
f 140/2933/10278 139/2942/10279 1442/3021/10280 1441/3026/10281
f 2393/1032/10282 2392/995/10283 2396/934/10284
f 2393/2600/10285 2396/2674/10286 2397/2655/10287
f 2529/713/10288 2598/652/10289 2578/595/10290 2597/655/10291
f 2398/3823/10292 2399/3743/10293 602/3813/10294
f 2398/2669/10295 602/2606/10296 2394/2593/10297
f 1577/3663/10298 1567/3603/10299 1574/3582/10300 1576/3646/10301
f 2398/2669/10302 2401/2765/10303 2402/2782/10304
f 2398/3823/10305 2402/3708/10306 2399/3743/10307
f 2402/514/10308 2403/556/10309 596/482/10310
f 2402/3708/10311 596/3662/10312 2399/3743/10313
f 366/425/10314 368/365/10315 1240/329/10316 1241/401/10317
f 809/2565/10318 815/2547/10319 1638/2601/10320 810/2623/10321
f 581/3773/10322 580/3881/10323 2550/3893/10324 2552/3778/10325
f 2406/643/10326 2405/606/10327 2409/729/10328
f 2406/3549/10329 2409/3515/10330 2410/3606/10331
f 1989/1700/10332 1990/1803/10333 1988/1840/10334 1987/1737/10335
f 2411/3519/10336 2334/3587/10337 2412/3605/10338
f 2411/156/10339 2412/362/10340 2407/332/10341
f 962/415/10342 963/340/10343 959/320/10344 961/400/10345
f 2411/3656/10346 2337/3753/10347 2335/3802/10348
f 2411/3519/10349 2335/3525/10350 2334/3587/10351
f 244/2460/10352 248/2433/10353 1569/2344/10354 1568/2392/10355
f 2120/1688/10356 2121/1740/10357 2116/1826/10358 2119/1758/10359
f 1142/4082/10360 1169/3997/10361 1168/4022/10362 1143/4108/10363
f 2414/3668/10364 2409/3515/10365 2415/3521/10366
f 2414/84/10367 2415/213/10368 2416/98/10369
f 1113/1180/10370 919/1260/10371 1110/1210/10372 1112/1148/10373
f 105/1465/10374 111/1383/10375 2236/1405/10376 2238/1500/10377
f 1454/2504/10378 1455/2507/10379 1453/2573/10380 1452/2575/10381
f 2156/4341/10382 2157/4485/10383 2155/4526/10384 2154/4335/10385
f 2419/2874/10386 2421/2850/10387 2422/2897/10388
f 2419/3076/10389 2422/3129/10390 2349/3161/10391
f 2419/3076/10392 2349/3161/10393 2347/3152/10394
f 2419/2874/10395 2347/2915/10396 2346/2901/10397
f 1234/2357/10398 1233/2373/10399 1284/2418/10400 405/2386/10401
f 58/4968/10402 1831/4860/10403 1830/4837/10404 53/4981/10405
f 2204/3242/10406 2200/3264/10407 2199/3060/10408 2203/3080/10409
f 1276/2567/10410 1275/2530/10411 1282/2488/10412 1279/2548/10413
f 2426/4218/10414 2355/4211/10415 2351/4123/10416
f 2426/3204/10417 2351/3296/10418 2350/3221/10419
f 1489/4183/10420 109/4148/10421 108/4187/10422 1491/4207/10423
f 2239/4112/10424 2237/4056/10425 2250/4051/10426 2248/4098/10427
f 1104/2328/10428 1103/2331/10429 1119/2197/10430 1106/2198/10431
f 2429/3856/10432 2431/3792/10433 2432/3742/10434
f 2429/3307/10435 2432/3241/10436 2360/3326/10437
f 2560/2749/10438 2561/2724/10439 2559/2665/10440 2558/2678/10441
f 1927/2421/10442 1926/2387/10443 1933/2385/10444 1935/2419/10445
f 1231/1256/10446 784/1366/10447 1227/1391/10448 1230/1265/10449
f 2432/730/10450 2363/799/10451 2361/786/10452
f 2432/3241/10453 2361/3338/10454 2360/3326/10455
f 1399/2119/10456 1395/2120/10457 1397/1972/10458 1398/1974/10459
f 2178/3164/10460 2177/3165/10461 2246/3106/10462 2182/3099/10463
f 659/896/10464 658/848/10465 954/852/10466 956/910/10467
f 1325/1189/10468 1326/1139/10469 1322/1166/10470 1324/1222/10471
f 1856/773/10472 1783/795/10473 1853/764/10474 1855/743/10475
f 2468/1185/10476 2482/1082/10477 2480/1085/10478 2470/1183/10479
f 2441/1423/10480 2443/1491/10481 2367/1497/10482
f 2441/876/10483 2367/983/10484 2365/914/10485
f 727/4388/10486 733/4304/10487 1708/4274/10488 728/4349/10489
f 1161/672/10490 358/769/10491 1158/811/10492 1160/697/10493
f 829/2716/10494 827/2738/10495 1270/2633/10496 1269/2617/10497
f 2038/909/10498 2037/763/10499 2095/766/10500 2040/922/10501
f 54/467/10502 55/289/10503 52/326/10504 53/457/10505
f 763/236/10506 764/407/10507 760/403/10508 759/227/10509
f 1614/4913/10510 1615/4810/10511 1613/4826/10512 1612/4936/10513
f 2449/1625/10514 2450/1626/10515 2451/1684/10516
f 2449/1730/10517 2451/1731/10518 2382/1671/10519
f 2449/1730/10520 2382/1671/10521 2380/1599/10522
f 2449/1625/10523 2380/1725/10524 2379/1655/10525
f 238/3227/10526 237/3175/10527 1571/3132/10528 252/3189/10529
f 2464/635/10530 2433/623/10531 2461/566/10532 2463/626/10533
f 995/4898/10534 1093/4899/10535 1092/5011/10536 996/4997/10537
f 423/2753/10538 1245/2703/10539 1244/2636/10540 1243/2711/10541
f 2408/571/10542 2403/556/10543 2406/643/10544 2407/675/10545
f 1743/4962/10546 1744/4794/10547 1740/4786/10548 1742/4958/10549
f 2025/3112/10550 2026/3047/10551 2022/3030/10552 2024/3087/10553
f 351/1890/10554 350/1899/10555 816/1753/10556 819/1746/10557
f 280/4302/10558 279/4158/10559 1554/4174/10560 1556/4325/10561
f 606/2465/10562 605/2445/10563 916/2309/10564 915/2317/10565
f 1078/3332/10566 1076/3392/10567 1075/3449/10568 1057/3397/10569
f 2461/566/10570 2433/623/10571 2431/597/10572
f 2461/5147/10573 2431/5257/10574 2430/5274/10575
f 1926/2387/10576 1925/2395/10577 1930/2372/10578 1931/2362/10579
f 2392/995/10580 2391/969/10581 2477/906/10582 2396/934/10583
f 2465/673/10584 2438/744/10585 2437/703/10586
f 2465/673/10587 2437/703/10588 2466/674/10589
f 2465/1339/10590 2444/1409/10591 2440/1408/10592
f 2465/673/10593 2440/806/10594 2438/744/10595
f 588/4005/10596 587/3987/10597 2570/4096/10598 2572/4121/10599
f 835/2893/10600 832/2944/10601 831/2904/10602 834/2860/10603
f 2239/4112/10604 2248/4098/10605 2247/4141/10606 2241/4159/10607
f 1544/4344/10608 1540/4348/10609 1542/4260/10610 1543/4258/10611
f 1378/3574/10612 1375/3485/10613 1374/3510/10614 1373/3584/10615
f 847/1195/10616 843/1105/10617 842/1089/10618 846/1211/10619
f 1126/1774/10620 1125/1729/10621 1146/1786/10622 1148/1810/10623
f 1519/4879/10624 1520/4915/10625 1516/4888/10626 1515/4858/10627
f 2472/3388/10628 2474/3375/10629 2475/3462/10630
f 2472/2374/10631 2475/2411/10632 2451/2434/10633
f 195/2584/10634 196/2618/10635 193/2658/10636 194/2648/10637
f 1000/3094/10638 1001/3001/10639 999/3002/10640 997/3095/10641
f 2475/3462/10642 576/3425/10643 575/3457/10644
f 2475/3462/10645 575/3457/10646 2383/3502/10647
f 42/853/10648 41/830/10649 47/885/10650 59/924/10651
f 2375/4894/10652 2378/4954/10653 511/4851/10654 2371/4827/10655
f 2476/880/10656 2477/906/10657 2391/969/10658
f 2476/3263/10659 2391/3191/10660 574/3268/10661
f 1983/3659/10662 1981/3817/10663 2130/3815/10664 2131/3685/10665
f 2476/2278/10666 2473/2329/10667 2478/2324/10668
f 2476/880/10669 2478/863/10670 2477/906/10671
f 1580/3329/10672 1563/3358/10673 1577/3319/10674 1579/3279/10675
f 1049/2084/10676 1050/2078/10677 1047/2005/10678 1048/1996/10679
f 2099/949/10680 2091/939/10681 2097/870/10682 2098/851/10683
f 2454/2070/10684 2453/2066/10685 2458/1964/10686 2469/1969/10687
f 124/782/10688 123/714/10689 2151/682/10690 2134/735/10691
f 177/254/10692 1895/234/10693 1898/387/10694 178/397/10695
f 1270/2633/10696 1265/2570/10697 1268/2554/10698 1269/2617/10699
f 483/2836/10700 482/2768/10701 2571/2837/10702 2569/2888/10703
f 2481/447/10704 2404/513/10705 2401/446/10706
f 2481/2825/10707 2401/2765/10708 2400/2733/10709
f 2481/323/10710 2417/219/10711 2415/213/10712
f 2481/447/10713 2415/531/10714 2404/513/10715
f 2250/4051/10716 2251/4031/10717 2249/4071/10718 2248/4098/10719
f 1011/4066/10720 1012/3999/10721 1008/3998/10722 1010/4072/10723
f 2467/4336/10724 2423/4328/10725 2421/4246/10726
f 2467/3473/10727 2421/3472/10728 2420/3407/10729
f 274/3703/10730 277/3701/10731 281/3627/10732 280/3630/10733
f 2434/689/10734 2433/623/10735 2464/635/10736
f 2434/689/10737 2464/635/10738 2436/677/10739
f 2415/3521/10740 2409/3515/10741 2405/3390/10742
f 2415/531/10743 2405/606/10744 2404/513/10745
f 615/2415/10746 614/2501/10747 1109/2311/10748 922/2289/10749
f 6/1877/10750 690/1896/10751 1752/1930/10752 1753/1937/10753
f 2412/3605/10754 2334/3587/10755 2332/3667/10756
f 2412/4850/10757 2332/4846/10758 2483/4747/10759
f 2485/4813/10760 2484/4720/10761 2486/4724/10762
f 2485/3570/10763 2486/3766/10764 593/3639/10765
f 1027/5047/10766 1026/5119/10767 1034/5150/10768 1029/5064/10769
f 1106/3658/10770 1118/3615/10771 1117/3524/10772 1107/3583/10773
f 410/2456/10774 411/2454/10775 383/2514/10776 409/2517/10777
f 2438/744/10778 2439/813/10779 2435/736/10780 2437/703/10781
f 2528/1282/10782 2522/1274/10783 2526/1251/10784 2527/1267/10785
f 2520/3539/10786 2523/3589/10787 2607/3593/10788 371/3530/10789
f 2316/4352/10790 2317/4265/10791 2315/4242/10792 2314/4340/10793
f 2/1878/10794 1756/1938/10795 1868/1939/10796 3/1869/10797
f 1376/1115/10798 1375/1161/10799 227/1172/10800 1623/1145/10801
f 1833/1545/10802 1834/1605/10803 1832/1582/10804 1730/1519/10805
f 2488/2466/10806 2395/2519/10807 601/2522/10808
f 2488/3904/10809 601/3862/10810 600/3816/10811
f 1793/1642/10812 1789/1631/10813 1788/1472/10814 1792/1493/10815
f 2408/4248/10816 592/4361/10817 596/4375/10818
f 2408/571/10819 596/482/10820 2403/556/10821
f 606/3652/10822 915/3641/10823 1120/3707/10824 607/3714/10825
f 2395/2519/10826 2394/2593/10827 602/2606/10828
f 2395/3940/10829 602/3813/10830 601/3862/10831
f 2391/969/10832 2387/1012/10833 572/1021/10834
f 2391/3191/10835 572/3292/10836 574/3268/10837
f 212/4978/10838 213/4857/10839 208/4890/10840 210/5003/10841
f 138/2960/10842 1448/2905/10843 1447/2929/10844 1443/2996/10845
f 1646/676/10846 205/742/10847 1642/658/10848 1645/583/10849
f 1483/1997/10850 1482/1986/10851 2233/2107/10852 1485/2113/10853
f 2565/2918/10854 2566/2937/10855 2564/3000/10856 2563/2985/10857
f 1440/3506/10858 1441/3383/10859 1437/3352/10860 1436/3483/10861
f 1296/4122/10862 738/4140/10863 208/4224/10864
f 1296/4122/10865 208/4224/10866 213/4182/10867
f 1210/4299/10868 759/4414/10869 758/4292/10870
f 1115/3453/10871 897/3504/10872 896/3396/10873
f 1156/1922/10874 1157/1925/10875 1151/1867/10876 1149/1866/10877
f 1872/4401/10878 1871/4395/10879 1875/4425/10880 1961/4429/10881
f 1069/2241/10882 618/2172/10883 617/2174/10884
f 1069/2599/10885 617/2597/10886 928/2659/10887
f 995/3613/10888 993/3565/10889 992/3558/10890
f 995/1885/10891 992/1884/10892 935/1837/10893
f 841/2762/10894 840/2785/10895 1217/2723/10896 845/2692/10897
f 2299/1563/10898 435/1658/10899 2298/1689/10900 2296/1603/10901
f 2491/4806/10902 944/4841/10903 940/4924/10904
f 2491/576/10905 940/636/10906 939/570/10907
f 933/4769/10908 931/4764/10909 1094/4900/10910 1093/4899/10911
f 1581/3233/10912 1582/3299/10913 1580/3329/10914 1579/3279/10915
f 2493/631/10916 948/687/10917 945/650/10918
f 2493/4749/10919 945/4838/10920 944/4841/10921
f 2095/766/10922 2093/775/10923 2092/933/10924 2040/922/10925
f 2493/2998/10926 2494/2947/10927 950/2979/10928
f 2493/631/10929 950/727/10930 948/687/10931
f 587/3987/10932 553/3953/10933 2567/4042/10934 2570/4096/10935
f 2494/4843/10936 979/4787/10937 953/4870/10938
f 2494/737/10939 953/834/10940 950/727/10941
f 2396/934/10942 2477/906/10943 2478/863/10944 2479/879/10945
f 2367/3297/10946 2368/3367/10947 2366/3361/10948 2365/3278/10949
f 630/4514/10950 672/4432/10951 1067/4326/10952 631/4422/10953
f 1416/2512/10954 1420/2528/10955 1475/2390/10956 1417/2369/10957
f 610/2193/10958 1086/2079/10959 1091/2067/10960 611/2184/10961
f 923/2499/10962 920/2409/10963 605/2445/10964
f 923/884/10965 605/741/10966 604/821/10967
f 1168/4022/10968 1165/3952/10969 1164/3980/10970 1163/4047/10971
f 833/2031/10972 834/2099/10973 831/2137/10974 830/2039/10975
f 904/2425/10976 504/2439/10977 503/2423/10978
f 904/2425/10979 503/2423/10980 899/2416/10981
f 1522/3914/10982 234/3917/10983 1621/3943/10984 1523/3947/10985
f 1896/1234/10986 1891/1375/10987 1894/1353/10988 1895/1203/10989
f 619/2134/10990 1074/2165/10991 1097/2105/10992 620/2072/10993
f 1343/2089/10994 1344/2111/10995 1342/2208/10996 1341/2175/10997
f 2496/3855/10998 882/3869/10999 880/3800/11000
f 2496/952/11001 880/985/11002 879/1015/11003
f 448/917/11004 443/835/11005 442/833/11006 447/888/11007
f 561/1889/11008 2502/1791/11009 2505/1824/11010 562/1906/11011
f 2294/1527/11012 462/1455/11013 2299/1563/11014 2296/1603/11015
f 2499/1018/11016 874/1102/11017 873/1106/11018
f 2499/1692/11019 873/1772/11020 2500/1742/11021
f 474/1159/11022 473/1126/11023 1155/1181/11024 909/1206/11025
f 1094/4900/11026 1090/5020/11027 1092/5011/11028 1093/4899/11029
f 1616/4686/11030 286/4619/11031 285/4626/11032 294/4697/11033
f 252/3189/11034 253/3136/11035 250/3186/11036 251/3225/11037
f 543/1449/11038 540/1506/11039 565/1420/11040 559/1359/11041
f 2076/4596/11042 2072/4668/11043 2074/4617/11044 2075/4505/11045
f 2506/1225/11046 547/1313/11047 563/1287/11048
f 2506/1934/11049 872/1842/11050 870/1843/11051
f 2506/1225/11052 870/1123/11053 869/1239/11054
f 2282/2685/11055 2281/2683/11056 2298/2557/11057 2284/2563/11058
f 489/4373/11059 486/4314/11060 2589/4282/11061 530/4362/11062
f 855/4975/11063 2603/4957/11064 2602/4940/11065 856/4963/11066
f 1496/4245/11067 1396/4275/11068 1493/4255/11069 1495/4212/11070
f 2508/3715/11071 2510/3657/11072 373/3602/11073
f 2508/3163/11074 373/3213/11075 432/3158/11076
f 1186/1419/11077 1181/1403/11078 1184/1430/11079 1185/1444/11080
f 479/345/11081 480/405/11082 477/325/11083 478/252/11084
f 527/499/11085 528/497/11086 525/427/11087 526/399/11088
f 263/2945/11089 255/3027/11090 254/3042/11091 262/2972/11092
f 2515/577/11093 2514/508/11094 2516/524/11095
f 1874/2023/11096 1878/2054/11097 1959/2006/11098 1875/1950/11099
f 207/4933/11100 1510/4921/11101 1509/4832/11102 1508/4821/11103
f 2515/577/11104 2519/663/11105 370/660/11106
f 2515/577/11107 370/660/11108 374/563/11109
f 894/260/11110 1121/283/11111 1116/192/11112 896/170/11113
f 201/4953/11114 207/4933/11115 1508/4821/11116 1506/4809/11117
f 1717/2116/11118 1718/2047/11119 1716/2048/11120 1715/2149/11121
f 782/591/11122 783/641/11123 781/681/11124 780/628/11125
f 637/1209/11126 638/1104/11127 632/1215/11128 634/1296/11129
f 1961/1924/11130 1875/1950/11131 1959/2006/11132 1960/1953/11133
f 2526/819/11134 2525/740/11135 2529/713/11136
f 2526/1871/11137 2529/1838/11138 2530/1905/11139
f 2526/1871/11140 2530/1905/11141 2531/2025/11142
f 2526/1251/11143 2531/1244/11144 2527/1267/11145
f 2531/92/11146 2532/91/11147 2533/6/11148
f 2531/1244/11149 2533/1281/11150 2527/1267/11151
f 327/794/11152 330/827/11153 778/704/11154 781/681/11155
f 1671/1549/11156 1670/1637/11157 1674/1618/11158 1524/1522/11159
f 1049/2084/11160 1048/1996/11161 1087/2003/11162 1084/2085/11163
f 1493/4255/11164 1396/4275/11165 1394/4289/11166 1395/4270/11167
f 1709/1235/11168 1710/1301/11169 1708/1284/11170 1707/1197/11171
f 2423/1856/11172 2467/1851/11173 2458/1964/11174 2457/2001/11175
f 1676/4941/11176 1504/4785/11177 2035/4779/11178 1679/4934/11179
f 2031/3799/11180 1497/3780/11181 1496/3739/11182 1495/3758/11183
f 2541/2913/11184 2540/2971/11185 2542/3012/11186
f 2541/2495/11187 2542/2566/11188 2543/2521/11189
f 1992/1728/11190 1993/1828/11191 1991/1880/11192 1990/1803/11193
f 537/502/11194 533/426/11195 532/396/11196 536/465/11197
f 1539/4331/11198 258/4517/11199 1538/4489/11200 242/4345/11201
f 154/4410/11202 156/4376/11203 729/4438/11204 127/4482/11205
f 521/3127/11206 520/3182/11207 2556/3209/11208 2559/3139/11209
f 1537/3527/11210 1535/3581/11211 1575/3624/11212 1573/3562/11213
f 1638/1285/11214 815/1200/11215 1635/1304/11216 1637/1349/11217
f 796/2164/11218 797/2167/11219 794/2095/11220 793/2108/11221
f 441/4389/11222 440/4413/11223 2320/4333/11224 2287/4295/11225
f 1220/2000/11226 1221/1960/11227 1219/2027/11228 1218/2043/11229
f 460/469/11230 2292/640/11231 2291/601/11232 2290/450/11233
f 1489/2131/11234 1490/1984/11235 1488/1987/11236 1487/2130/11237
f 1053/2171/11238 1045/2073/11239 1050/2078/11240 1052/2180/11241
f 2288/2492/11242 2289/2592/11243 2286/2605/11244 2287/2510/11245
f 2553/1875/11246 2555/1819/11247 549/1868/11248
f 2553/3831/11249 549/3836/11250 552/3867/11251
f 2555/3777/11252 2554/3896/11253 520/3860/11254
f 2555/1819/11255 520/1636/11256 519/1761/11257
f 1333/734/11258 359/746/11259 1332/659/11260 1331/654/11261
f 1320/1192/11262 1321/1178/11263 1319/1114/11264 1318/1135/11265
f 2554/5107/11266 2544/5122/11267 2556/5065/11268
f 2554/3896/11269 2556/3875/11270 520/3860/11271
f 2064/1113/11272 2065/1158/11273 2063/1147/11274 2062/1090/11275
f 1472/3542/11276 1424/3551/11277 1469/3447/11278 1471/3450/11279
f 2057/1130/11280 1700/1078/11281 2054/1061/11282 2056/1128/11283
f 59/5169/11284 2165/5290/11285 2164/5299/11286 42/5159/11287
f 2417/973/11288 2481/981/11289 2480/1085/11290 2482/1082/11291
f 1686/5174/11292 1685/5009/11293 2042/5001/11294 1688/5178/11295
f 1149/1866/11296 1150/1827/11297 1148/1810/11298 1147/1860/11299
f 1334/662/11300 1335/725/11301 1333/734/11302 1331/654/11303
f 2564/3000/11304 2566/2937/11305 2567/2977/11306
f 2564/1521/11307 2567/1685/11308 2568/1697/11309
f 2201/3269/11310 2195/3074/11311 2199/3060/11312 2200/3264/11313
f 1217/5280/11314 388/5266/11315 1216/5110/11316 845/5120/11317
f 1055/3850/11318 1054/3789/11319 1078/3765/11320 1057/3832/11321
f 2567/2977/11322 2566/2937/11323 2569/2888/11324
f 2567/5189/11325 2569/5190/11326 2570/5259/11327
f 1338/784/11328 1339/792/11329 1337/771/11330 1336/761/11331
f 2570/2852/11332 2569/2888/11333 2571/2837/11334
f 2570/4096/11335 2571/4228/11336 2572/4121/11337
f 1922/2791/11338 1919/2822/11339 1918/2863/11340 1921/2821/11341
f 2572/2763/11342 2571/2837/11343 583/2757/11344
f 2572/4121/11345 583/4209/11346 582/4091/11347
f 881/918/11348 844/1011/11349 878/1066/11350 880/985/11351
f 1979/3382/11352 1980/3384/11353 1978/3302/11354 1977/3293/11355
f 220/2424/11356 217/2478/11357 1456/2537/11358 1455/2507/11359
f 259/4524/11360 258/4517/11361 1539/4331/11362 1540/4348/11363
f 2565/2818/11364 2563/2779/11365 2562/2811/11366
f 2565/149/11367 2562/180/11368 478/252/11369
f 1844/1421/11370 1786/1435/11371 1841/1590/11372 1843/1574/11373
f 737/1184/11374 732/1254/11375 735/1233/11376 736/1170/11377
f 1828/1525/11378 1797/1646/11379 1793/1642/11380 1796/1516/11381
f 2574/274/11382 2573/194/11383 2575/257/11384
f 2574/1991/11385 2575/1983/11386 2576/1917/11387
f 1625/1068/11388 1626/1083/11389 1622/1103/11390 1624/1093/11391
f 2577/1865/11392 2576/1917/11393 2578/1849/11394
f 2577/493/11395 2578/595/11396 397/552/11397
f 1018/4874/11398 1017/4884/11399 1043/4992/11400 1020/4974/11401
f 108/4187/11402 109/4148/11403 101/4102/11404 107/4154/11405
f 2579/448/11406 396/516/11407 398/496/11408
f 2579/4075/11409 398/4145/11410 2580/4128/11411
f 126/1394/11412 97/1434/11413 99/1463/11414 125/1445/11415
f 2579/4075/11416 484/4024/11417 480/4004/11418
f 2580/978/11419 398/1027/11420 2581/975/11421
f 2580/4128/11422 2581/4226/11423 2582/4176/11424
f 2580/4128/11425 2582/4176/11426 2583/4086/11427
f 2583/4086/11428 2584/4023/11429 485/3974/11430
f 2583/4086/11431 485/3974/11432 484/4024/11433
f 2583/4086/11434 2582/4176/11435 2585/4208/11436
f 2583/4086/11437 2585/4208/11438 2586/4127/11439
f 764/407/11440 763/236/11441 1213/249/11442 768/422/11443
f 2587/413/11444 2588/395/11445 2589/299/11446
f 2587/4053/11447 2589/3985/11448 2584/4023/11449
f 2587/4053/11450 2586/4127/11451 2590/4135/11452
f 2587/4053/11453 2590/4135/11454 2591/4063/11455
f 2587/4053/11456 2591/4063/11457 2592/4007/11458
f 2587/413/11459 2592/492/11460 2588/395/11461
f 784/554/11462 785/582/11463 783/641/11464 782/591/11465
f 2592/4007/11466 2591/4063/11467 2593/4069/11468
f 2592/1228/11469 2593/1176/11470 567/1268/11471
f 970/4868/11472 974/4925/11473 1022/4818/11474 971/4755/11475
f 686/3548/11476 683/3552/11477 681/3649/11478 685/3629/11479
f 2523/3589/11480 2520/3539/11481 2521/3541/11482 2522/3590/11483
f 2593/4069/11484 556/4085/11485 560/4038/11486
f 2593/1176/11487 560/1303/11488 567/1268/11489
f 2337/2767/11490 2338/2879/11491 2336/2877/11492 2335/2752/11493
f 1075/2228/11494 1073/2212/11495 1072/2262/11496 1060/2267/11497
f 2252/4003/11498 2202/4041/11499 2249/4071/11500 2251/4031/11501
f 173/3217/11502 2212/3232/11503 2255/3045/11504 2257/3051/11505
f 331/911/11506 800/960/11507 1644/895/11508 332/867/11509
f 861/3008/11510 862/3017/11511 859/2980/11512 860/2968/11513
f 212/4978/11514 1299/4972/11515 1298/4848/11516 213/4857/11517
f 2589/4282/11518 486/4314/11519 485/4217/11520
f 2589/4282/11521 485/4217/11522 2584/4189/11523
f 2589/299/11524 2588/395/11525 526/399/11526
f 2589/4282/11527 526/4363/11528 530/4362/11529
f 1372/5035/11530 1369/5033/11531 1368/4927/11532 1371/4923/11533
f 235/3839/11534 233/3891/11535 229/3864/11536 232/3811/11537
f 336/1542/11538 1198/1554/11539 1195/1504/11540 337/1496/11541
f 990/470/11542 991/354/11543 989/366/11544 988/463/11545
f 443/835/11546 448/917/11547 1257/928/11548 1259/844/11549
f 364/485/11550 365/404/11551 362/442/11552 363/509/11553
f 305/2856/11554 271/2796/11555 1593/2798/11556 1595/2873/11557
f 245/2527/11558 244/2460/11559 1568/2392/11560 1552/2449/11561
f 1711/4309/11562 728/4349/11563 1708/4274/11564 1710/4239/11565
f 1785/1452/11566 1790/1598/11567 1841/1590/11568 1786/1435/11569
f 2599/3062/11570 2537/2988/11571 2535/2975/11572
f 2599/2050/11573 2535/2068/11574 2534/1963/11575
f 742/1098/11576 736/1170/11577 740/1156/11578 741/1095/11579
f 684/3588/11580 683/3552/11581 989/3509/11582 991/3538/11583
f 955/912/11584 956/910/11585 954/852/11586 953/834/11587
f 1329/4922/11588 1327/5030/11589 1372/5035/11590 1371/4923/11591
f 2601/2619/11592 2557/2624/11593 2542/2566/11594
f 2601/3019/11595 2542/3012/11596 2540/2971/11597
f 2600/137/11598 2573/194/11599 2560/136/11600
f 2600/2708/11601 2560/2749/11602 2558/2678/11603
f 358/769/11604 354/814/11605 1159/856/11606 1158/811/11607
f 1295/3994/11608 1202/4099/11609 1199/4095/11610 1201/3991/11611
f 2533/86/11612 2602/48/11613 2528/80/11614
f 2533/1281/11615 2528/1282/11616 2527/1267/11617
f 1687/4791/11618 767/4761/11619 1684/4856/11620 1686/4872/11621
f 892/1712/11622 890/1664/11623 1127/1678/11624 1122/1722/11625
f 2602/5199/11626 2603/5221/11627 2604/5202/11628
f 2602/3671/11629 2604/3636/11630 2528/3635/11631
f 2604/5202/11632 2603/5221/11633 2605/5237/11634
f 2604/3636/11635 2605/3677/11636 2606/3640/11637
f 1334/662/11638 1363/678/11639 1362/731/11640 1335/725/11641
f 2444/1409/11642 2465/1339/11643 2463/1342/11644 2462/1414/11645
f 524/3055/11646 521/3127/11647 2559/3139/11648 2561/3053/11649
f 2607/3593/11650 372/3514/11651 371/3530/11652
f 162/3254/11653 1384/3357/11654 1387/3389/11655 158/3301/11656
f 2606/3704/11657 2605/3791/11658 342/3784/11659
f 2606/3640/11660 342/3682/11661 341/3634/11662
f 2605/5043/11663 415/4991/11664 414/4996/11665
f 2605/3791/11666 414/3915/11667 342/3784/11668
f 2605/5237/11669 2603/5221/11670 855/5205/11671
f 2605/5043/11672 855/4975/11673 415/4991/11674
f 892/5073/11675 1122/5098/11676 1121/5152/11677 894/5177/11678
f 2517/594/11679 395/559/11680 394/608/11681
f 554/1413/11682 566/1340/11683 564/1351/11684 565/1420/11685
f 2503/1757/11686 2502/1791/11687 561/1889/11688
f 2503/3848/11689 561/3967/11690 599/3886/11691
f 277/1732/11692 273/1736/11693 321/1846/11694 2608/1844/11695
f 2449/1625/11696 2379/1655/11697 2446/1572/11698 2448/1560/11699
f 1559/3385/11700 1560/3423/11701 1557/3420/11702 1558/3395/11703
f 832/2944/11704 634/2949/11705 501/3029/11706
f 832/2604/11707 501/2529/11708 496/2609/11709
f 825/940/11710 824/886/11711 447/901/11712
f 825/277/11713 447/240/11714 446/313/11715
f 824/886/11716 823/831/11717 448/873/11718
f 824/898/11719 448/917/11720 447/888/11721
f 800/960/11722 331/911/11723 334/923/11724
f 800/2414/11725 334/2322/11726 795/2321/11727
f 468/1459/11728 466/1424/11729 449/1319/11730 452/1374/11731
f 780/259/11732 779/270/11733 385/352/11734
f 780/259/11735 385/352/11736 391/310/11737
f 661/816/11738 662/808/11739 657/872/11740 660/881/11741
f 773/3829/11742 769/3845/11743 768/3844/11744
f 773/4219/11745 768/4124/11746 386/4120/11747
f 738/4140/11748 734/4160/11749 211/4300/11750
f 738/4653/11751 211/4891/11752 208/4845/11753
f 2096/2962/11754 2097/3033/11755 2094/3101/11756 2023/3023/11757
f 248/3088/11758 253/3136/11759 1570/3058/11760 1569/3013/11761
f 566/1340/11762 527/1308/11763 2592/1228/11764 567/1268/11765
f 837/2830/11766 836/2817/11767 1218/2788/11768 840/2785/11769
f 708/161/11770 703/157/11771 702/138/11772
f 699/312/11773 695/278/11774 1/315/11775
f 699/1726/11776 1/1834/11777 10/1796/11778
f 404/4565/11779 403/4538/11780 1238/4611/11781 1236/4625/11782
f 857/4939/11783 858/4919/11784 854/4960/11785 856/4963/11786
f 119/2284/11787 1715/2353/11788 1714/2320/11789 1713/2220/11790
f 648/1839/11791 630/1943/11792 625/1919/11793
f 648/693/11794 625/612/11795 643/589/11796
f 466/2382/11797 468/2455/11798 2546/2486/11799 2547/2443/11800
f 394/608/11801 393/604/11802 2598/652/11803 2524/671/11804
f 2195/3074/11805 2201/3269/11806 2260/3262/11807 2196/3075/11808
f 641/483/11809 640/488/11810 962/415/11811 961/400/11812
f 311/3149/11813 295/3046/11814 314/3016/11815 313/3131/11816
f 873/1772/11817 872/1842/11818 2505/1824/11819 2500/1742/11820
f 151/1240/11821 1421/1272/11822 1418/1248/11823 152/1217/11824
f 2275/267/11825 2276/336/11826 2274/322/11827 2273/262/11828
f 2539/2868/11829 865/2834/11830 2536/2898/11831 2538/2919/11832
f 2013/3035/11833 2014/2965/11834 2010/2909/11835 2009/2993/11836
f 320/2076/11837 299/2091/11838 298/2004/11839 319/2013/11840
f 530/4362/11841 529/4419/11842 492/4433/11843
f 530/4362/11844 492/4433/11845 489/4373/11846
f 162/1177/11847 158/1171/11848 157/1318/11849 161/1286/11850
f 420/820/11851 339/805/11852 342/829/11853
f 420/2543/11854 342/2401/11855 414/2542/11856
f 1592/2629/11857 1593/2634/11858 1591/2574/11859 1590/2561/11860
f 332/1613/11861 204/1708/11862 200/1777/11863
f 332/1529/11864 200/1275/11865 328/1503/11866
f 329/1515/11867 328/1503/11868 200/1275/11869
f 329/4902/11870 200/4595/11871 203/4660/11872
f 635/1196/11873 632/1215/11874 883/1043/11875 885/1067/11876
f 2534/1963/11877 2535/2068/11878 2531/2025/11879 2530/1905/11880
f 162/3254/11881 1381/3196/11882 1383/3295/11883 1384/3357/11884
f 2074/4617/11885 2072/4668/11886 2070/4742/11887 2061/4684/11888
f 173/4241/11889 172/4058/11890 2213/4052/11891 2212/4234/11892
f 386/376/11893 385/352/11894 779/270/11895 773/301/11896
f 321/1846/11897 269/1914/11898 266/1921/11899
f 321/1846/11900 266/1921/11901 2608/1844/11902
f 1730/1975/11903 1731/1901/11904 1729/1892/11905 1728/1981/11906
f 2608/108/11907 266/147/11908 265/114/11909
f 2608/3696/11910 265/3611/11911 282/3621/11912
f 1408/1711/11913 1404/1709/11914 1406/1594/11915 1407/1606/11916
f 2160/2789/11917 31/2845/11918 37/2831/11919 38/2758/11920
f 314/290/11921 295/186/11922 290/199/11923
f 314/3016/11924 290/2953/11925 307/2938/11926
f 2156/1672/11927 10/1796/11928 1/1834/11929 9/1723/11930
f 2309/4201/11931 2310/4204/11932 2308/4125/11933 2307/4117/11934
f 402/2428/11935 401/2458/11936 1286/2476/11937 1288/2442/11938
f 2068/5197/11939 2122/5226/11940 112/5276/11941
f 2068/2248/11942 112/2526/11943 120/2432/11944
f 41/830/11945 40/788/11946 39/776/11947 43/800/11948
f 227/1172/11949 1375/1161/11950 1380/1232/11951
f 227/99/11952 1380/100/11953 221/152/11954
f 1125/5186/11955 1132/5211/11956 1144/5196/11957 1146/5157/11958
f 675/3863/11959 680/3925/11960 681/3938/11961 682/3818/11962
f 19/17/11963 18/40/11964 13/43/11965
f 19/4475/11966 13/4451/11967 11/4416/11968
f 1872/4401/11969 1961/4429/11970 11/4416/11971
f 1872/4401/11972 11/4416/11973 12/4379/11974
f 1/1834/11975 691/1859/11976 687/1862/11977
f 1/1834/11978 687/1862/11979 5/1857/11980
f 14/2803/11981 17/2760/11982 22/2719/11983
f 14/2444/11984 22/2470/11985 25/2335/11986
f 2466/674/11987 2437/703/11988 2436/677/11989
f 2466/674/11990 2436/677/11991 2464/635/11992
f 657/872/11993 662/808/11994 952/818/11995
f 657/872/11996 952/818/11997 658/848/11998
f 665/1783/11999 647/1768/12000 646/1721/12001
f 665/1783/12002 646/1721/12003 666/1715/12004
f 681/3938/12005 680/3925/12006 1013/3964/12007
f 681/3938/12008 1013/3964/12009 685/3984/12010
f 2503/1757/12011 2504/1681/12012 2501/1710/12013 2502/1791/12014
f 2071/1935/12015 2117/1872/12016 2609/1870/12017
f 2071/1935/12018 2609/1870/12019 2069/1887/12020
f 2610/1845/12021 2609/1870/12022 2117/1872/12023
f 2610/1845/12024 2117/1872/12025 2122/1779/12026
f 2068/1797/12027 2067/1861/12028 2610/1845/12029
f 2068/1797/12030 2610/1845/12031 2122/1779/12032
f 1455/2507/12033 1454/2504/12034 2211/2404/12035 220/2424/12036
